[     756ms] [INFO] %cDownload the React DevTools for a better development experience: https://react.dev/link/react-devtools font-weight:bold @ http://localhost:3000/_next/static/chunks/0mm6_next_dist_0.5x6h2._.js:2477
[     812ms] [LOG] [HMR] connected @ http://localhost:3000/_next/static/chunks/0mm6_next_dist_0.5x6h2._.js:2477
[     952ms] [LOG] [Fast Refresh] rebuilding @ http://localhost:3000/_next/static/chunks/0mm6_next_dist_0.5x6h2._.js:2477
[    1978ms] [LOG] [Fast Refresh] done in 1126ms @ http://localhost:3000/_next/static/chunks/0mm6_next_dist_0.5x6h2._.js:2477
[   88100ms] [LOG] [Fast Refresh] rebuilding @ http://localhost:3000/_next/static/chunks/0mm6_next_dist_0.5x6h2._.js:2477
[   88161ms] [LOG] [Fast Refresh] done in 164ms @ http://localhost:3000/_next/static/chunks/0mm6_next_dist_0.5x6h2._.js:2477
[   91136ms] [LOG] [Fast Refresh] rebuilding @ http://localhost:3000/_next/static/chunks/0mm6_next_dist_0.5x6h2._.js:2477
[   91242ms] [LOG] [Fast Refresh] done in 209ms @ http://localhost:3000/_next/static/chunks/0mm6_next_dist_0.5x6h2._.js:2477
[  120577ms] [LOG] [Fast Refresh] rebuilding @ http://localhost:3000/_next/static/chunks/0mm6_next_dist_0.5x6h2._.js:2477
[  120635ms] [LOG] [Fast Refresh] done in 160ms @ http://localhost:3000/_next/static/chunks/0mm6_next_dist_0.5x6h2._.js:2477
[  214971ms] [LOG] [Fast Refresh] rebuilding @ http://localhost:3000/_next/static/chunks/0mm6_next_dist_0.5x6h2._.js:2477
[  214972ms] [LOG] [Fast Refresh] done in 103ms @ http://localhost:3000/_next/static/chunks/0mm6_next_dist_0.5x6h2._.js:2477
[  394406ms] [LOG] [Fast Refresh] rebuilding @ http://localhost:3000/_next/static/chunks/0mm6_next_dist_0.5x6h2._.js:2477
[  394426ms] [LOG] [Fast Refresh] done in 121ms @ http://localhost:3000/_next/static/chunks/0mm6_next_dist_0.5x6h2._.js:2477
[  397443ms] [LOG] [Fast Refresh] rebuilding @ http://localhost:3000/_next/static/chunks/0mm6_next_dist_0.5x6h2._.js:2477
[  397503ms] [LOG] [Fast Refresh] done in 161ms @ http://localhost:3000/_next/static/chunks/0mm6_next_dist_0.5x6h2._.js:2477
[  437767ms] [LOG] [Fast Refresh] rebuilding @ http://localhost:3000/_next/static/chunks/0mm6_next_dist_0.5x6h2._.js:2477
[  440667ms] [LOG] [Fast Refresh] done in 3008ms @ http://localhost:3000/_next/static/chunks/0mm6_next_dist_0.5x6h2._.js:2477
[  440810ms] [LOG] [Fast Refresh] rebuilding @ http://localhost:3000/_next/static/chunks/0mm6_next_dist_0.5x6h2._.js:2477
[  442090ms] [LOG] [Fast Refresh] done in 1382ms @ http://localhost:3000/_next/static/chunks/0mm6_next_dist_0.5x6h2._.js:2477
[  447170ms] [LOG] [Fast Refresh] rebuilding @ http://localhost:3000/_next/static/chunks/0mm6_next_dist_0.5x6h2._.js:2477
[  447274ms] [LOG] [Fast Refresh] done in 208ms @ http://localhost:3000/_next/static/chunks/0mm6_next_dist_0.5x6h2._.js:2477
[  447382ms] [LOG] [Fast Refresh] rebuilding @ http://localhost:3000/_next/static/chunks/0mm6_next_dist_0.5x6h2._.js:2477
[  448369ms] [LOG] [Fast Refresh] done in 1086ms @ http://localhost:3000/_next/static/chunks/0mm6_next_dist_0.5x6h2._.js:2477
[  458526ms] [LOG] [Fast Refresh] rebuilding @ http://localhost:3000/_next/static/chunks/0mm6_next_dist_0.5x6h2._.js:2477
[  458890ms] [LOG] [Fast Refresh] done in 459ms @ http://localhost:3000/_next/static/chunks/0mm6_next_dist_0.5x6h2._.js:2477
[  459208ms] [LOG] [Fast Refresh] rebuilding @ http://localhost:3000/_next/static/chunks/0mm6_next_dist_0.5x6h2._.js:2477
[  459971ms] [LOG] [Fast Refresh] done in 864ms @ http://localhost:3000/_next/static/chunks/0mm6_next_dist_0.5x6h2._.js:2477
[  466336ms] [LOG] [Fast Refresh] rebuilding @ http://localhost:3000/_next/static/chunks/0mm6_next_dist_0.5x6h2._.js:2477
[  467208ms] [ERROR] ./src/components/home/CategoryGrid.tsx:47:9
the name `sectionBg` is defined multiple times
  45 |   const showAccent = config.showAccent !== false
  46 |   const subtitleColor = isDark ? "text-gray-400" : "text-[#4A4A4A]"
> 47 |   const sectionBg = isDark ? "bg-[#1C1C1C]" : (config.bgSection as string || "transparent")
     |         ^^^^^^^^^
  48 |
  49 |   const cardH = CARD_HEIGHT[cardHeight] ?? "h-40"
  50 |   const gridCols = GRID_COLS[columns] ?? "grid-cols-4"

Ecmascript file had an error

Import trace:
  Server Component:
    ./src/components/home/CategoryGrid.tsx
    ./src/app/page.tsx @ http://localhost:3000/_next/static/chunks/0mm6_next_dist_0.5x6h2._.js:3318
[  467209ms] [ERROR] ./src/components/home/CategoryGrid.tsx:46:9
the name `subtitleColor` is defined multiple times
  44 |   const titleAlign = (config.titleAlign as string) || "center"
  45 |   const showAccent = config.showAccent !== false
> 46 |   const subtitleColor = isDark ? "text-gray-400" : "text-[#4A4A4A]"
     |         ^^^^^^^^^^^^^
  47 |   const sectionBg = isDark ? "bg-[#1C1C1C]" : (config.bgSection as string || "transparent")
  48 |
  49 |   const cardH = CARD_HEIGHT[cardHeight] ?? "h-40"

Ecmascript file had an error

Import trace:
  Server Component:
    ./src/components/home/CategoryGrid.tsx
    ./src/app/page.tsx @ http://localhost:3000/_next/static/chunks/0mm6_next_dist_0.5x6h2._.js:3318
[  467330ms] [ERROR] ./src/components/home/CategoryGrid.tsx:47:9
the name `sectionBg` is defined multiple times
  45 |   const showAccent = config.showAccent !== false
  46 |   const subtitleColor = isDark ? "text-gray-400" : "text-[#4A4A4A]"
> 47 |   const sectionBg = isDark ? "bg-[#1C1C1C]" : (config.bgSection as string || "transparent")
     |         ^^^^^^^^^
  48 |
  49 |   const cardH = CARD_HEIGHT[cardHeight] ?? "h-40"
  50 |   const gridCols = GRID_COLS[columns] ?? "grid-cols-4"

Ecmascript file had an error

Import trace:
  Server Component:
    ./src/components/home/CategoryGrid.tsx
    ./src/app/page.tsx @ http://localhost:3000/_next/static/chunks/0mm6_next_dist_0.5x6h2._.js:3318
[  467330ms] [ERROR] ./src/components/home/CategoryGrid.tsx:46:9
the name `subtitleColor` is defined multiple times
  44 |   const titleAlign = (config.titleAlign as string) || "center"
  45 |   const showAccent = config.showAccent !== false
> 46 |   const subtitleColor = isDark ? "text-gray-400" : "text-[#4A4A4A]"
     |         ^^^^^^^^^^^^^
  47 |   const sectionBg = isDark ? "bg-[#1C1C1C]" : (config.bgSection as string || "transparent")
  48 |
  49 |   const cardH = CARD_HEIGHT[cardHeight] ?? "h-40"

Ecmascript file had an error

Import trace:
  Server Component:
    ./src/components/home/CategoryGrid.tsx
    ./src/app/page.tsx @ http://localhost:3000/_next/static/chunks/0mm6_next_dist_0.5x6h2._.js:3318
[  467430ms] [LOG] [Fast Refresh] rebuilding @ http://localhost:3000/_next/static/chunks/0mm6_next_dist_0.5x6h2._.js:2477
[  467731ms] [LOG] [Fast Refresh] rebuilding @ http://localhost:3000/_next/static/chunks/0mm6_next_dist_0.5x6h2._.js:2477
[  468202ms] [ERROR] ./src/components/home/CategoryGrid.tsx:47:9
the name `sectionBg` is defined multiple times
  45 |   const showAccent = config.showAccent !== false
  46 |   const subtitleColor = isDark ? "text-gray-400" : "text-[#4A4A4A]"
> 47 |   const sectionBg = isDark ? "bg-[#1C1C1C]" : (config.bgSection as string || "transparent")
     |         ^^^^^^^^^
  48 |
  49 |   const cardH = CARD_HEIGHT[cardHeight] ?? "h-40"
  50 |   const gridCols = GRID_COLS[columns] ?? "grid-cols-4"

Ecmascript file had an error

Import trace:
  Server Component:
    ./src/components/home/CategoryGrid.tsx
    ./src/app/page.tsx @ http://localhost:3000/_next/static/chunks/0mm6_next_dist_0.5x6h2._.js:3318
[  468202ms] [ERROR] ./src/components/home/CategoryGrid.tsx:46:9
the name `subtitleColor` is defined multiple times
  44 |   const titleAlign = (config.titleAlign as string) || "center"
  45 |   const showAccent = config.showAccent !== false
> 46 |   const subtitleColor = isDark ? "text-gray-400" : "text-[#4A4A4A]"
     |         ^^^^^^^^^^^^^
  47 |   const sectionBg = isDark ? "bg-[#1C1C1C]" : (config.bgSection as string || "transparent")
  48 |
  49 |   const cardH = CARD_HEIGHT[cardHeight] ?? "h-40"

Ecmascript file had an error

Import trace:
  Server Component:
    ./src/components/home/CategoryGrid.tsx
    ./src/app/page.tsx @ http://localhost:3000/_next/static/chunks/0mm6_next_dist_0.5x6h2._.js:3318
[  468218ms] [ERROR] Failed to load resource: the server responded with a status of 500 (Internal Server Error) @ http://localhost:3000/admin/login?callbackUrl=%2Fadmin%2Flanding-builder&_rsc=0XkSDml4_9CIWReN:0
[  468252ms] [ERROR] ./src/components/home/CategoryGrid.tsx:47:9
the name `sectionBg` is defined multiple times
  45 |   const showAccent = config.showAccent !== false
  46 |   const subtitleColor = isDark ? "text-gray-400" : "text-[#4A4A4A]"
> 47 |   const sectionBg = isDark ? "bg-[#1C1C1C]" : (config.bgSection as string || "transparent")
     |         ^^^^^^^^^
  48 |
  49 |   const cardH = CARD_HEIGHT[cardHeight] ?? "h-40"
  50 |   const gridCols = GRID_COLS[columns] ?? "grid-cols-4"

Ecmascript file had an error

Import trace:
  Server Component:
    ./src/components/home/CategoryGrid.tsx
    ./src/app/page.tsx @ http://localhost:3000/_next/static/chunks/0mm6_next_dist_0.5x6h2._.js:3318
[  468252ms] [ERROR] ./src/components/home/CategoryGrid.tsx:46:9
the name `subtitleColor` is defined multiple times
  44 |   const titleAlign = (config.titleAlign as string) || "center"
  45 |   const showAccent = config.showAccent !== false
> 46 |   const subtitleColor = isDark ? "text-gray-400" : "text-[#4A4A4A]"
     |         ^^^^^^^^^^^^^
  47 |   const sectionBg = isDark ? "bg-[#1C1C1C]" : (config.bgSection as string || "transparent")
  48 |
  49 |   const cardH = CARD_HEIGHT[cardHeight] ?? "h-40"

Ecmascript file had an error

Import trace:
  Server Component:
    ./src/components/home/CategoryGrid.tsx
    ./src/app/page.tsx @ http://localhost:3000/_next/static/chunks/0mm6_next_dist_0.5x6h2._.js:3318
[  468317ms] [LOG] [Fast Refresh] rebuilding @ http://localhost:3000/_next/static/chunks/0mm6_next_dist_0.5x6h2._.js:2477
[  468436ms] [ERROR] ./src/components/home/CategoryGrid.tsx:47:9
the name `sectionBg` is defined multiple times
  45 |   const showAccent = config.showAccent !== false
  46 |   const subtitleColor = isDark ? "text-gray-400" : "text-[#4A4A4A]"
> 47 |   const sectionBg = isDark ? "bg-[#1C1C1C]" : (config.bgSection as string || "transparent")
     |         ^^^^^^^^^
  48 |
  49 |   const cardH = CARD_HEIGHT[cardHeight] ?? "h-40"
  50 |   const gridCols = GRID_COLS[columns] ?? "grid-cols-4"

Ecmascript file had an error

Import trace:
  Server Component:
    ./src/components/home/CategoryGrid.tsx
    ./src/app/page.tsx @ http://localhost:3000/_next/static/chunks/0mm6_next_dist_0.5x6h2._.js:3318
[  468437ms] [ERROR] ./src/components/home/CategoryGrid.tsx:46:9
the name `subtitleColor` is defined multiple times
  44 |   const titleAlign = (config.titleAlign as string) || "center"
  45 |   const showAccent = config.showAccent !== false
> 46 |   const subtitleColor = isDark ? "text-gray-400" : "text-[#4A4A4A]"
     |         ^^^^^^^^^^^^^
  47 |   const sectionBg = isDark ? "bg-[#1C1C1C]" : (config.bgSection as string || "transparent")
  48 |
  49 |   const cardH = CARD_HEIGHT[cardHeight] ?? "h-40"

Ecmascript file had an error

Import trace:
  Server Component:
    ./src/components/home/CategoryGrid.tsx
    ./src/app/page.tsx @ http://localhost:3000/_next/static/chunks/0mm6_next_dist_0.5x6h2._.js:3318
[  468470ms] [LOG] [Fast Refresh] rebuilding @ http://localhost:3000/_next/static/chunks/0mm6_next_dist_0.5x6h2._.js:2477
[  468593ms] [ERROR] Failed to load resource: the server responded with a status of 500 (Internal Server Error) @ http://localhost:3000/admin/login?callbackUrl=%2Fadmin%2Flanding-builder:0
[  468815ms] [INFO] %cDownload the React DevTools for a better development experience: https://react.dev/link/react-devtools font-weight:bold @ http://localhost:3000/_next/static/chunks/0p2h_react-dom_0vsf22y._.js:15305
[  468871ms] Error: ./src/components/home/CategoryGrid.tsx:47:9
the name `sectionBg` is defined multiple times
  45 |   const showAccent = config.showAccent !== false
  46 |   const subtitleColor = isDark ? "text-gray-400" : "text-[#4A4A4A]"
> 47 |   const sectionBg = isDark ? "bg-[#1C1C1C]" : (config.bgSection as string || "transparent")
     |         ^^^^^^^^^
  48 |
  49 |   const cardH = CARD_HEIGHT[cardHeight] ?? "h-40"
  50 |   const gridCols = GRID_COLS[columns] ?? "grid-cols-4"

Ecmascript file had an error

Import trace:
  Server Component:
    ./src/components/home/CategoryGrid.tsx
    ./src/app/page.tsx


    at <unknown> (Error: ./src/components/home/CategoryGrid.tsx:47:9)
    at Object.getCompilationErrors (file:///Users/andres/Documents/Asygnuz/one-star/node_modules/.pnpm/next@16.2.6_@babel+core@7.29.7_@opentelemetry+api@1.9.1_@playwright+test@1.61.1_react-d_2287c2fed37900450333ac24d06100d9/node_modules/next/dist/server/dev/hot-reloader-turbopack.js:1186:59)
    at DevBundlerService.getCompilationError (file:///Users/andres/Documents/Asygnuz/one-star/node_modules/.pnpm/next@16.2.6_@babel+core@7.29.7_@opentelemetry+api@1.9.1_@playwright+test@1.61.1_react-d_2287c2fed37900450333ac24d06100d9/node_modules/next/dist/server/lib/dev-bundler-service.js:44:55)
    at DevServer.getCompilationError (file:///Users/andres/Documents/Asygnuz/one-star/node_modules/.pnpm/next@16.2.6_@babel+core@7.29.7_@opentelemetry+api@1.9.1_@playwright+test@1.61.1_react-d_2287c2fed37900450333ac24d06100d9/node_modules/next/dist/server/dev/next-dev-server.js:720:42)
    at DevServer.findPageComponents (file:///Users/andres/Documents/Asygnuz/one-star/node_modules/.pnpm/next@16.2.6_@babel+core@7.29.7_@opentelemetry+api@1.9.1_@playwright+test@1.61.1_react-d_2287c2fed37900450333ac24d06100d9/node_modules/next/dist/server/dev/next-dev-server.js:690:43)
    at async DevServer.renderErrorToResponseImpl (file:///Users/andres/Documents/Asygnuz/one-star/node_modules/.pnpm/next@16.2.6_@babel+core@7.29.7_@opentelemetry+api@1.9.1_@playwright+test@1.61.1_react-d_2287c2fed37900450333ac24d06100d9/node_modules/next/dist/server/base-server.js:1753:26)
[  468868ms] [LOG] [HMR] connected @ http://localhost:3000/_next/static/chunks/0mm6_next_dist_0wb--n-._.js:1226
[  468871ms] [ERROR] ./src/components/home/CategoryGrid.tsx:47:9
the name `sectionBg` is defined multiple times
  45 |   const showAccent = config.showAccent !== false
  46 |   const subtitleColor = isDark ? "text-gray-400" : "text-[#4A4A4A]"
> 47 |   const sectionBg = isDark ? "bg-[#1C1C1C]" : (config.bgSection as string || "transparent")
     |         ^^^^^^^^^
  48 |
  49 |   const cardH = CARD_HEIGHT[cardHeight] ?? "h-40"
  50 |   const gridCols = GRID_COLS[columns] ?? "grid-cols-4"

Ecmascript file had an error

Import trace:
  Server Component:
    ./src/components/home/CategoryGrid.tsx
    ./src/app/page.tsx @ http://localhost:3000/_next/static/chunks/0mm6_next_dist_0wb--n-._.js:1945
[  468871ms] [ERROR] ./src/components/home/CategoryGrid.tsx:46:9
the name `subtitleColor` is defined multiple times
  44 |   const titleAlign = (config.titleAlign as string) || "center"
  45 |   const showAccent = config.showAccent !== false
> 46 |   const subtitleColor = isDark ? "text-gray-400" : "text-[#4A4A4A]"
     |         ^^^^^^^^^^^^^
  47 |   const sectionBg = isDark ? "bg-[#1C1C1C]" : (config.bgSection as string || "transparent")
  48 |
  49 |   const cardH = CARD_HEIGHT[cardHeight] ?? "h-40"

Ecmascript file had an error

Import trace:
  Server Component:
    ./src/components/home/CategoryGrid.tsx
    ./src/app/page.tsx @ http://localhost:3000/_next/static/chunks/0mm6_next_dist_0wb--n-._.js:1945
[  468923ms] [ERROR] ./src/components/home/CategoryGrid.tsx:47:9
the name `sectionBg` is defined multiple times
  45 |   const showAccent = config.showAccent !== false
  46 |   const subtitleColor = isDark ? "text-gray-400" : "text-[#4A4A4A]"
> 47 |   const sectionBg = isDark ? "bg-[#1C1C1C]" : (config.bgSection as string || "transparent")
     |         ^^^^^^^^^
  48 |
  49 |   const cardH = CARD_HEIGHT[cardHeight] ?? "h-40"
  50 |   const gridCols = GRID_COLS[columns] ?? "grid-cols-4"

Ecmascript file had an error

Import trace:
  Server Component:
    ./src/components/home/CategoryGrid.tsx
    ./src/app/page.tsx @ http://localhost:3000/_next/static/chunks/0mm6_next_dist_0wb--n-._.js:1945
[  468923ms] [ERROR] ./src/components/home/CategoryGrid.tsx:46:9
the name `subtitleColor` is defined multiple times
  44 |   const titleAlign = (config.titleAlign as string) || "center"
  45 |   const showAccent = config.showAccent !== false
> 46 |   const subtitleColor = isDark ? "text-gray-400" : "text-[#4A4A4A]"
     |         ^^^^^^^^^^^^^
  47 |   const sectionBg = isDark ? "bg-[#1C1C1C]" : (config.bgSection as string || "transparent")
  48 |
  49 |   const cardH = CARD_HEIGHT[cardHeight] ?? "h-40"

Ecmascript file had an error

Import trace:
  Server Component:
    ./src/components/home/CategoryGrid.tsx
    ./src/app/page.tsx @ http://localhost:3000/_next/static/chunks/0mm6_next_dist_0wb--n-._.js:1945
[  480342ms] [LOG] [Fast Refresh] rebuilding @ http://localhost:3000/_next/static/chunks/0mm6_next_dist_0wb--n-._.js:1226
[  480765ms] [ERROR] ./src/components/home/CategoryGrid.tsx:47:9
the name `sectionBg` is defined multiple times
  45 |   const showAccent = config.showAccent !== false
  46 |   const subtitleColor = isDark ? "text-gray-400" : "text-[#4A4A4A]"
> 47 |   const sectionBg = isDark ? "bg-[#1C1C1C]" : (config.bgSection as string || "transparent")
     |         ^^^^^^^^^
  48 |
  49 |   const cardH = CARD_HEIGHT[cardHeight] ?? "h-40"
  50 |   const gridCols = GRID_COLS[columns] ?? "grid-cols-4"

Ecmascript file had an error

Import trace:
  Server Component:
    ./src/components/home/CategoryGrid.tsx
    ./src/app/page.tsx @ http://localhost:3000/_next/static/chunks/0mm6_next_dist_0wb--n-._.js:1945
[  480766ms] [ERROR] ./src/components/home/CategoryGrid.tsx:46:9
the name `subtitleColor` is defined multiple times
  44 |   const titleAlign = (config.titleAlign as string) || "center"
  45 |   const showAccent = config.showAccent !== false
> 46 |   const subtitleColor = isDark ? "text-gray-400" : "text-[#4A4A4A]"
     |         ^^^^^^^^^^^^^
  47 |   const sectionBg = isDark ? "bg-[#1C1C1C]" : (config.bgSection as string || "transparent")
  48 |
  49 |   const cardH = CARD_HEIGHT[cardHeight] ?? "h-40"

Ecmascript file had an error

Import trace:
  Server Component:
    ./src/components/home/CategoryGrid.tsx
    ./src/app/page.tsx @ http://localhost:3000/_next/static/chunks/0mm6_next_dist_0wb--n-._.js:1945
[  481035ms] [ERROR] Failed to load resource: the server responded with a status of 500 (Internal Server Error) @ http://localhost:3000/admin/login?callbackUrl=%2Fadmin%2Flanding-builder:0
[  481118ms] [INFO] %cDownload the React DevTools for a better development experience: https://react.dev/link/react-devtools font-weight:bold @ http://localhost:3000/_next/static/chunks/0p2h_react-dom_0vsf22y._.js:15305
[  481132ms] Error: ./src/components/home/CategoryGrid.tsx:47:9
the name `sectionBg` is defined multiple times
  45 |   const showAccent = config.showAccent !== false
  46 |   const subtitleColor = isDark ? "text-gray-400" : "text-[#4A4A4A]"
> 47 |   const sectionBg = isDark ? "bg-[#1C1C1C]" : (config.bgSection as string || "transparent")
     |         ^^^^^^^^^
  48 |
  49 |   const cardH = CARD_HEIGHT[cardHeight] ?? "h-40"
  50 |   const gridCols = GRID_COLS[columns] ?? "grid-cols-4"

Ecmascript file had an error

Import trace:
  Server Component:
    ./src/components/home/CategoryGrid.tsx
    ./src/app/page.tsx


    at <unknown> (Error: ./src/components/home/CategoryGrid.tsx:47:9)
    at Object.getCompilationErrors (file:///Users/andres/Documents/Asygnuz/one-star/node_modules/.pnpm/next@16.2.6_@babel+core@7.29.7_@opentelemetry+api@1.9.1_@playwright+test@1.61.1_react-d_2287c2fed37900450333ac24d06100d9/node_modules/next/dist/server/dev/hot-reloader-turbopack.js:1186:59)
    at DevBundlerService.getCompilationError (file:///Users/andres/Documents/Asygnuz/one-star/node_modules/.pnpm/next@16.2.6_@babel+core@7.29.7_@opentelemetry+api@1.9.1_@playwright+test@1.61.1_react-d_2287c2fed37900450333ac24d06100d9/node_modules/next/dist/server/lib/dev-bundler-service.js:44:55)
    at DevServer.getCompilationError (file:///Users/andres/Documents/Asygnuz/one-star/node_modules/.pnpm/next@16.2.6_@babel+core@7.29.7_@opentelemetry+api@1.9.1_@playwright+test@1.61.1_react-d_2287c2fed37900450333ac24d06100d9/node_modules/next/dist/server/dev/next-dev-server.js:720:42)
    at DevServer.findPageComponents (file:///Users/andres/Documents/Asygnuz/one-star/node_modules/.pnpm/next@16.2.6_@babel+core@7.29.7_@opentelemetry+api@1.9.1_@playwright+test@1.61.1_react-d_2287c2fed37900450333ac24d06100d9/node_modules/next/dist/server/dev/next-dev-server.js:690:43)
    at async DevServer.renderErrorToResponseImpl (file:///Users/andres/Documents/Asygnuz/one-star/node_modules/.pnpm/next@16.2.6_@babel+core@7.29.7_@opentelemetry+api@1.9.1_@playwright+test@1.61.1_react-d_2287c2fed37900450333ac24d06100d9/node_modules/next/dist/server/base-server.js:1753:26)
[  481139ms] [LOG] [HMR] connected @ http://localhost:3000/_next/static/chunks/0mm6_next_dist_0wb--n-._.js:1226
[  481165ms] [ERROR] ./src/components/home/CategoryGrid.tsx:47:9
the name `sectionBg` is defined multiple times
  45 |   const showAccent = config.showAccent !== false
  46 |   const subtitleColor = isDark ? "text-gray-400" : "text-[#4A4A4A]"
> 47 |   const sectionBg = isDark ? "bg-[#1C1C1C]" : (config.bgSection as string || "transparent")
     |         ^^^^^^^^^
  48 |
  49 |   const cardH = CARD_HEIGHT[cardHeight] ?? "h-40"
  50 |   const gridCols = GRID_COLS[columns] ?? "grid-cols-4"

Ecmascript file had an error

Import trace:
  Server Component:
    ./src/components/home/CategoryGrid.tsx
    ./src/app/page.tsx @ http://localhost:3000/_next/static/chunks/0mm6_next_dist_0wb--n-._.js:1945
[  481165ms] [ERROR] ./src/components/home/CategoryGrid.tsx:46:9
the name `subtitleColor` is defined multiple times
  44 |   const titleAlign = (config.titleAlign as string) || "center"
  45 |   const showAccent = config.showAccent !== false
> 46 |   const subtitleColor = isDark ? "text-gray-400" : "text-[#4A4A4A]"
     |         ^^^^^^^^^^^^^
  47 |   const sectionBg = isDark ? "bg-[#1C1C1C]" : (config.bgSection as string || "transparent")
  48 |
  49 |   const cardH = CARD_HEIGHT[cardHeight] ?? "h-40"

Ecmascript file had an error

Import trace:
  Server Component:
    ./src/components/home/CategoryGrid.tsx
    ./src/app/page.tsx @ http://localhost:3000/_next/static/chunks/0mm6_next_dist_0wb--n-._.js:1945
[  481198ms] [ERROR] ./src/components/home/CategoryGrid.tsx:47:9
the name `sectionBg` is defined multiple times
  45 |   const showAccent = config.showAccent !== false
  46 |   const subtitleColor = isDark ? "text-gray-400" : "text-[#4A4A4A]"
> 47 |   const sectionBg = isDark ? "bg-[#1C1C1C]" : (config.bgSection as string || "transparent")
     |         ^^^^^^^^^
  48 |
  49 |   const cardH = CARD_HEIGHT[cardHeight] ?? "h-40"
  50 |   const gridCols = GRID_COLS[columns] ?? "grid-cols-4"

Ecmascript file had an error

Import trace:
  Server Component:
    ./src/components/home/CategoryGrid.tsx
    ./src/app/page.tsx @ http://localhost:3000/_next/static/chunks/0mm6_next_dist_0wb--n-._.js:1945
[  481198ms] [ERROR] ./src/components/home/CategoryGrid.tsx:46:9
the name `subtitleColor` is defined multiple times
  44 |   const titleAlign = (config.titleAlign as string) || "center"
  45 |   const showAccent = config.showAccent !== false
> 46 |   const subtitleColor = isDark ? "text-gray-400" : "text-[#4A4A4A]"
     |         ^^^^^^^^^^^^^
  47 |   const sectionBg = isDark ? "bg-[#1C1C1C]" : (config.bgSection as string || "transparent")
  48 |
  49 |   const cardH = CARD_HEIGHT[cardHeight] ?? "h-40"

Ecmascript file had an error

Import trace:
  Server Component:
    ./src/components/home/CategoryGrid.tsx
    ./src/app/page.tsx @ http://localhost:3000/_next/static/chunks/0mm6_next_dist_0wb--n-._.js:1945
[  481260ms] [LOG] [Fast Refresh] rebuilding @ http://localhost:3000/_next/static/chunks/0mm6_next_dist_0wb--n-._.js:1226
[  481345ms] [ERROR] ./src/components/home/CategoryGrid.tsx:47:9
the name `sectionBg` is defined multiple times
  45 |   const showAccent = config.showAccent !== false
  46 |   const subtitleColor = isDark ? "text-gray-400" : "text-[#4A4A4A]"
> 47 |   const sectionBg = isDark ? "bg-[#1C1C1C]" : (config.bgSection as string || "transparent")
     |         ^^^^^^^^^
  48 |
  49 |   const cardH = CARD_HEIGHT[cardHeight] ?? "h-40"
  50 |   const gridCols = GRID_COLS[columns] ?? "grid-cols-4"

Ecmascript file had an error

Import trace:
  Server Component:
    ./src/components/home/CategoryGrid.tsx
    ./src/app/page.tsx @ http://localhost:3000/_next/static/chunks/0mm6_next_dist_0wb--n-._.js:1945
[  481345ms] [ERROR] ./src/components/home/CategoryGrid.tsx:46:9
the name `subtitleColor` is defined multiple times
  44 |   const titleAlign = (config.titleAlign as string) || "center"
  45 |   const showAccent = config.showAccent !== false
> 46 |   const subtitleColor = isDark ? "text-gray-400" : "text-[#4A4A4A]"
     |         ^^^^^^^^^^^^^
  47 |   const sectionBg = isDark ? "bg-[#1C1C1C]" : (config.bgSection as string || "transparent")
  48 |
  49 |   const cardH = CARD_HEIGHT[cardHeight] ?? "h-40"

Ecmascript file had an error

Import trace:
  Server Component:
    ./src/components/home/CategoryGrid.tsx
    ./src/app/page.tsx @ http://localhost:3000/_next/static/chunks/0mm6_next_dist_0wb--n-._.js:1945
[  481381ms] [ERROR] ./src/components/home/CategoryGrid.tsx:47:9
the name `sectionBg` is defined multiple times
  45 |   const showAccent = config.showAccent !== false
  46 |   const subtitleColor = isDark ? "text-gray-400" : "text-[#4A4A4A]"
> 47 |   const sectionBg = isDark ? "bg-[#1C1C1C]" : (config.bgSection as string || "transparent")
     |         ^^^^^^^^^
  48 |
  49 |   const cardH = CARD_HEIGHT[cardHeight] ?? "h-40"
  50 |   const gridCols = GRID_COLS[columns] ?? "grid-cols-4"

Ecmascript file had an error

Import trace:
  Server Component:
    ./src/components/home/CategoryGrid.tsx
    ./src/app/page.tsx @ http://localhost:3000/_next/static/chunks/0mm6_next_dist_0wb--n-._.js:1945
[  481381ms] [ERROR] ./src/components/home/CategoryGrid.tsx:46:9
the name `subtitleColor` is defined multiple times
  44 |   const titleAlign = (config.titleAlign as string) || "center"
  45 |   const showAccent = config.showAccent !== false
> 46 |   const subtitleColor = isDark ? "text-gray-400" : "text-[#4A4A4A]"
     |         ^^^^^^^^^^^^^
  47 |   const sectionBg = isDark ? "bg-[#1C1C1C]" : (config.bgSection as string || "transparent")
  48 |
  49 |   const cardH = CARD_HEIGHT[cardHeight] ?? "h-40"

Ecmascript file had an error

Import trace:
  Server Component:
    ./src/components/home/CategoryGrid.tsx
    ./src/app/page.tsx @ http://localhost:3000/_next/static/chunks/0mm6_next_dist_0wb--n-._.js:1945
[  481449ms] [LOG] [Fast Refresh] rebuilding @ http://localhost:3000/_next/static/chunks/0mm6_next_dist_0wb--n-._.js:1226
[  481490ms] [ERROR] ./src/components/home/CategoryGrid.tsx:47:9
the name `sectionBg` is defined multiple times
  45 |   const showAccent = config.showAccent !== false
  46 |   const subtitleColor = isDark ? "text-gray-400" : "text-[#4A4A4A]"
> 47 |   const sectionBg = isDark ? "bg-[#1C1C1C]" : (config.bgSection as string || "transparent")
     |         ^^^^^^^^^
  48 |
  49 |   const cardH = CARD_HEIGHT[cardHeight] ?? "h-40"
  50 |   const gridCols = GRID_COLS[columns] ?? "grid-cols-4"

Ecmascript file had an error

Import trace:
  Server Component:
    ./src/components/home/CategoryGrid.tsx
    ./src/app/page.tsx @ http://localhost:3000/_next/static/chunks/0mm6_next_dist_0wb--n-._.js:1945
[  481490ms] [ERROR] ./src/components/home/CategoryGrid.tsx:46:9
the name `subtitleColor` is defined multiple times
  44 |   const titleAlign = (config.titleAlign as string) || "center"
  45 |   const showAccent = config.showAccent !== false
> 46 |   const subtitleColor = isDark ? "text-gray-400" : "text-[#4A4A4A]"
     |         ^^^^^^^^^^^^^
  47 |   const sectionBg = isDark ? "bg-[#1C1C1C]" : (config.bgSection as string || "transparent")
  48 |
  49 |   const cardH = CARD_HEIGHT[cardHeight] ?? "h-40"

Ecmascript file had an error

Import trace:
  Server Component:
    ./src/components/home/CategoryGrid.tsx
    ./src/app/page.tsx @ http://localhost:3000/_next/static/chunks/0mm6_next_dist_0wb--n-._.js:1945
[  481558ms] [LOG] [Fast Refresh] rebuilding @ http://localhost:3000/_next/static/chunks/0mm6_next_dist_0wb--n-._.js:1226
[  489616ms] [LOG] [Fast Refresh] rebuilding @ http://localhost:3000/_next/static/chunks/0mm6_next_dist_0wb--n-._.js:1226
[  489942ms] [ERROR] ./src/components/home/CategoryGrid.tsx:47:9
the name `sectionBg` is defined multiple times
  45 |   const showAccent = config.showAccent !== false
  46 |   const subtitleColor = isDark ? "text-gray-400" : "text-[#4A4A4A]"
> 47 |   const sectionBg = isDark ? "bg-[#1C1C1C]" : (config.bgSection as string || "transparent")
     |         ^^^^^^^^^
  48 |
  49 |   const cardH = CARD_HEIGHT[cardHeight] ?? "h-40"
  50 |   const gridCols = GRID_COLS[columns] ?? "grid-cols-4"

Ecmascript file had an error

Import trace:
  Server Component:
    ./src/components/home/CategoryGrid.tsx
    ./src/app/page.tsx @ http://localhost:3000/_next/static/chunks/0mm6_next_dist_0wb--n-._.js:1945
[  489942ms] [ERROR] ./src/components/home/CategoryGrid.tsx:46:9
the name `subtitleColor` is defined multiple times
  44 |   const titleAlign = (config.titleAlign as string) || "center"
  45 |   const showAccent = config.showAccent !== false
> 46 |   const subtitleColor = isDark ? "text-gray-400" : "text-[#4A4A4A]"
     |         ^^^^^^^^^^^^^
  47 |   const sectionBg = isDark ? "bg-[#1C1C1C]" : (config.bgSection as string || "transparent")
  48 |
  49 |   const cardH = CARD_HEIGHT[cardHeight] ?? "h-40"

Ecmascript file had an error

Import trace:
  Server Component:
    ./src/components/home/CategoryGrid.tsx
    ./src/app/page.tsx @ http://localhost:3000/_next/static/chunks/0mm6_next_dist_0wb--n-._.js:1945
[  490218ms] [LOG] [Fast Refresh] rebuilding @ http://localhost:3000/_next/static/chunks/0mm6_next_dist_0wb--n-._.js:1226
[  490292ms] [ERROR] ./src/components/home/CategoryGrid.tsx:47:9
the name `sectionBg` is defined multiple times
  45 |   const showAccent = config.showAccent !== false
  46 |   const subtitleColor = isDark ? "text-gray-400" : "text-[#4A4A4A]"
> 47 |   const sectionBg = isDark ? "bg-[#1C1C1C]" : (config.bgSection as string || "transparent")
     |         ^^^^^^^^^
  48 |
  49 |   const cardH = CARD_HEIGHT[cardHeight] ?? "h-40"
  50 |   const gridCols = GRID_COLS[columns] ?? "grid-cols-4"

Ecmascript file had an error

Import trace:
  Server Component:
    ./src/components/home/CategoryGrid.tsx
    ./src/app/page.tsx @ http://localhost:3000/_next/static/chunks/0mm6_next_dist_0wb--n-._.js:1945
[  490292ms] [ERROR] ./src/components/home/CategoryGrid.tsx:46:9
the name `subtitleColor` is defined multiple times
  44 |   const titleAlign = (config.titleAlign as string) || "center"
  45 |   const showAccent = config.showAccent !== false
> 46 |   const subtitleColor = isDark ? "text-gray-400" : "text-[#4A4A4A]"
     |         ^^^^^^^^^^^^^
  47 |   const sectionBg = isDark ? "bg-[#1C1C1C]" : (config.bgSection as string || "transparent")
  48 |
  49 |   const cardH = CARD_HEIGHT[cardHeight] ?? "h-40"

Ecmascript file had an error

Import trace:
  Server Component:
    ./src/components/home/CategoryGrid.tsx
    ./src/app/page.tsx @ http://localhost:3000/_next/static/chunks/0mm6_next_dist_0wb--n-._.js:1945
[  490340ms] [ERROR] ./src/components/home/CategoryGrid.tsx:47:9
the name `sectionBg` is defined multiple times
  45 |   const showAccent = config.showAccent !== false
  46 |   const subtitleColor = isDark ? "text-gray-400" : "text-[#4A4A4A]"
> 47 |   const sectionBg = isDark ? "bg-[#1C1C1C]" : (config.bgSection as string || "transparent")
     |         ^^^^^^^^^
  48 |
  49 |   const cardH = CARD_HEIGHT[cardHeight] ?? "h-40"
  50 |   const gridCols = GRID_COLS[columns] ?? "grid-cols-4"

Ecmascript file had an error

Import trace:
  Server Component:
    ./src/components/home/CategoryGrid.tsx
    ./src/app/page.tsx @ http://localhost:3000/_next/static/chunks/0mm6_next_dist_0wb--n-._.js:1945
[  490340ms] [ERROR] ./src/components/home/CategoryGrid.tsx:46:9
the name `subtitleColor` is defined multiple times
  44 |   const titleAlign = (config.titleAlign as string) || "center"
  45 |   const showAccent = config.showAccent !== false
> 46 |   const subtitleColor = isDark ? "text-gray-400" : "text-[#4A4A4A]"
     |         ^^^^^^^^^^^^^
  47 |   const sectionBg = isDark ? "bg-[#1C1C1C]" : (config.bgSection as string || "transparent")
  48 |
  49 |   const cardH = CARD_HEIGHT[cardHeight] ?? "h-40"

Ecmascript file had an error

Import trace:
  Server Component:
    ./src/components/home/CategoryGrid.tsx
    ./src/app/page.tsx @ http://localhost:3000/_next/static/chunks/0mm6_next_dist_0wb--n-._.js:1945
[  490442ms] [LOG] [Fast Refresh] rebuilding @ http://localhost:3000/_next/static/chunks/0mm6_next_dist_0wb--n-._.js:1226
[  490462ms] [ERROR] ./src/components/home/CategoryGrid.tsx:47:9
the name `sectionBg` is defined multiple times
  45 |   const showAccent = config.showAccent !== false
  46 |   const subtitleColor = isDark ? "text-gray-400" : "text-[#4A4A4A]"
> 47 |   const sectionBg = isDark ? "bg-[#1C1C1C]" : (config.bgSection as string || "transparent")
     |         ^^^^^^^^^
  48 |
  49 |   const cardH = CARD_HEIGHT[cardHeight] ?? "h-40"
  50 |   const gridCols = GRID_COLS[columns] ?? "grid-cols-4"

Ecmascript file had an error

Import trace:
  Server Component:
    ./src/components/home/CategoryGrid.tsx
    ./src/app/page.tsx @ http://localhost:3000/_next/static/chunks/0mm6_next_dist_0wb--n-._.js:1945
[  490463ms] [ERROR] ./src/components/home/CategoryGrid.tsx:46:9
the name `subtitleColor` is defined multiple times
  44 |   const titleAlign = (config.titleAlign as string) || "center"
  45 |   const showAccent = config.showAccent !== false
> 46 |   const subtitleColor = isDark ? "text-gray-400" : "text-[#4A4A4A]"
     |         ^^^^^^^^^^^^^
  47 |   const sectionBg = isDark ? "bg-[#1C1C1C]" : (config.bgSection as string || "transparent")
  48 |
  49 |   const cardH = CARD_HEIGHT[cardHeight] ?? "h-40"

Ecmascript file had an error

Import trace:
  Server Component:
    ./src/components/home/CategoryGrid.tsx
    ./src/app/page.tsx @ http://localhost:3000/_next/static/chunks/0mm6_next_dist_0wb--n-._.js:1945
[  490497ms] [ERROR] Failed to load resource: the server responded with a status of 500 (Internal Server Error) @ http://localhost:3000/admin/login?callbackUrl=%2Fadmin%2Flanding-builder:0
[  490745ms] [INFO] %cDownload the React DevTools for a better development experience: https://react.dev/link/react-devtools font-weight:bold @ http://localhost:3000/_next/static/chunks/0p2h_react-dom_0vsf22y._.js:15305
[  490793ms] Error: ./src/components/home/CategoryGrid.tsx:47:9
the name `sectionBg` is defined multiple times
  45 |   const showAccent = config.showAccent !== false
  46 |   const subtitleColor = isDark ? "text-gray-400" : "text-[#4A4A4A]"
> 47 |   const sectionBg = isDark ? "bg-[#1C1C1C]" : (config.bgSection as string || "transparent")
     |         ^^^^^^^^^
  48 |
  49 |   const cardH = CARD_HEIGHT[cardHeight] ?? "h-40"
  50 |   const gridCols = GRID_COLS[columns] ?? "grid-cols-4"

Ecmascript file had an error

Import trace:
  Server Component:
    ./src/components/home/CategoryGrid.tsx
    ./src/app/page.tsx


    at <unknown> (Error: ./src/components/home/CategoryGrid.tsx:47:9)
    at Object.getCompilationErrors (file:///Users/andres/Documents/Asygnuz/one-star/node_modules/.pnpm/next@16.2.6_@babel+core@7.29.7_@opentelemetry+api@1.9.1_@playwright+test@1.61.1_react-d_2287c2fed37900450333ac24d06100d9/node_modules/next/dist/server/dev/hot-reloader-turbopack.js:1186:59)
    at DevBundlerService.getCompilationError (file:///Users/andres/Documents/Asygnuz/one-star/node_modules/.pnpm/next@16.2.6_@babel+core@7.29.7_@opentelemetry+api@1.9.1_@playwright+test@1.61.1_react-d_2287c2fed37900450333ac24d06100d9/node_modules/next/dist/server/lib/dev-bundler-service.js:44:55)
    at DevServer.getCompilationError (file:///Users/andres/Documents/Asygnuz/one-star/node_modules/.pnpm/next@16.2.6_@babel+core@7.29.7_@opentelemetry+api@1.9.1_@playwright+test@1.61.1_react-d_2287c2fed37900450333ac24d06100d9/node_modules/next/dist/server/dev/next-dev-server.js:720:42)
    at DevServer.findPageComponents (file:///Users/andres/Documents/Asygnuz/one-star/node_modules/.pnpm/next@16.2.6_@babel+core@7.29.7_@opentelemetry+api@1.9.1_@playwright+test@1.61.1_react-d_2287c2fed37900450333ac24d06100d9/node_modules/next/dist/server/dev/next-dev-server.js:690:43)
    at async DevServer.renderErrorToResponseImpl (file:///Users/andres/Documents/Asygnuz/one-star/node_modules/.pnpm/next@16.2.6_@babel+core@7.29.7_@opentelemetry+api@1.9.1_@playwright+test@1.61.1_react-d_2287c2fed37900450333ac24d06100d9/node_modules/next/dist/server/base-server.js:1753:26)
[  490832ms] [LOG] [HMR] connected @ http://localhost:3000/_next/static/chunks/0mm6_next_dist_0wb--n-._.js:1226
[  490878ms] [ERROR] ./src/components/home/CategoryGrid.tsx:47:9
the name `sectionBg` is defined multiple times
  45 |   const showAccent = config.showAccent !== false
  46 |   const subtitleColor = isDark ? "text-gray-400" : "text-[#4A4A4A]"
> 47 |   const sectionBg = isDark ? "bg-[#1C1C1C]" : (config.bgSection as string || "transparent")
     |         ^^^^^^^^^
  48 |
  49 |   const cardH = CARD_HEIGHT[cardHeight] ?? "h-40"
  50 |   const gridCols = GRID_COLS[columns] ?? "grid-cols-4"

Ecmascript file had an error

Import trace:
  Server Component:
    ./src/components/home/CategoryGrid.tsx
    ./src/app/page.tsx @ http://localhost:3000/_next/static/chunks/0mm6_next_dist_0wb--n-._.js:1945
[  490878ms] [ERROR] ./src/components/home/CategoryGrid.tsx:46:9
the name `subtitleColor` is defined multiple times
  44 |   const titleAlign = (config.titleAlign as string) || "center"
  45 |   const showAccent = config.showAccent !== false
> 46 |   const subtitleColor = isDark ? "text-gray-400" : "text-[#4A4A4A]"
     |         ^^^^^^^^^^^^^
  47 |   const sectionBg = isDark ? "bg-[#1C1C1C]" : (config.bgSection as string || "transparent")
  48 |
  49 |   const cardH = CARD_HEIGHT[cardHeight] ?? "h-40"

Ecmascript file had an error

Import trace:
  Server Component:
    ./src/components/home/CategoryGrid.tsx
    ./src/app/page.tsx @ http://localhost:3000/_next/static/chunks/0mm6_next_dist_0wb--n-._.js:1945
[  490911ms] [ERROR] ./src/components/home/CategoryGrid.tsx:47:9
the name `sectionBg` is defined multiple times
  45 |   const showAccent = config.showAccent !== false
  46 |   const subtitleColor = isDark ? "text-gray-400" : "text-[#4A4A4A]"
> 47 |   const sectionBg = isDark ? "bg-[#1C1C1C]" : (config.bgSection as string || "transparent")
     |         ^^^^^^^^^
  48 |
  49 |   const cardH = CARD_HEIGHT[cardHeight] ?? "h-40"
  50 |   const gridCols = GRID_COLS[columns] ?? "grid-cols-4"

Ecmascript file had an error

Import trace:
  Server Component:
    ./src/components/home/CategoryGrid.tsx
    ./src/app/page.tsx @ http://localhost:3000/_next/static/chunks/0mm6_next_dist_0wb--n-._.js:1945
[  490911ms] [ERROR] ./src/components/home/CategoryGrid.tsx:46:9
the name `subtitleColor` is defined multiple times
  44 |   const titleAlign = (config.titleAlign as string) || "center"
  45 |   const showAccent = config.showAccent !== false
> 46 |   const subtitleColor = isDark ? "text-gray-400" : "text-[#4A4A4A]"
     |         ^^^^^^^^^^^^^
  47 |   const sectionBg = isDark ? "bg-[#1C1C1C]" : (config.bgSection as string || "transparent")
  48 |
  49 |   const cardH = CARD_HEIGHT[cardHeight] ?? "h-40"

Ecmascript file had an error

Import trace:
  Server Component:
    ./src/components/home/CategoryGrid.tsx
    ./src/app/page.tsx @ http://localhost:3000/_next/static/chunks/0mm6_next_dist_0wb--n-._.js:1945
[  490941ms] [LOG] [Fast Refresh] rebuilding @ http://localhost:3000/_next/static/chunks/0mm6_next_dist_0wb--n-._.js:1226
[  490999ms] [ERROR] ./src/components/home/CategoryGrid.tsx:47:9
the name `sectionBg` is defined multiple times
  45 |   const showAccent = config.showAccent !== false
  46 |   const subtitleColor = isDark ? "text-gray-400" : "text-[#4A4A4A]"
> 47 |   const sectionBg = isDark ? "bg-[#1C1C1C]" : (config.bgSection as string || "transparent")
     |         ^^^^^^^^^
  48 |
  49 |   const cardH = CARD_HEIGHT[cardHeight] ?? "h-40"
  50 |   const gridCols = GRID_COLS[columns] ?? "grid-cols-4"

Ecmascript file had an error

Import trace:
  Server Component:
    ./src/components/home/CategoryGrid.tsx
    ./src/app/page.tsx @ http://localhost:3000/_next/static/chunks/0mm6_next_dist_0wb--n-._.js:1945
[  490999ms] [ERROR] ./src/components/home/CategoryGrid.tsx:46:9
the name `subtitleColor` is defined multiple times
  44 |   const titleAlign = (config.titleAlign as string) || "center"
  45 |   const showAccent = config.showAccent !== false
> 46 |   const subtitleColor = isDark ? "text-gray-400" : "text-[#4A4A4A]"
     |         ^^^^^^^^^^^^^
  47 |   const sectionBg = isDark ? "bg-[#1C1C1C]" : (config.bgSection as string || "transparent")
  48 |
  49 |   const cardH = CARD_HEIGHT[cardHeight] ?? "h-40"

Ecmascript file had an error

Import trace:
  Server Component:
    ./src/components/home/CategoryGrid.tsx
    ./src/app/page.tsx @ http://localhost:3000/_next/static/chunks/0mm6_next_dist_0wb--n-._.js:1945
[  491063ms] [ERROR] ./src/components/home/CategoryGrid.tsx:47:9
the name `sectionBg` is defined multiple times
  45 |   const showAccent = config.showAccent !== false
  46 |   const subtitleColor = isDark ? "text-gray-400" : "text-[#4A4A4A]"
> 47 |   const sectionBg = isDark ? "bg-[#1C1C1C]" : (config.bgSection as string || "transparent")
     |         ^^^^^^^^^
  48 |
  49 |   const cardH = CARD_HEIGHT[cardHeight] ?? "h-40"
  50 |   const gridCols = GRID_COLS[columns] ?? "grid-cols-4"

Ecmascript file had an error

Import trace:
  Server Component:
    ./src/components/home/CategoryGrid.tsx
    ./src/app/page.tsx @ http://localhost:3000/_next/static/chunks/0mm6_next_dist_0wb--n-._.js:1945
[  491063ms] [ERROR] ./src/components/home/CategoryGrid.tsx:46:9
the name `subtitleColor` is defined multiple times
  44 |   const titleAlign = (config.titleAlign as string) || "center"
  45 |   const showAccent = config.showAccent !== false
> 46 |   const subtitleColor = isDark ? "text-gray-400" : "text-[#4A4A4A]"
     |         ^^^^^^^^^^^^^
  47 |   const sectionBg = isDark ? "bg-[#1C1C1C]" : (config.bgSection as string || "transparent")
  48 |
  49 |   const cardH = CARD_HEIGHT[cardHeight] ?? "h-40"

Ecmascript file had an error

Import trace:
  Server Component:
    ./src/components/home/CategoryGrid.tsx
    ./src/app/page.tsx @ http://localhost:3000/_next/static/chunks/0mm6_next_dist_0wb--n-._.js:1945
[  491102ms] [LOG] [Fast Refresh] rebuilding @ http://localhost:3000/_next/static/chunks/0mm6_next_dist_0wb--n-._.js:1226
[  522221ms] [LOG] [Fast Refresh] rebuilding @ http://localhost:3000/_next/static/chunks/0mm6_next_dist_0wb--n-._.js:1226
[  522783ms] [ERROR] ./src/components/home/CategoryGrid.tsx:47:9
the name `sectionBg` is defined multiple times
  45 |   const showAccent = config.showAccent !== false
  46 |   const subtitleColor = isDark ? "text-gray-400" : "text-[#4A4A4A]"
> 47 |   const sectionBg = isDark ? "bg-[#1C1C1C]" : (config.bgSection as string || "transparent")
     |         ^^^^^^^^^
  48 |
  49 |   const cardH = CARD_HEIGHT[cardHeight] ?? "h-40"
  50 |   const gridCols = GRID_COLS[columns] ?? "grid-cols-4"

Ecmascript file had an error

Import trace:
  Server Component:
    ./src/components/home/CategoryGrid.tsx
    ./src/app/page.tsx @ http://localhost:3000/_next/static/chunks/0mm6_next_dist_0wb--n-._.js:1945
[  522784ms] [ERROR] ./src/components/home/CategoryGrid.tsx:46:9
the name `subtitleColor` is defined multiple times
  44 |   const titleAlign = (config.titleAlign as string) || "center"
  45 |   const showAccent = config.showAccent !== false
> 46 |   const subtitleColor = isDark ? "text-gray-400" : "text-[#4A4A4A]"
     |         ^^^^^^^^^^^^^
  47 |   const sectionBg = isDark ? "bg-[#1C1C1C]" : (config.bgSection as string || "transparent")
  48 |
  49 |   const cardH = CARD_HEIGHT[cardHeight] ?? "h-40"

Ecmascript file had an error

Import trace:
  Server Component:
    ./src/components/home/CategoryGrid.tsx
    ./src/app/page.tsx @ http://localhost:3000/_next/static/chunks/0mm6_next_dist_0wb--n-._.js:1945
[  523244ms] [ERROR] Failed to load resource: the server responded with a status of 500 (Internal Server Error) @ http://localhost:3000/admin/login?callbackUrl=%2Fadmin%2Flanding-builder:0
[  523376ms] [INFO] %cDownload the React DevTools for a better development experience: https://react.dev/link/react-devtools font-weight:bold @ http://localhost:3000/_next/static/chunks/0p2h_react-dom_0vsf22y._.js:15305
[  523417ms] Error: ./src/components/home/CategoryGrid.tsx:47:9
the name `sectionBg` is defined multiple times
  45 |   const showAccent = config.showAccent !== false
  46 |   const subtitleColor = isDark ? "text-gray-400" : "text-[#4A4A4A]"
> 47 |   const sectionBg = isDark ? "bg-[#1C1C1C]" : (config.bgSection as string || "transparent")
     |         ^^^^^^^^^
  48 |
  49 |   const cardH = CARD_HEIGHT[cardHeight] ?? "h-40"
  50 |   const gridCols = GRID_COLS[columns] ?? "grid-cols-4"

Ecmascript file had an error

Import trace:
  Server Component:
    ./src/components/home/CategoryGrid.tsx
    ./src/app/page.tsx


    at <unknown> (Error: ./src/components/home/CategoryGrid.tsx:47:9)
    at Object.getCompilationErrors (file:///Users/andres/Documents/Asygnuz/one-star/node_modules/.pnpm/next@16.2.6_@babel+core@7.29.7_@opentelemetry+api@1.9.1_@playwright+test@1.61.1_react-d_2287c2fed37900450333ac24d06100d9/node_modules/next/dist/server/dev/hot-reloader-turbopack.js:1186:59)
    at DevBundlerService.getCompilationError (file:///Users/andres/Documents/Asygnuz/one-star/node_modules/.pnpm/next@16.2.6_@babel+core@7.29.7_@opentelemetry+api@1.9.1_@playwright+test@1.61.1_react-d_2287c2fed37900450333ac24d06100d9/node_modules/next/dist/server/lib/dev-bundler-service.js:44:55)
    at DevServer.getCompilationError (file:///Users/andres/Documents/Asygnuz/one-star/node_modules/.pnpm/next@16.2.6_@babel+core@7.29.7_@opentelemetry+api@1.9.1_@playwright+test@1.61.1_react-d_2287c2fed37900450333ac24d06100d9/node_modules/next/dist/server/dev/next-dev-server.js:720:42)
    at DevServer.findPageComponents (file:///Users/andres/Documents/Asygnuz/one-star/node_modules/.pnpm/next@16.2.6_@babel+core@7.29.7_@opentelemetry+api@1.9.1_@playwright+test@1.61.1_react-d_2287c2fed37900450333ac24d06100d9/node_modules/next/dist/server/dev/next-dev-server.js:690:43)
    at async DevServer.renderErrorToResponseImpl (file:///Users/andres/Documents/Asygnuz/one-star/node_modules/.pnpm/next@16.2.6_@babel+core@7.29.7_@opentelemetry+api@1.9.1_@playwright+test@1.61.1_react-d_2287c2fed37900450333ac24d06100d9/node_modules/next/dist/server/base-server.js:1753:26)
[  523416ms] [LOG] [HMR] connected @ http://localhost:3000/_next/static/chunks/0mm6_next_dist_0wb--n-._.js:1226
[  523472ms] [ERROR] ./src/components/home/CategoryGrid.tsx:47:9
the name `sectionBg` is defined multiple times
  45 |   const showAccent = config.showAccent !== false
  46 |   const subtitleColor = isDark ? "text-gray-400" : "text-[#4A4A4A]"
> 47 |   const sectionBg = isDark ? "bg-[#1C1C1C]" : (config.bgSection as string || "transparent")
     |         ^^^^^^^^^
  48 |
  49 |   const cardH = CARD_HEIGHT[cardHeight] ?? "h-40"
  50 |   const gridCols = GRID_COLS[columns] ?? "grid-cols-4"

Ecmascript file had an error

Import trace:
  Server Component:
    ./src/components/home/CategoryGrid.tsx
    ./src/app/page.tsx @ http://localhost:3000/_next/static/chunks/0mm6_next_dist_0wb--n-._.js:1945
[  523472ms] [ERROR] ./src/components/home/CategoryGrid.tsx:46:9
the name `subtitleColor` is defined multiple times
  44 |   const titleAlign = (config.titleAlign as string) || "center"
  45 |   const showAccent = config.showAccent !== false
> 46 |   const subtitleColor = isDark ? "text-gray-400" : "text-[#4A4A4A]"
     |         ^^^^^^^^^^^^^
  47 |   const sectionBg = isDark ? "bg-[#1C1C1C]" : (config.bgSection as string || "transparent")
  48 |
  49 |   const cardH = CARD_HEIGHT[cardHeight] ?? "h-40"

Ecmascript file had an error

Import trace:
  Server Component:
    ./src/components/home/CategoryGrid.tsx
    ./src/app/page.tsx @ http://localhost:3000/_next/static/chunks/0mm6_next_dist_0wb--n-._.js:1945
[  523486ms] [ERROR] ./src/components/home/CategoryGrid.tsx:47:9
the name `sectionBg` is defined multiple times
  45 |   const showAccent = config.showAccent !== false
  46 |   const subtitleColor = isDark ? "text-gray-400" : "text-[#4A4A4A]"
> 47 |   const sectionBg = isDark ? "bg-[#1C1C1C]" : (config.bgSection as string || "transparent")
     |         ^^^^^^^^^
  48 |
  49 |   const cardH = CARD_HEIGHT[cardHeight] ?? "h-40"
  50 |   const gridCols = GRID_COLS[columns] ?? "grid-cols-4"

Ecmascript file had an error

Import trace:
  Server Component:
    ./src/components/home/CategoryGrid.tsx
    ./src/app/page.tsx @ http://localhost:3000/_next/static/chunks/0mm6_next_dist_0wb--n-._.js:1945
[  523486ms] [ERROR] ./src/components/home/CategoryGrid.tsx:46:9
the name `subtitleColor` is defined multiple times
  44 |   const titleAlign = (config.titleAlign as string) || "center"
  45 |   const showAccent = config.showAccent !== false
> 46 |   const subtitleColor = isDark ? "text-gray-400" : "text-[#4A4A4A]"
     |         ^^^^^^^^^^^^^
  47 |   const sectionBg = isDark ? "bg-[#1C1C1C]" : (config.bgSection as string || "transparent")
  48 |
  49 |   const cardH = CARD_HEIGHT[cardHeight] ?? "h-40"

Ecmascript file had an error

Import trace:
  Server Component:
    ./src/components/home/CategoryGrid.tsx
    ./src/app/page.tsx @ http://localhost:3000/_next/static/chunks/0mm6_next_dist_0wb--n-._.js:1945
[  523526ms] [LOG] [Fast Refresh] rebuilding @ http://localhost:3000/_next/static/chunks/0mm6_next_dist_0wb--n-._.js:1226
[  523588ms] [ERROR] ./src/components/home/CategoryGrid.tsx:47:9
the name `sectionBg` is defined multiple times
  45 |   const showAccent = config.showAccent !== false
  46 |   const subtitleColor = isDark ? "text-gray-400" : "text-[#4A4A4A]"
> 47 |   const sectionBg = isDark ? "bg-[#1C1C1C]" : (config.bgSection as string || "transparent")
     |         ^^^^^^^^^
  48 |
  49 |   const cardH = CARD_HEIGHT[cardHeight] ?? "h-40"
  50 |   const gridCols = GRID_COLS[columns] ?? "grid-cols-4"

Ecmascript file had an error

Import trace:
  Server Component:
    ./src/components/home/CategoryGrid.tsx
    ./src/app/page.tsx @ http://localhost:3000/_next/static/chunks/0mm6_next_dist_0wb--n-._.js:1945
[  523588ms] [ERROR] ./src/components/home/CategoryGrid.tsx:46:9
the name `subtitleColor` is defined multiple times
  44 |   const titleAlign = (config.titleAlign as string) || "center"
  45 |   const showAccent = config.showAccent !== false
> 46 |   const subtitleColor = isDark ? "text-gray-400" : "text-[#4A4A4A]"
     |         ^^^^^^^^^^^^^
  47 |   const sectionBg = isDark ? "bg-[#1C1C1C]" : (config.bgSection as string || "transparent")
  48 |
  49 |   const cardH = CARD_HEIGHT[cardHeight] ?? "h-40"

Ecmascript file had an error

Import trace:
  Server Component:
    ./src/components/home/CategoryGrid.tsx
    ./src/app/page.tsx @ http://localhost:3000/_next/static/chunks/0mm6_next_dist_0wb--n-._.js:1945
[  523647ms] [ERROR] ./src/components/home/CategoryGrid.tsx:47:9
the name `sectionBg` is defined multiple times
  45 |   const showAccent = config.showAccent !== false
  46 |   const subtitleColor = isDark ? "text-gray-400" : "text-[#4A4A4A]"
> 47 |   const sectionBg = isDark ? "bg-[#1C1C1C]" : (config.bgSection as string || "transparent")
     |         ^^^^^^^^^
  48 |
  49 |   const cardH = CARD_HEIGHT[cardHeight] ?? "h-40"
  50 |   const gridCols = GRID_COLS[columns] ?? "grid-cols-4"

Ecmascript file had an error

Import trace:
  Server Component:
    ./src/components/home/CategoryGrid.tsx
    ./src/app/page.tsx @ http://localhost:3000/_next/static/chunks/0mm6_next_dist_0wb--n-._.js:1945
[  523647ms] [ERROR] ./src/components/home/CategoryGrid.tsx:46:9
the name `subtitleColor` is defined multiple times
  44 |   const titleAlign = (config.titleAlign as string) || "center"
  45 |   const showAccent = config.showAccent !== false
> 46 |   const subtitleColor = isDark ? "text-gray-400" : "text-[#4A4A4A]"
     |         ^^^^^^^^^^^^^
  47 |   const sectionBg = isDark ? "bg-[#1C1C1C]" : (config.bgSection as string || "transparent")
  48 |
  49 |   const cardH = CARD_HEIGHT[cardHeight] ?? "h-40"

Ecmascript file had an error

Import trace:
  Server Component:
    ./src/components/home/CategoryGrid.tsx
    ./src/app/page.tsx @ http://localhost:3000/_next/static/chunks/0mm6_next_dist_0wb--n-._.js:1945
[  523689ms] [LOG] [Fast Refresh] rebuilding @ http://localhost:3000/_next/static/chunks/0mm6_next_dist_0wb--n-._.js:1226
[  534702ms] [LOG] [Fast Refresh] rebuilding @ http://localhost:3000/_next/static/chunks/0mm6_next_dist_0wb--n-._.js:1226
[  534888ms] [ERROR] ./src/components/home/CategoryGrid.tsx:47:9
the name `sectionBg` is defined multiple times
  45 |   const showAccent = config.showAccent !== false
  46 |   const subtitleColor = isDark ? "text-gray-400" : "text-[#4A4A4A]"
> 47 |   const sectionBg = isDark ? "bg-[#1C1C1C]" : (config.bgSection as string || "transparent")
     |         ^^^^^^^^^
  48 |
  49 |   const cardH = CARD_HEIGHT[cardHeight] ?? "h-40"
  50 |   const gridCols = GRID_COLS[columns] ?? "grid-cols-4"

Ecmascript file had an error

Import trace:
  Server Component:
    ./src/components/home/CategoryGrid.tsx
    ./src/app/page.tsx @ http://localhost:3000/_next/static/chunks/0mm6_next_dist_0wb--n-._.js:1945
[  534889ms] [ERROR] ./src/components/home/CategoryGrid.tsx:46:9
the name `subtitleColor` is defined multiple times
  44 |   const titleAlign = (config.titleAlign as string) || "center"
  45 |   const showAccent = config.showAccent !== false
> 46 |   const subtitleColor = isDark ? "text-gray-400" : "text-[#4A4A4A]"
     |         ^^^^^^^^^^^^^
  47 |   const sectionBg = isDark ? "bg-[#1C1C1C]" : (config.bgSection as string || "transparent")
  48 |
  49 |   const cardH = CARD_HEIGHT[cardHeight] ?? "h-40"

Ecmascript file had an error

Import trace:
  Server Component:
    ./src/components/home/CategoryGrid.tsx
    ./src/app/page.tsx @ http://localhost:3000/_next/static/chunks/0mm6_next_dist_0wb--n-._.js:1945
[  535268ms] [ERROR] Failed to load resource: the server responded with a status of 500 (Internal Server Error) @ http://localhost:3000/admin/login?callbackUrl=%2Fadmin%2Flanding-builder:0
[  535321ms] [INFO] %cDownload the React DevTools for a better development experience: https://react.dev/link/react-devtools font-weight:bold @ http://localhost:3000/_next/static/chunks/0p2h_react-dom_0vsf22y._.js:15305
[  535331ms] Error: ./src/components/home/CategoryGrid.tsx:47:9
the name `sectionBg` is defined multiple times
  45 |   const showAccent = config.showAccent !== false
  46 |   const subtitleColor = isDark ? "text-gray-400" : "text-[#4A4A4A]"
> 47 |   const sectionBg = isDark ? "bg-[#1C1C1C]" : (config.bgSection as string || "transparent")
     |         ^^^^^^^^^
  48 |
  49 |   const cardH = CARD_HEIGHT[cardHeight] ?? "h-40"
  50 |   const gridCols = GRID_COLS[columns] ?? "grid-cols-4"

Ecmascript file had an error

Import trace:
  Server Component:
    ./src/components/home/CategoryGrid.tsx
    ./src/app/page.tsx


    at <unknown> (Error: ./src/components/home/CategoryGrid.tsx:47:9)
    at Object.getCompilationErrors (file:///Users/andres/Documents/Asygnuz/one-star/node_modules/.pnpm/next@16.2.6_@babel+core@7.29.7_@opentelemetry+api@1.9.1_@playwright+test@1.61.1_react-d_2287c2fed37900450333ac24d06100d9/node_modules/next/dist/server/dev/hot-reloader-turbopack.js:1186:59)
    at DevBundlerService.getCompilationError (file:///Users/andres/Documents/Asygnuz/one-star/node_modules/.pnpm/next@16.2.6_@babel+core@7.29.7_@opentelemetry+api@1.9.1_@playwright+test@1.61.1_react-d_2287c2fed37900450333ac24d06100d9/node_modules/next/dist/server/lib/dev-bundler-service.js:44:55)
    at DevServer.getCompilationError (file:///Users/andres/Documents/Asygnuz/one-star/node_modules/.pnpm/next@16.2.6_@babel+core@7.29.7_@opentelemetry+api@1.9.1_@playwright+test@1.61.1_react-d_2287c2fed37900450333ac24d06100d9/node_modules/next/dist/server/dev/next-dev-server.js:720:42)
    at DevServer.findPageComponents (file:///Users/andres/Documents/Asygnuz/one-star/node_modules/.pnpm/next@16.2.6_@babel+core@7.29.7_@opentelemetry+api@1.9.1_@playwright+test@1.61.1_react-d_2287c2fed37900450333ac24d06100d9/node_modules/next/dist/server/dev/next-dev-server.js:690:43)
    at async DevServer.renderErrorToResponseImpl (file:///Users/andres/Documents/Asygnuz/one-star/node_modules/.pnpm/next@16.2.6_@babel+core@7.29.7_@opentelemetry+api@1.9.1_@playwright+test@1.61.1_react-d_2287c2fed37900450333ac24d06100d9/node_modules/next/dist/server/base-server.js:1753:26)
[  535332ms] [LOG] [HMR] connected @ http://localhost:3000/_next/static/chunks/0mm6_next_dist_0wb--n-._.js:1226
[  535333ms] [ERROR] ./src/components/home/CategoryGrid.tsx:47:9
the name `sectionBg` is defined multiple times
  45 |   const showAccent = config.showAccent !== false
  46 |   const subtitleColor = isDark ? "text-gray-400" : "text-[#4A4A4A]"
> 47 |   const sectionBg = isDark ? "bg-[#1C1C1C]" : (config.bgSection as string || "transparent")
     |         ^^^^^^^^^
  48 |
  49 |   const cardH = CARD_HEIGHT[cardHeight] ?? "h-40"
  50 |   const gridCols = GRID_COLS[columns] ?? "grid-cols-4"

Ecmascript file had an error

Import trace:
  Server Component:
    ./src/components/home/CategoryGrid.tsx
    ./src/app/page.tsx @ http://localhost:3000/_next/static/chunks/0mm6_next_dist_0wb--n-._.js:1945
[  535333ms] [ERROR] ./src/components/home/CategoryGrid.tsx:46:9
the name `subtitleColor` is defined multiple times
  44 |   const titleAlign = (config.titleAlign as string) || "center"
  45 |   const showAccent = config.showAccent !== false
> 46 |   const subtitleColor = isDark ? "text-gray-400" : "text-[#4A4A4A]"
     |         ^^^^^^^^^^^^^
  47 |   const sectionBg = isDark ? "bg-[#1C1C1C]" : (config.bgSection as string || "transparent")
  48 |
  49 |   const cardH = CARD_HEIGHT[cardHeight] ?? "h-40"

Ecmascript file had an error

Import trace:
  Server Component:
    ./src/components/home/CategoryGrid.tsx
    ./src/app/page.tsx @ http://localhost:3000/_next/static/chunks/0mm6_next_dist_0wb--n-._.js:1945
[  535377ms] [ERROR] ./src/components/home/CategoryGrid.tsx:47:9
the name `sectionBg` is defined multiple times
  45 |   const showAccent = config.showAccent !== false
  46 |   const subtitleColor = isDark ? "text-gray-400" : "text-[#4A4A4A]"
> 47 |   const sectionBg = isDark ? "bg-[#1C1C1C]" : (config.bgSection as string || "transparent")
     |         ^^^^^^^^^
  48 |
  49 |   const cardH = CARD_HEIGHT[cardHeight] ?? "h-40"
  50 |   const gridCols = GRID_COLS[columns] ?? "grid-cols-4"

Ecmascript file had an error

Import trace:
  Server Component:
    ./src/components/home/CategoryGrid.tsx
    ./src/app/page.tsx @ http://localhost:3000/_next/static/chunks/0mm6_next_dist_0wb--n-._.js:1945
[  535377ms] [ERROR] ./src/components/home/CategoryGrid.tsx:46:9
the name `subtitleColor` is defined multiple times
  44 |   const titleAlign = (config.titleAlign as string) || "center"
  45 |   const showAccent = config.showAccent !== false
> 46 |   const subtitleColor = isDark ? "text-gray-400" : "text-[#4A4A4A]"
     |         ^^^^^^^^^^^^^
  47 |   const sectionBg = isDark ? "bg-[#1C1C1C]" : (config.bgSection as string || "transparent")
  48 |
  49 |   const cardH = CARD_HEIGHT[cardHeight] ?? "h-40"

Ecmascript file had an error

Import trace:
  Server Component:
    ./src/components/home/CategoryGrid.tsx
    ./src/app/page.tsx @ http://localhost:3000/_next/static/chunks/0mm6_next_dist_0wb--n-._.js:1945
[  535432ms] [ERROR] ./src/components/home/CategoryGrid.tsx:47:9
the name `sectionBg` is defined multiple times
  45 |   const showAccent = config.showAccent !== false
  46 |   const subtitleColor = isDark ? "text-gray-400" : "text-[#4A4A4A]"
> 47 |   const sectionBg = isDark ? "bg-[#1C1C1C]" : (config.bgSection as string || "transparent")
     |         ^^^^^^^^^
  48 |
  49 |   const cardH = CARD_HEIGHT[cardHeight] ?? "h-40"
  50 |   const gridCols = GRID_COLS[columns] ?? "grid-cols-4"

Ecmascript file had an error

Import trace:
  Server Component:
    ./src/components/home/CategoryGrid.tsx
    ./src/app/page.tsx @ http://localhost:3000/_next/static/chunks/0mm6_next_dist_0wb--n-._.js:1945
[  535432ms] [ERROR] ./src/components/home/CategoryGrid.tsx:46:9
the name `subtitleColor` is defined multiple times
  44 |   const titleAlign = (config.titleAlign as string) || "center"
  45 |   const showAccent = config.showAccent !== false
> 46 |   const subtitleColor = isDark ? "text-gray-400" : "text-[#4A4A4A]"
     |         ^^^^^^^^^^^^^
  47 |   const sectionBg = isDark ? "bg-[#1C1C1C]" : (config.bgSection as string || "transparent")
  48 |
  49 |   const cardH = CARD_HEIGHT[cardHeight] ?? "h-40"

Ecmascript file had an error

Import trace:
  Server Component:
    ./src/components/home/CategoryGrid.tsx
    ./src/app/page.tsx @ http://localhost:3000/_next/static/chunks/0mm6_next_dist_0wb--n-._.js:1945
[  535485ms] [LOG] [Fast Refresh] rebuilding @ http://localhost:3000/_next/static/chunks/0mm6_next_dist_0wb--n-._.js:1226
[  543005ms] [LOG] [Fast Refresh] rebuilding @ http://localhost:3000/_next/static/chunks/0mm6_next_dist_0wb--n-._.js:1226
[  543558ms] [ERROR] ./src/components/home/CategoryGrid.tsx:47:9
the name `sectionBg` is defined multiple times
  45 |   const showAccent = config.showAccent !== false
  46 |   const subtitleColor = isDark ? "text-gray-400" : "text-[#4A4A4A]"
> 47 |   const sectionBg = isDark ? "bg-[#1C1C1C]" : (config.bgSection as string || "transparent")
     |         ^^^^^^^^^
  48 |
  49 |   const cardH = CARD_HEIGHT[cardHeight] ?? "h-40"
  50 |   const gridCols = GRID_COLS[columns] ?? "grid-cols-4"

Ecmascript file had an error

Import trace:
  Server Component:
    ./src/components/home/CategoryGrid.tsx
    ./src/app/page.tsx @ http://localhost:3000/_next/static/chunks/0mm6_next_dist_0wb--n-._.js:1945
[  543558ms] [ERROR] ./src/components/home/CategoryGrid.tsx:46:9
the name `subtitleColor` is defined multiple times
  44 |   const titleAlign = (config.titleAlign as string) || "center"
  45 |   const showAccent = config.showAccent !== false
> 46 |   const subtitleColor = isDark ? "text-gray-400" : "text-[#4A4A4A]"
     |         ^^^^^^^^^^^^^
  47 |   const sectionBg = isDark ? "bg-[#1C1C1C]" : (config.bgSection as string || "transparent")
  48 |
  49 |   const cardH = CARD_HEIGHT[cardHeight] ?? "h-40"

Ecmascript file had an error

Import trace:
  Server Component:
    ./src/components/home/CategoryGrid.tsx
    ./src/app/page.tsx @ http://localhost:3000/_next/static/chunks/0mm6_next_dist_0wb--n-._.js:1945
[  543842ms] [ERROR] ./src/components/home/CategoryGrid.tsx:47:9
the name `sectionBg` is defined multiple times
  45 |   const showAccent = config.showAccent !== false
  46 |   const subtitleColor = isDark ? "text-gray-400" : "text-[#4A4A4A]"
> 47 |   const sectionBg = isDark ? "bg-[#1C1C1C]" : (config.bgSection as string || "transparent")
     |         ^^^^^^^^^
  48 |
  49 |   const cardH = CARD_HEIGHT[cardHeight] ?? "h-40"
  50 |   const gridCols = GRID_COLS[columns] ?? "grid-cols-4"

Ecmascript file had an error

Import trace:
  Server Component:
    ./src/components/home/CategoryGrid.tsx
    ./src/app/page.tsx @ http://localhost:3000/_next/static/chunks/0mm6_next_dist_0wb--n-._.js:1945
[  543842ms] [ERROR] ./src/components/home/CategoryGrid.tsx:46:9
the name `subtitleColor` is defined multiple times
  44 |   const titleAlign = (config.titleAlign as string) || "center"
  45 |   const showAccent = config.showAccent !== false
> 46 |   const subtitleColor = isDark ? "text-gray-400" : "text-[#4A4A4A]"
     |         ^^^^^^^^^^^^^
  47 |   const sectionBg = isDark ? "bg-[#1C1C1C]" : (config.bgSection as string || "transparent")
  48 |
  49 |   const cardH = CARD_HEIGHT[cardHeight] ?? "h-40"

Ecmascript file had an error

Import trace:
  Server Component:
    ./src/components/home/CategoryGrid.tsx
    ./src/app/page.tsx @ http://localhost:3000/_next/static/chunks/0mm6_next_dist_0wb--n-._.js:1945
[  543912ms] [ERROR] Failed to load resource: the server responded with a status of 500 (Internal Server Error) @ http://localhost:3000/admin/login?callbackUrl=%2Fadmin%2Flanding-builder:0
[  543959ms] [INFO] %cDownload the React DevTools for a better development experience: https://react.dev/link/react-devtools font-weight:bold @ http://localhost:3000/_next/static/chunks/0p2h_react-dom_0vsf22y._.js:15305
[  543970ms] Error: ./src/components/home/CategoryGrid.tsx:47:9
the name `sectionBg` is defined multiple times
  45 |   const showAccent = config.showAccent !== false
  46 |   const subtitleColor = isDark ? "text-gray-400" : "text-[#4A4A4A]"
> 47 |   const sectionBg = isDark ? "bg-[#1C1C1C]" : (config.bgSection as string || "transparent")
     |         ^^^^^^^^^
  48 |
  49 |   const cardH = CARD_HEIGHT[cardHeight] ?? "h-40"
  50 |   const gridCols = GRID_COLS[columns] ?? "grid-cols-4"

Ecmascript file had an error

Import trace:
  Server Component:
    ./src/components/home/CategoryGrid.tsx
    ./src/app/page.tsx


    at <unknown> (Error: ./src/components/home/CategoryGrid.tsx:47:9)
    at Object.getCompilationErrors (file:///Users/andres/Documents/Asygnuz/one-star/node_modules/.pnpm/next@16.2.6_@babel+core@7.29.7_@opentelemetry+api@1.9.1_@playwright+test@1.61.1_react-d_2287c2fed37900450333ac24d06100d9/node_modules/next/dist/server/dev/hot-reloader-turbopack.js:1186:59)
    at DevBundlerService.getCompilationError (file:///Users/andres/Documents/Asygnuz/one-star/node_modules/.pnpm/next@16.2.6_@babel+core@7.29.7_@opentelemetry+api@1.9.1_@playwright+test@1.61.1_react-d_2287c2fed37900450333ac24d06100d9/node_modules/next/dist/server/lib/dev-bundler-service.js:44:55)
    at DevServer.getCompilationError (file:///Users/andres/Documents/Asygnuz/one-star/node_modules/.pnpm/next@16.2.6_@babel+core@7.29.7_@opentelemetry+api@1.9.1_@playwright+test@1.61.1_react-d_2287c2fed37900450333ac24d06100d9/node_modules/next/dist/server/dev/next-dev-server.js:720:42)
    at DevServer.findPageComponents (file:///Users/andres/Documents/Asygnuz/one-star/node_modules/.pnpm/next@16.2.6_@babel+core@7.29.7_@opentelemetry+api@1.9.1_@playwright+test@1.61.1_react-d_2287c2fed37900450333ac24d06100d9/node_modules/next/dist/server/dev/next-dev-server.js:690:43)
    at async DevServer.renderErrorToResponseImpl (file:///Users/andres/Documents/Asygnuz/one-star/node_modules/.pnpm/next@16.2.6_@babel+core@7.29.7_@opentelemetry+api@1.9.1_@playwright+test@1.61.1_react-d_2287c2fed37900450333ac24d06100d9/node_modules/next/dist/server/base-server.js:1753:26)
[  543996ms] [LOG] [HMR] connected @ http://localhost:3000/_next/static/chunks/0mm6_next_dist_0wb--n-._.js:1226
[  544009ms] [ERROR] ./src/components/home/CategoryGrid.tsx:47:9
the name `sectionBg` is defined multiple times
  45 |   const showAccent = config.showAccent !== false
  46 |   const subtitleColor = isDark ? "text-gray-400" : "text-[#4A4A4A]"
> 47 |   const sectionBg = isDark ? "bg-[#1C1C1C]" : (config.bgSection as string || "transparent")
     |         ^^^^^^^^^
  48 |
  49 |   const cardH = CARD_HEIGHT[cardHeight] ?? "h-40"
  50 |   const gridCols = GRID_COLS[columns] ?? "grid-cols-4"

Ecmascript file had an error

Import trace:
  Server Component:
    ./src/components/home/CategoryGrid.tsx
    ./src/app/page.tsx @ http://localhost:3000/_next/static/chunks/0mm6_next_dist_0wb--n-._.js:1945
[  544009ms] [ERROR] ./src/components/home/CategoryGrid.tsx:46:9
the name `subtitleColor` is defined multiple times
  44 |   const titleAlign = (config.titleAlign as string) || "center"
  45 |   const showAccent = config.showAccent !== false
> 46 |   const subtitleColor = isDark ? "text-gray-400" : "text-[#4A4A4A]"
     |         ^^^^^^^^^^^^^
  47 |   const sectionBg = isDark ? "bg-[#1C1C1C]" : (config.bgSection as string || "transparent")
  48 |
  49 |   const cardH = CARD_HEIGHT[cardHeight] ?? "h-40"

Ecmascript file had an error

Import trace:
  Server Component:
    ./src/components/home/CategoryGrid.tsx
    ./src/app/page.tsx @ http://localhost:3000/_next/static/chunks/0mm6_next_dist_0wb--n-._.js:1945
[  544034ms] [ERROR] ./src/components/home/CategoryGrid.tsx:47:9
the name `sectionBg` is defined multiple times
  45 |   const showAccent = config.showAccent !== false
  46 |   const subtitleColor = isDark ? "text-gray-400" : "text-[#4A4A4A]"
> 47 |   const sectionBg = isDark ? "bg-[#1C1C1C]" : (config.bgSection as string || "transparent")
     |         ^^^^^^^^^
  48 |
  49 |   const cardH = CARD_HEIGHT[cardHeight] ?? "h-40"
  50 |   const gridCols = GRID_COLS[columns] ?? "grid-cols-4"

Ecmascript file had an error

Import trace:
  Server Component:
    ./src/components/home/CategoryGrid.tsx
    ./src/app/page.tsx @ http://localhost:3000/_next/static/chunks/0mm6_next_dist_0wb--n-._.js:1945
[  544034ms] [ERROR] ./src/components/home/CategoryGrid.tsx:46:9
the name `subtitleColor` is defined multiple times
  44 |   const titleAlign = (config.titleAlign as string) || "center"
  45 |   const showAccent = config.showAccent !== false
> 46 |   const subtitleColor = isDark ? "text-gray-400" : "text-[#4A4A4A]"
     |         ^^^^^^^^^^^^^
  47 |   const sectionBg = isDark ? "bg-[#1C1C1C]" : (config.bgSection as string || "transparent")
  48 |
  49 |   const cardH = CARD_HEIGHT[cardHeight] ?? "h-40"

Ecmascript file had an error

Import trace:
  Server Component:
    ./src/components/home/CategoryGrid.tsx
    ./src/app/page.tsx @ http://localhost:3000/_next/static/chunks/0mm6_next_dist_0wb--n-._.js:1945
[  544101ms] [LOG] [Fast Refresh] rebuilding @ http://localhost:3000/_next/static/chunks/0mm6_next_dist_0wb--n-._.js:1226
[  544159ms] [ERROR] ./src/components/home/CategoryGrid.tsx:47:9
the name `sectionBg` is defined multiple times
  45 |   const showAccent = config.showAccent !== false
  46 |   const subtitleColor = isDark ? "text-gray-400" : "text-[#4A4A4A]"
> 47 |   const sectionBg = isDark ? "bg-[#1C1C1C]" : (config.bgSection as string || "transparent")
     |         ^^^^^^^^^
  48 |
  49 |   const cardH = CARD_HEIGHT[cardHeight] ?? "h-40"
  50 |   const gridCols = GRID_COLS[columns] ?? "grid-cols-4"

Ecmascript file had an error

Import trace:
  Server Component:
    ./src/components/home/CategoryGrid.tsx
    ./src/app/page.tsx @ http://localhost:3000/_next/static/chunks/0mm6_next_dist_0wb--n-._.js:1945
[  544159ms] [ERROR] ./src/components/home/CategoryGrid.tsx:46:9
the name `subtitleColor` is defined multiple times
  44 |   const titleAlign = (config.titleAlign as string) || "center"
  45 |   const showAccent = config.showAccent !== false
> 46 |   const subtitleColor = isDark ? "text-gray-400" : "text-[#4A4A4A]"
     |         ^^^^^^^^^^^^^
  47 |   const sectionBg = isDark ? "bg-[#1C1C1C]" : (config.bgSection as string || "transparent")
  48 |
  49 |   const cardH = CARD_HEIGHT[cardHeight] ?? "h-40"

Ecmascript file had an error

Import trace:
  Server Component:
    ./src/components/home/CategoryGrid.tsx
    ./src/app/page.tsx @ http://localhost:3000/_next/static/chunks/0mm6_next_dist_0wb--n-._.js:1945
[  544225ms] [ERROR] ./src/components/home/CategoryGrid.tsx:47:9
the name `sectionBg` is defined multiple times
  45 |   const showAccent = config.showAccent !== false
  46 |   const subtitleColor = isDark ? "text-gray-400" : "text-[#4A4A4A]"
> 47 |   const sectionBg = isDark ? "bg-[#1C1C1C]" : (config.bgSection as string || "transparent")
     |         ^^^^^^^^^
  48 |
  49 |   const cardH = CARD_HEIGHT[cardHeight] ?? "h-40"
  50 |   const gridCols = GRID_COLS[columns] ?? "grid-cols-4"

Ecmascript file had an error

Import trace:
  Server Component:
    ./src/components/home/CategoryGrid.tsx
    ./src/app/page.tsx @ http://localhost:3000/_next/static/chunks/0mm6_next_dist_0wb--n-._.js:1945
[  544225ms] [ERROR] ./src/components/home/CategoryGrid.tsx:46:9
the name `subtitleColor` is defined multiple times
  44 |   const titleAlign = (config.titleAlign as string) || "center"
  45 |   const showAccent = config.showAccent !== false
> 46 |   const subtitleColor = isDark ? "text-gray-400" : "text-[#4A4A4A]"
     |         ^^^^^^^^^^^^^
  47 |   const sectionBg = isDark ? "bg-[#1C1C1C]" : (config.bgSection as string || "transparent")
  48 |
  49 |   const cardH = CARD_HEIGHT[cardHeight] ?? "h-40"

Ecmascript file had an error

Import trace:
  Server Component:
    ./src/components/home/CategoryGrid.tsx
    ./src/app/page.tsx @ http://localhost:3000/_next/static/chunks/0mm6_next_dist_0wb--n-._.js:1945
[  544272ms] [LOG] [Fast Refresh] rebuilding @ http://localhost:3000/_next/static/chunks/0mm6_next_dist_0wb--n-._.js:1226
[  556421ms] [LOG] [Fast Refresh] rebuilding @ http://localhost:3000/_next/static/chunks/0mm6_next_dist_0wb--n-._.js:1226
[  556536ms] [ERROR] ./src/components/home/CategoryGrid.tsx:47:9
the name `sectionBg` is defined multiple times
  45 |   const showAccent = config.showAccent !== false
  46 |   const subtitleColor = isDark ? "text-gray-400" : "text-[#4A4A4A]"
> 47 |   const sectionBg = isDark ? "bg-[#1C1C1C]" : (config.bgSection as string || "transparent")
     |         ^^^^^^^^^
  48 |
  49 |   const cardH = CARD_HEIGHT[cardHeight] ?? "h-40"
  50 |   const gridCols = GRID_COLS[columns] ?? "grid-cols-4"

Ecmascript file had an error

Import trace:
  Server Component:
    ./src/components/home/CategoryGrid.tsx
    ./src/app/page.tsx @ http://localhost:3000/_next/static/chunks/0mm6_next_dist_0wb--n-._.js:1945
[  556536ms] [ERROR] ./src/components/home/CategoryGrid.tsx:46:9
the name `subtitleColor` is defined multiple times
  44 |   const titleAlign = (config.titleAlign as string) || "center"
  45 |   const showAccent = config.showAccent !== false
> 46 |   const subtitleColor = isDark ? "text-gray-400" : "text-[#4A4A4A]"
     |         ^^^^^^^^^^^^^
  47 |   const sectionBg = isDark ? "bg-[#1C1C1C]" : (config.bgSection as string || "transparent")
  48 |
  49 |   const cardH = CARD_HEIGHT[cardHeight] ?? "h-40"

Ecmascript file had an error

Import trace:
  Server Component:
    ./src/components/home/CategoryGrid.tsx
    ./src/app/page.tsx @ http://localhost:3000/_next/static/chunks/0mm6_next_dist_0wb--n-._.js:1945
[  556771ms] [ERROR] Failed to load resource: the server responded with a status of 500 (Internal Server Error) @ http://localhost:3000/admin/login?callbackUrl=%2Fadmin%2Flanding-builder:0
[  556846ms] [INFO] %cDownload the React DevTools for a better development experience: https://react.dev/link/react-devtools font-weight:bold @ http://localhost:3000/_next/static/chunks/0p2h_react-dom_0vsf22y._.js:15305
[  556859ms] Error: ./src/components/home/CategoryGrid.tsx:47:9
the name `sectionBg` is defined multiple times
  45 |   const showAccent = config.showAccent !== false
  46 |   const subtitleColor = isDark ? "text-gray-400" : "text-[#4A4A4A]"
> 47 |   const sectionBg = isDark ? "bg-[#1C1C1C]" : (config.bgSection as string || "transparent")
     |         ^^^^^^^^^
  48 |
  49 |   const cardH = CARD_HEIGHT[cardHeight] ?? "h-40"
  50 |   const gridCols = GRID_COLS[columns] ?? "grid-cols-4"

Ecmascript file had an error

Import trace:
  Server Component:
    ./src/components/home/CategoryGrid.tsx
    ./src/app/page.tsx


    at <unknown> (Error: ./src/components/home/CategoryGrid.tsx:47:9)
    at Object.getCompilationErrors (file:///Users/andres/Documents/Asygnuz/one-star/node_modules/.pnpm/next@16.2.6_@babel+core@7.29.7_@opentelemetry+api@1.9.1_@playwright+test@1.61.1_react-d_2287c2fed37900450333ac24d06100d9/node_modules/next/dist/server/dev/hot-reloader-turbopack.js:1186:59)
    at DevBundlerService.getCompilationError (file:///Users/andres/Documents/Asygnuz/one-star/node_modules/.pnpm/next@16.2.6_@babel+core@7.29.7_@opentelemetry+api@1.9.1_@playwright+test@1.61.1_react-d_2287c2fed37900450333ac24d06100d9/node_modules/next/dist/server/lib/dev-bundler-service.js:44:55)
    at DevServer.getCompilationError (file:///Users/andres/Documents/Asygnuz/one-star/node_modules/.pnpm/next@16.2.6_@babel+core@7.29.7_@opentelemetry+api@1.9.1_@playwright+test@1.61.1_react-d_2287c2fed37900450333ac24d06100d9/node_modules/next/dist/server/dev/next-dev-server.js:720:42)
    at DevServer.findPageComponents (file:///Users/andres/Documents/Asygnuz/one-star/node_modules/.pnpm/next@16.2.6_@babel+core@7.29.7_@opentelemetry+api@1.9.1_@playwright+test@1.61.1_react-d_2287c2fed37900450333ac24d06100d9/node_modules/next/dist/server/dev/next-dev-server.js:690:43)
    at async DevServer.renderErrorToResponseImpl (file:///Users/andres/Documents/Asygnuz/one-star/node_modules/.pnpm/next@16.2.6_@babel+core@7.29.7_@opentelemetry+api@1.9.1_@playwright+test@1.61.1_react-d_2287c2fed37900450333ac24d06100d9/node_modules/next/dist/server/base-server.js:1753:26)
[  556866ms] [LOG] [HMR] connected @ http://localhost:3000/_next/static/chunks/0mm6_next_dist_0wb--n-._.js:1226
[  556888ms] [ERROR] ./src/components/home/CategoryGrid.tsx:47:9
the name `sectionBg` is defined multiple times
  45 |   const showAccent = config.showAccent !== false
  46 |   const subtitleColor = isDark ? "text-gray-400" : "text-[#4A4A4A]"
> 47 |   const sectionBg = isDark ? "bg-[#1C1C1C]" : (config.bgSection as string || "transparent")
     |         ^^^^^^^^^
  48 |
  49 |   const cardH = CARD_HEIGHT[cardHeight] ?? "h-40"
  50 |   const gridCols = GRID_COLS[columns] ?? "grid-cols-4"

Ecmascript file had an error

Import trace:
  Server Component:
    ./src/components/home/CategoryGrid.tsx
    ./src/app/page.tsx @ http://localhost:3000/_next/static/chunks/0mm6_next_dist_0wb--n-._.js:1945
[  556888ms] [ERROR] ./src/components/home/CategoryGrid.tsx:46:9
the name `subtitleColor` is defined multiple times
  44 |   const titleAlign = (config.titleAlign as string) || "center"
  45 |   const showAccent = config.showAccent !== false
> 46 |   const subtitleColor = isDark ? "text-gray-400" : "text-[#4A4A4A]"
     |         ^^^^^^^^^^^^^
  47 |   const sectionBg = isDark ? "bg-[#1C1C1C]" : (config.bgSection as string || "transparent")
  48 |
  49 |   const cardH = CARD_HEIGHT[cardHeight] ?? "h-40"

Ecmascript file had an error

Import trace:
  Server Component:
    ./src/components/home/CategoryGrid.tsx
    ./src/app/page.tsx @ http://localhost:3000/_next/static/chunks/0mm6_next_dist_0wb--n-._.js:1945
[  556914ms] [ERROR] ./src/components/home/CategoryGrid.tsx:47:9
the name `sectionBg` is defined multiple times
  45 |   const showAccent = config.showAccent !== false
  46 |   const subtitleColor = isDark ? "text-gray-400" : "text-[#4A4A4A]"
> 47 |   const sectionBg = isDark ? "bg-[#1C1C1C]" : (config.bgSection as string || "transparent")
     |         ^^^^^^^^^
  48 |
  49 |   const cardH = CARD_HEIGHT[cardHeight] ?? "h-40"
  50 |   const gridCols = GRID_COLS[columns] ?? "grid-cols-4"

Ecmascript file had an error

Import trace:
  Server Component:
    ./src/components/home/CategoryGrid.tsx
    ./src/app/page.tsx @ http://localhost:3000/_next/static/chunks/0mm6_next_dist_0wb--n-._.js:1945
[  556914ms] [ERROR] ./src/components/home/CategoryGrid.tsx:46:9
the name `subtitleColor` is defined multiple times
  44 |   const titleAlign = (config.titleAlign as string) || "center"
  45 |   const showAccent = config.showAccent !== false
> 46 |   const subtitleColor = isDark ? "text-gray-400" : "text-[#4A4A4A]"
     |         ^^^^^^^^^^^^^
  47 |   const sectionBg = isDark ? "bg-[#1C1C1C]" : (config.bgSection as string || "transparent")
  48 |
  49 |   const cardH = CARD_HEIGHT[cardHeight] ?? "h-40"

Ecmascript file had an error

Import trace:
  Server Component:
    ./src/components/home/CategoryGrid.tsx
    ./src/app/page.tsx @ http://localhost:3000/_next/static/chunks/0mm6_next_dist_0wb--n-._.js:1945
[  557000ms] [ERROR] ./src/components/home/CategoryGrid.tsx:47:9
the name `sectionBg` is defined multiple times
  45 |   const showAccent = config.showAccent !== false
  46 |   const subtitleColor = isDark ? "text-gray-400" : "text-[#4A4A4A]"
> 47 |   const sectionBg = isDark ? "bg-[#1C1C1C]" : (config.bgSection as string || "transparent")
     |         ^^^^^^^^^
  48 |
  49 |   const cardH = CARD_HEIGHT[cardHeight] ?? "h-40"
  50 |   const gridCols = GRID_COLS[columns] ?? "grid-cols-4"

Ecmascript file had an error

Import trace:
  Server Component:
    ./src/components/home/CategoryGrid.tsx
    ./src/app/page.tsx @ http://localhost:3000/_next/static/chunks/0mm6_next_dist_0wb--n-._.js:1945
[  557000ms] [ERROR] ./src/components/home/CategoryGrid.tsx:46:9
the name `subtitleColor` is defined multiple times
  44 |   const titleAlign = (config.titleAlign as string) || "center"
  45 |   const showAccent = config.showAccent !== false
> 46 |   const subtitleColor = isDark ? "text-gray-400" : "text-[#4A4A4A]"
     |         ^^^^^^^^^^^^^
  47 |   const sectionBg = isDark ? "bg-[#1C1C1C]" : (config.bgSection as string || "transparent")
  48 |
  49 |   const cardH = CARD_HEIGHT[cardHeight] ?? "h-40"

Ecmascript file had an error

Import trace:
  Server Component:
    ./src/components/home/CategoryGrid.tsx
    ./src/app/page.tsx @ http://localhost:3000/_next/static/chunks/0mm6_next_dist_0wb--n-._.js:1945
[  557059ms] [LOG] [Fast Refresh] rebuilding @ http://localhost:3000/_next/static/chunks/0mm6_next_dist_0wb--n-._.js:1226
[  580528ms] [LOG] [Fast Refresh] rebuilding @ http://localhost:3000/_next/static/chunks/0mm6_next_dist_0wb--n-._.js:1226
[  580976ms] [ERROR] ./src/components/home/CategoryGrid.tsx:47:9
the name `sectionBg` is defined multiple times
  45 |   const showAccent = config.showAccent !== false
  46 |   const subtitleColor = isDark ? "text-gray-400" : "text-[#4A4A4A]"
> 47 |   const sectionBg = isDark ? "bg-[#1C1C1C]" : (config.bgSection as string || "transparent")
     |         ^^^^^^^^^
  48 |
  49 |   const cardH = CARD_HEIGHT[cardHeight] ?? "h-40"
  50 |   const gridCols = GRID_COLS[columns] ?? "grid-cols-4"

Ecmascript file had an error

Import trace:
  Server Component:
    ./src/components/home/CategoryGrid.tsx
    ./src/app/page.tsx @ http://localhost:3000/_next/static/chunks/0mm6_next_dist_0wb--n-._.js:1945
[  580976ms] [ERROR] ./src/components/home/CategoryGrid.tsx:46:9
the name `subtitleColor` is defined multiple times
  44 |   const titleAlign = (config.titleAlign as string) || "center"
  45 |   const showAccent = config.showAccent !== false
> 46 |   const subtitleColor = isDark ? "text-gray-400" : "text-[#4A4A4A]"
     |         ^^^^^^^^^^^^^
  47 |   const sectionBg = isDark ? "bg-[#1C1C1C]" : (config.bgSection as string || "transparent")
  48 |
  49 |   const cardH = CARD_HEIGHT[cardHeight] ?? "h-40"

Ecmascript file had an error

Import trace:
  Server Component:
    ./src/components/home/CategoryGrid.tsx
    ./src/app/page.tsx @ http://localhost:3000/_next/static/chunks/0mm6_next_dist_0wb--n-._.js:1945
[  581188ms] [ERROR] Failed to load resource: the server responded with a status of 500 (Internal Server Error) @ http://localhost:3000/admin/login?callbackUrl=%2Fadmin%2Flanding-builder:0
[  581265ms] [INFO] %cDownload the React DevTools for a better development experience: https://react.dev/link/react-devtools font-weight:bold @ http://localhost:3000/_next/static/chunks/0p2h_react-dom_0vsf22y._.js:15305
[  581288ms] Error: ./src/components/home/CategoryGrid.tsx:47:9
the name `sectionBg` is defined multiple times
  45 |   const showAccent = config.showAccent !== false
  46 |   const subtitleColor = isDark ? "text-gray-400" : "text-[#4A4A4A]"
> 47 |   const sectionBg = isDark ? "bg-[#1C1C1C]" : (config.bgSection as string || "transparent")
     |         ^^^^^^^^^
  48 |
  49 |   const cardH = CARD_HEIGHT[cardHeight] ?? "h-40"
  50 |   const gridCols = GRID_COLS[columns] ?? "grid-cols-4"

Ecmascript file had an error

Import trace:
  Server Component:
    ./src/components/home/CategoryGrid.tsx
    ./src/app/page.tsx


    at <unknown> (Error: ./src/components/home/CategoryGrid.tsx:47:9)
    at Object.getCompilationErrors (file:///Users/andres/Documents/Asygnuz/one-star/node_modules/.pnpm/next@16.2.6_@babel+core@7.29.7_@opentelemetry+api@1.9.1_@playwright+test@1.61.1_react-d_2287c2fed37900450333ac24d06100d9/node_modules/next/dist/server/dev/hot-reloader-turbopack.js:1186:59)
    at DevBundlerService.getCompilationError (file:///Users/andres/Documents/Asygnuz/one-star/node_modules/.pnpm/next@16.2.6_@babel+core@7.29.7_@opentelemetry+api@1.9.1_@playwright+test@1.61.1_react-d_2287c2fed37900450333ac24d06100d9/node_modules/next/dist/server/lib/dev-bundler-service.js:44:55)
    at DevServer.getCompilationError (file:///Users/andres/Documents/Asygnuz/one-star/node_modules/.pnpm/next@16.2.6_@babel+core@7.29.7_@opentelemetry+api@1.9.1_@playwright+test@1.61.1_react-d_2287c2fed37900450333ac24d06100d9/node_modules/next/dist/server/dev/next-dev-server.js:720:42)
    at DevServer.findPageComponents (file:///Users/andres/Documents/Asygnuz/one-star/node_modules/.pnpm/next@16.2.6_@babel+core@7.29.7_@opentelemetry+api@1.9.1_@playwright+test@1.61.1_react-d_2287c2fed37900450333ac24d06100d9/node_modules/next/dist/server/dev/next-dev-server.js:690:43)
    at async DevServer.renderErrorToResponseImpl (file:///Users/andres/Documents/Asygnuz/one-star/node_modules/.pnpm/next@16.2.6_@babel+core@7.29.7_@opentelemetry+api@1.9.1_@playwright+test@1.61.1_react-d_2287c2fed37900450333ac24d06100d9/node_modules/next/dist/server/base-server.js:1753:26)
[  581294ms] [LOG] [HMR] connected @ http://localhost:3000/_next/static/chunks/0mm6_next_dist_0wb--n-._.js:1226
[  581328ms] [ERROR] ./src/components/home/CategoryGrid.tsx:47:9
the name `sectionBg` is defined multiple times
  45 |   const showAccent = config.showAccent !== false
  46 |   const subtitleColor = isDark ? "text-gray-400" : "text-[#4A4A4A]"
> 47 |   const sectionBg = isDark ? "bg-[#1C1C1C]" : (config.bgSection as string || "transparent")
     |         ^^^^^^^^^
  48 |
  49 |   const cardH = CARD_HEIGHT[cardHeight] ?? "h-40"
  50 |   const gridCols = GRID_COLS[columns] ?? "grid-cols-4"

Ecmascript file had an error

Import trace:
  Server Component:
    ./src/components/home/CategoryGrid.tsx
    ./src/app/page.tsx @ http://localhost:3000/_next/static/chunks/0mm6_next_dist_0wb--n-._.js:1945
[  581328ms] [ERROR] ./src/components/home/CategoryGrid.tsx:46:9
the name `subtitleColor` is defined multiple times
  44 |   const titleAlign = (config.titleAlign as string) || "center"
  45 |   const showAccent = config.showAccent !== false
> 46 |   const subtitleColor = isDark ? "text-gray-400" : "text-[#4A4A4A]"
     |         ^^^^^^^^^^^^^
  47 |   const sectionBg = isDark ? "bg-[#1C1C1C]" : (config.bgSection as string || "transparent")
  48 |
  49 |   const cardH = CARD_HEIGHT[cardHeight] ?? "h-40"

Ecmascript file had an error

Import trace:
  Server Component:
    ./src/components/home/CategoryGrid.tsx
    ./src/app/page.tsx @ http://localhost:3000/_next/static/chunks/0mm6_next_dist_0wb--n-._.js:1945
[  581362ms] [ERROR] ./src/components/home/CategoryGrid.tsx:47:9
the name `sectionBg` is defined multiple times
  45 |   const showAccent = config.showAccent !== false
  46 |   const subtitleColor = isDark ? "text-gray-400" : "text-[#4A4A4A]"
> 47 |   const sectionBg = isDark ? "bg-[#1C1C1C]" : (config.bgSection as string || "transparent")
     |         ^^^^^^^^^
  48 |
  49 |   const cardH = CARD_HEIGHT[cardHeight] ?? "h-40"
  50 |   const gridCols = GRID_COLS[columns] ?? "grid-cols-4"

Ecmascript file had an error

Import trace:
  Server Component:
    ./src/components/home/CategoryGrid.tsx
    ./src/app/page.tsx @ http://localhost:3000/_next/static/chunks/0mm6_next_dist_0wb--n-._.js:1945
[  581362ms] [ERROR] ./src/components/home/CategoryGrid.tsx:46:9
the name `subtitleColor` is defined multiple times
  44 |   const titleAlign = (config.titleAlign as string) || "center"
  45 |   const showAccent = config.showAccent !== false
> 46 |   const subtitleColor = isDark ? "text-gray-400" : "text-[#4A4A4A]"
     |         ^^^^^^^^^^^^^
  47 |   const sectionBg = isDark ? "bg-[#1C1C1C]" : (config.bgSection as string || "transparent")
  48 |
  49 |   const cardH = CARD_HEIGHT[cardHeight] ?? "h-40"

Ecmascript file had an error

Import trace:
  Server Component:
    ./src/components/home/CategoryGrid.tsx
    ./src/app/page.tsx @ http://localhost:3000/_next/static/chunks/0mm6_next_dist_0wb--n-._.js:1945
[  581462ms] [ERROR] ./src/components/home/CategoryGrid.tsx:47:9
the name `sectionBg` is defined multiple times
  45 |   const showAccent = config.showAccent !== false
  46 |   const subtitleColor = isDark ? "text-gray-400" : "text-[#4A4A4A]"
> 47 |   const sectionBg = isDark ? "bg-[#1C1C1C]" : (config.bgSection as string || "transparent")
     |         ^^^^^^^^^
  48 |
  49 |   const cardH = CARD_HEIGHT[cardHeight] ?? "h-40"
  50 |   const gridCols = GRID_COLS[columns] ?? "grid-cols-4"

Ecmascript file had an error

Import trace:
  Server Component:
    ./src/components/home/CategoryGrid.tsx
    ./src/app/page.tsx @ http://localhost:3000/_next/static/chunks/0mm6_next_dist_0wb--n-._.js:1945
[  581462ms] [ERROR] ./src/components/home/CategoryGrid.tsx:46:9
the name `subtitleColor` is defined multiple times
  44 |   const titleAlign = (config.titleAlign as string) || "center"
  45 |   const showAccent = config.showAccent !== false
> 46 |   const subtitleColor = isDark ? "text-gray-400" : "text-[#4A4A4A]"
     |         ^^^^^^^^^^^^^
  47 |   const sectionBg = isDark ? "bg-[#1C1C1C]" : (config.bgSection as string || "transparent")
  48 |
  49 |   const cardH = CARD_HEIGHT[cardHeight] ?? "h-40"

Ecmascript file had an error

Import trace:
  Server Component:
    ./src/components/home/CategoryGrid.tsx
    ./src/app/page.tsx @ http://localhost:3000/_next/static/chunks/0mm6_next_dist_0wb--n-._.js:1945
[  581506ms] [LOG] [Fast Refresh] rebuilding @ http://localhost:3000/_next/static/chunks/0mm6_next_dist_0wb--n-._.js:1226
[  597987ms] [LOG] [Fast Refresh] rebuilding @ http://localhost:3000/_next/static/chunks/0mm6_next_dist_0wb--n-._.js:1226
[  599896ms] [ERROR] ./src/components/home/CategoryGrid.tsx:47:9
the name `sectionBg` is defined multiple times
  45 |   const showAccent = config.showAccent !== false
  46 |   const subtitleColor = isDark ? "text-gray-400" : "text-[#4A4A4A]"
> 47 |   const sectionBg = isDark ? "bg-[#1C1C1C]" : (config.bgSection as string || "transparent")
     |         ^^^^^^^^^
  48 |
  49 |   const cardH = CARD_HEIGHT[cardHeight] ?? "h-40"
  50 |   const gridCols = GRID_COLS[columns] ?? "grid-cols-4"

Ecmascript file had an error

Import trace:
  Server Component:
    ./src/components/home/CategoryGrid.tsx
    ./src/app/page.tsx @ http://localhost:3000/_next/static/chunks/0mm6_next_dist_0wb--n-._.js:1945
[  599896ms] [ERROR] ./src/components/home/CategoryGrid.tsx:46:9
the name `subtitleColor` is defined multiple times
  44 |   const titleAlign = (config.titleAlign as string) || "center"
  45 |   const showAccent = config.showAccent !== false
> 46 |   const subtitleColor = isDark ? "text-gray-400" : "text-[#4A4A4A]"
     |         ^^^^^^^^^^^^^
  47 |   const sectionBg = isDark ? "bg-[#1C1C1C]" : (config.bgSection as string || "transparent")
  48 |
  49 |   const cardH = CARD_HEIGHT[cardHeight] ?? "h-40"

Ecmascript file had an error

Import trace:
  Server Component:
    ./src/components/home/CategoryGrid.tsx
    ./src/app/page.tsx @ http://localhost:3000/_next/static/chunks/0mm6_next_dist_0wb--n-._.js:1945
[  600432ms] [ERROR] ./src/components/home/CategoryGrid.tsx:47:9
the name `sectionBg` is defined multiple times
  45 |   const showAccent = config.showAccent !== false
  46 |   const subtitleColor = isDark ? "text-gray-400" : "text-[#4A4A4A]"
> 47 |   const sectionBg = isDark ? "bg-[#1C1C1C]" : (config.bgSection as string || "transparent")
     |         ^^^^^^^^^
  48 |
  49 |   const cardH = CARD_HEIGHT[cardHeight] ?? "h-40"
  50 |   const gridCols = GRID_COLS[columns] ?? "grid-cols-4"

Ecmascript file had an error

Import trace:
  Server Component:
    ./src/components/home/CategoryGrid.tsx
    ./src/app/page.tsx @ http://localhost:3000/_next/static/chunks/0mm6_next_dist_0wb--n-._.js:1945
[  600432ms] [ERROR] ./src/components/home/CategoryGrid.tsx:46:9
the name `subtitleColor` is defined multiple times
  44 |   const titleAlign = (config.titleAlign as string) || "center"
  45 |   const showAccent = config.showAccent !== false
> 46 |   const subtitleColor = isDark ? "text-gray-400" : "text-[#4A4A4A]"
     |         ^^^^^^^^^^^^^
  47 |   const sectionBg = isDark ? "bg-[#1C1C1C]" : (config.bgSection as string || "transparent")
  48 |
  49 |   const cardH = CARD_HEIGHT[cardHeight] ?? "h-40"

Ecmascript file had an error

Import trace:
  Server Component:
    ./src/components/home/CategoryGrid.tsx
    ./src/app/page.tsx @ http://localhost:3000/_next/static/chunks/0mm6_next_dist_0wb--n-._.js:1945
[  600472ms] [ERROR] ./src/components/home/CategoryGrid.tsx:47:9
the name `sectionBg` is defined multiple times
  45 |   const showAccent = config.showAccent !== false
  46 |   const subtitleColor = isDark ? "text-gray-400" : "text-[#4A4A4A]"
> 47 |   const sectionBg = isDark ? "bg-[#1C1C1C]" : (config.bgSection as string || "transparent")
     |         ^^^^^^^^^
  48 |
  49 |   const cardH = CARD_HEIGHT[cardHeight] ?? "h-40"
  50 |   const gridCols = GRID_COLS[columns] ?? "grid-cols-4"

Ecmascript file had an error

Import trace:
  Server Component:
    ./src/components/home/CategoryGrid.tsx
    ./src/app/page.tsx @ http://localhost:3000/_next/static/chunks/0mm6_next_dist_0wb--n-._.js:1945
[  600473ms] [ERROR] ./src/components/home/CategoryGrid.tsx:46:9
the name `subtitleColor` is defined multiple times
  44 |   const titleAlign = (config.titleAlign as string) || "center"
  45 |   const showAccent = config.showAccent !== false
> 46 |   const subtitleColor = isDark ? "text-gray-400" : "text-[#4A4A4A]"
     |         ^^^^^^^^^^^^^
  47 |   const sectionBg = isDark ? "bg-[#1C1C1C]" : (config.bgSection as string || "transparent")
  48 |
  49 |   const cardH = CARD_HEIGHT[cardHeight] ?? "h-40"

Ecmascript file had an error

Import trace:
  Server Component:
    ./src/components/home/CategoryGrid.tsx
    ./src/app/page.tsx @ http://localhost:3000/_next/static/chunks/0mm6_next_dist_0wb--n-._.js:1945
[  600534ms] [ERROR] ./src/components/home/CategoryGrid.tsx:47:9
the name `sectionBg` is defined multiple times
  45 |   const showAccent = config.showAccent !== false
  46 |   const subtitleColor = isDark ? "text-gray-400" : "text-[#4A4A4A]"
> 47 |   const sectionBg = isDark ? "bg-[#1C1C1C]" : (config.bgSection as string || "transparent")
     |         ^^^^^^^^^
  48 |
  49 |   const cardH = CARD_HEIGHT[cardHeight] ?? "h-40"
  50 |   const gridCols = GRID_COLS[columns] ?? "grid-cols-4"

Ecmascript file had an error

Import trace:
  Server Component:
    ./src/components/home/CategoryGrid.tsx
    ./src/app/page.tsx @ http://localhost:3000/_next/static/chunks/0mm6_next_dist_0wb--n-._.js:1945
[  600534ms] [ERROR] ./src/components/home/CategoryGrid.tsx:46:9
the name `subtitleColor` is defined multiple times
  44 |   const titleAlign = (config.titleAlign as string) || "center"
  45 |   const showAccent = config.showAccent !== false
> 46 |   const subtitleColor = isDark ? "text-gray-400" : "text-[#4A4A4A]"
     |         ^^^^^^^^^^^^^
  47 |   const sectionBg = isDark ? "bg-[#1C1C1C]" : (config.bgSection as string || "transparent")
  48 |
  49 |   const cardH = CARD_HEIGHT[cardHeight] ?? "h-40"

Ecmascript file had an error

Import trace:
  Server Component:
    ./src/components/home/CategoryGrid.tsx
    ./src/app/page.tsx @ http://localhost:3000/_next/static/chunks/0mm6_next_dist_0wb--n-._.js:1945
[  600636ms] [LOG] [Fast Refresh] rebuilding @ http://localhost:3000/_next/static/chunks/0mm6_next_dist_0wb--n-._.js:1226
[  600701ms] [ERROR] ./src/components/home/CategoryGrid.tsx:47:9
the name `sectionBg` is defined multiple times
  45 |   const showAccent = config.showAccent !== false
  46 |   const subtitleColor = isDark ? "text-gray-400" : "text-[#4A4A4A]"
> 47 |   const sectionBg = isDark ? "bg-[#1C1C1C]" : (config.bgSection as string || "transparent")
     |         ^^^^^^^^^
  48 |
  49 |   const cardH = CARD_HEIGHT[cardHeight] ?? "h-40"
  50 |   const gridCols = GRID_COLS[columns] ?? "grid-cols-4"

Ecmascript file had an error

Import trace:
  Server Component:
    ./src/components/home/CategoryGrid.tsx
    ./src/app/page.tsx @ http://localhost:3000/_next/static/chunks/0mm6_next_dist_0wb--n-._.js:1945
[  600701ms] [ERROR] ./src/components/home/CategoryGrid.tsx:46:9
the name `subtitleColor` is defined multiple times
  44 |   const titleAlign = (config.titleAlign as string) || "center"
  45 |   const showAccent = config.showAccent !== false
> 46 |   const subtitleColor = isDark ? "text-gray-400" : "text-[#4A4A4A]"
     |         ^^^^^^^^^^^^^
  47 |   const sectionBg = isDark ? "bg-[#1C1C1C]" : (config.bgSection as string || "transparent")
  48 |
  49 |   const cardH = CARD_HEIGHT[cardHeight] ?? "h-40"

Ecmascript file had an error

Import trace:
  Server Component:
    ./src/components/home/CategoryGrid.tsx
    ./src/app/page.tsx @ http://localhost:3000/_next/static/chunks/0mm6_next_dist_0wb--n-._.js:1945
[  600702ms] [ERROR] ./src/components/home/CategoryGrid.tsx:47:9
the name `sectionBg` is defined multiple times
  45 |   const showAccent = config.showAccent !== false
  46 |   const subtitleColor = isDark ? "text-gray-400" : "text-[#4A4A4A]"
> 47 |   const sectionBg = isDark ? "bg-[#1C1C1C]" : (config.bgSection as string || "transparent")
     |         ^^^^^^^^^
  48 |
  49 |   const cardH = CARD_HEIGHT[cardHeight] ?? "h-40"
  50 |   const gridCols = GRID_COLS[columns] ?? "grid-cols-4"

Ecmascript file had an error

Import trace:
  Server Component:
    ./src/components/home/CategoryGrid.tsx
    ./src/app/page.tsx @ http://localhost:3000/_next/static/chunks/0mm6_next_dist_0wb--n-._.js:1945
[  600702ms] [ERROR] ./src/components/home/CategoryGrid.tsx:46:9
the name `subtitleColor` is defined multiple times
  44 |   const titleAlign = (config.titleAlign as string) || "center"
  45 |   const showAccent = config.showAccent !== false
> 46 |   const subtitleColor = isDark ? "text-gray-400" : "text-[#4A4A4A]"
     |         ^^^^^^^^^^^^^
  47 |   const sectionBg = isDark ? "bg-[#1C1C1C]" : (config.bgSection as string || "transparent")
  48 |
  49 |   const cardH = CARD_HEIGHT[cardHeight] ?? "h-40"

Ecmascript file had an error

Import trace:
  Server Component:
    ./src/components/home/CategoryGrid.tsx
    ./src/app/page.tsx @ http://localhost:3000/_next/static/chunks/0mm6_next_dist_0wb--n-._.js:1945
[  600755ms] [ERROR] Failed to load resource: the server responded with a status of 500 (Internal Server Error) @ http://localhost:3000/admin/login?callbackUrl=%2Fadmin%2Flanding-builder:0
[  600838ms] [INFO] %cDownload the React DevTools for a better development experience: https://react.dev/link/react-devtools font-weight:bold @ http://localhost:3000/_next/static/chunks/0p2h_react-dom_0vsf22y._.js:15305
[  600954ms] Error: ./src/components/home/CategoryGrid.tsx:47:9
the name `sectionBg` is defined multiple times
  45 |   const showAccent = config.showAccent !== false
  46 |   const subtitleColor = isDark ? "text-gray-400" : "text-[#4A4A4A]"
> 47 |   const sectionBg = isDark ? "bg-[#1C1C1C]" : (config.bgSection as string || "transparent")
     |         ^^^^^^^^^
  48 |
  49 |   const cardH = CARD_HEIGHT[cardHeight] ?? "h-40"
  50 |   const gridCols = GRID_COLS[columns] ?? "grid-cols-4"

Ecmascript file had an error

Import trace:
  Server Component:
    ./src/components/home/CategoryGrid.tsx
    ./src/app/page.tsx


    at <unknown> (Error: ./src/components/home/CategoryGrid.tsx:47:9)
    at Object.getCompilationErrors (file:///Users/andres/Documents/Asygnuz/one-star/node_modules/.pnpm/next@16.2.6_@babel+core@7.29.7_@opentelemetry+api@1.9.1_@playwright+test@1.61.1_react-d_2287c2fed37900450333ac24d06100d9/node_modules/next/dist/server/dev/hot-reloader-turbopack.js:1186:59)
    at DevBundlerService.getCompilationError (file:///Users/andres/Documents/Asygnuz/one-star/node_modules/.pnpm/next@16.2.6_@babel+core@7.29.7_@opentelemetry+api@1.9.1_@playwright+test@1.61.1_react-d_2287c2fed37900450333ac24d06100d9/node_modules/next/dist/server/lib/dev-bundler-service.js:44:55)
    at DevServer.getCompilationError (file:///Users/andres/Documents/Asygnuz/one-star/node_modules/.pnpm/next@16.2.6_@babel+core@7.29.7_@opentelemetry+api@1.9.1_@playwright+test@1.61.1_react-d_2287c2fed37900450333ac24d06100d9/node_modules/next/dist/server/dev/next-dev-server.js:720:42)
    at DevServer.findPageComponents (file:///Users/andres/Documents/Asygnuz/one-star/node_modules/.pnpm/next@16.2.6_@babel+core@7.29.7_@opentelemetry+api@1.9.1_@playwright+test@1.61.1_react-d_2287c2fed37900450333ac24d06100d9/node_modules/next/dist/server/dev/next-dev-server.js:690:43)
    at async DevServer.renderErrorToResponseImpl (file:///Users/andres/Documents/Asygnuz/one-star/node_modules/.pnpm/next@16.2.6_@babel+core@7.29.7_@opentelemetry+api@1.9.1_@playwright+test@1.61.1_react-d_2287c2fed37900450333ac24d06100d9/node_modules/next/dist/server/base-server.js:1753:26)
[  600882ms] [LOG] [HMR] connected @ http://localhost:3000/_next/static/chunks/0mm6_next_dist_0wb--n-._.js:1226
[  600918ms] [ERROR] ./src/components/home/CategoryGrid.tsx:47:9
the name `sectionBg` is defined multiple times
  45 |   const showAccent = config.showAccent !== false
  46 |   const subtitleColor = isDark ? "text-gray-400" : "text-[#4A4A4A]"
> 47 |   const sectionBg = isDark ? "bg-[#1C1C1C]" : (config.bgSection as string || "transparent")
     |         ^^^^^^^^^
  48 |
  49 |   const cardH = CARD_HEIGHT[cardHeight] ?? "h-40"
  50 |   const gridCols = GRID_COLS[columns] ?? "grid-cols-4"

Ecmascript file had an error

Import trace:
  Server Component:
    ./src/components/home/CategoryGrid.tsx
    ./src/app/page.tsx @ http://localhost:3000/_next/static/chunks/0mm6_next_dist_0wb--n-._.js:1945
[  600918ms] [ERROR] ./src/components/home/CategoryGrid.tsx:46:9
the name `subtitleColor` is defined multiple times
  44 |   const titleAlign = (config.titleAlign as string) || "center"
  45 |   const showAccent = config.showAccent !== false
> 46 |   const subtitleColor = isDark ? "text-gray-400" : "text-[#4A4A4A]"
     |         ^^^^^^^^^^^^^
  47 |   const sectionBg = isDark ? "bg-[#1C1C1C]" : (config.bgSection as string || "transparent")
  48 |
  49 |   const cardH = CARD_HEIGHT[cardHeight] ?? "h-40"

Ecmascript file had an error

Import trace:
  Server Component:
    ./src/components/home/CategoryGrid.tsx
    ./src/app/page.tsx @ http://localhost:3000/_next/static/chunks/0mm6_next_dist_0wb--n-._.js:1945
[  600933ms] [ERROR] ./src/components/home/CategoryGrid.tsx:47:9
the name `sectionBg` is defined multiple times
  45 |   const showAccent = config.showAccent !== false
  46 |   const subtitleColor = isDark ? "text-gray-400" : "text-[#4A4A4A]"
> 47 |   const sectionBg = isDark ? "bg-[#1C1C1C]" : (config.bgSection as string || "transparent")
     |         ^^^^^^^^^
  48 |
  49 |   const cardH = CARD_HEIGHT[cardHeight] ?? "h-40"
  50 |   const gridCols = GRID_COLS[columns] ?? "grid-cols-4"

Ecmascript file had an error

Import trace:
  Server Component:
    ./src/components/home/CategoryGrid.tsx
    ./src/app/page.tsx @ http://localhost:3000/_next/static/chunks/0mm6_next_dist_0wb--n-._.js:1945
[  600933ms] [ERROR] ./src/components/home/CategoryGrid.tsx:46:9
the name `subtitleColor` is defined multiple times
  44 |   const titleAlign = (config.titleAlign as string) || "center"
  45 |   const showAccent = config.showAccent !== false
> 46 |   const subtitleColor = isDark ? "text-gray-400" : "text-[#4A4A4A]"
     |         ^^^^^^^^^^^^^
  47 |   const sectionBg = isDark ? "bg-[#1C1C1C]" : (config.bgSection as string || "transparent")
  48 |
  49 |   const cardH = CARD_HEIGHT[cardHeight] ?? "h-40"

Ecmascript file had an error

Import trace:
  Server Component:
    ./src/components/home/CategoryGrid.tsx
    ./src/app/page.tsx @ http://localhost:3000/_next/static/chunks/0mm6_next_dist_0wb--n-._.js:1945
[  600963ms] [ERROR] ./src/components/home/CategoryGrid.tsx:47:9
the name `sectionBg` is defined multiple times
  45 |   const showAccent = config.showAccent !== false
  46 |   const subtitleColor = isDark ? "text-gray-400" : "text-[#4A4A4A]"
> 47 |   const sectionBg = isDark ? "bg-[#1C1C1C]" : (config.bgSection as string || "transparent")
     |         ^^^^^^^^^
  48 |
  49 |   const cardH = CARD_HEIGHT[cardHeight] ?? "h-40"
  50 |   const gridCols = GRID_COLS[columns] ?? "grid-cols-4"

Ecmascript file had an error

Import trace:
  Server Component:
    ./src/components/home/CategoryGrid.tsx
    ./src/app/page.tsx @ http://localhost:3000/_next/static/chunks/0mm6_next_dist_0wb--n-._.js:1945
[  600963ms] [ERROR] ./src/components/home/CategoryGrid.tsx:46:9
the name `subtitleColor` is defined multiple times
  44 |   const titleAlign = (config.titleAlign as string) || "center"
  45 |   const showAccent = config.showAccent !== false
> 46 |   const subtitleColor = isDark ? "text-gray-400" : "text-[#4A4A4A]"
     |         ^^^^^^^^^^^^^
  47 |   const sectionBg = isDark ? "bg-[#1C1C1C]" : (config.bgSection as string || "transparent")
  48 |
  49 |   const cardH = CARD_HEIGHT[cardHeight] ?? "h-40"

Ecmascript file had an error

Import trace:
  Server Component:
    ./src/components/home/CategoryGrid.tsx
    ./src/app/page.tsx @ http://localhost:3000/_next/static/chunks/0mm6_next_dist_0wb--n-._.js:1945
[  601006ms] [ERROR] ./src/components/home/CategoryGrid.tsx:47:9
the name `sectionBg` is defined multiple times
  45 |   const showAccent = config.showAccent !== false
  46 |   const subtitleColor = isDark ? "text-gray-400" : "text-[#4A4A4A]"
> 47 |   const sectionBg = isDark ? "bg-[#1C1C1C]" : (config.bgSection as string || "transparent")
     |         ^^^^^^^^^
  48 |
  49 |   const cardH = CARD_HEIGHT[cardHeight] ?? "h-40"
  50 |   const gridCols = GRID_COLS[columns] ?? "grid-cols-4"

Ecmascript file had an error

Import trace:
  Server Component:
    ./src/components/home/CategoryGrid.tsx
    ./src/app/page.tsx @ http://localhost:3000/_next/static/chunks/0mm6_next_dist_0wb--n-._.js:1945
[  601007ms] [ERROR] ./src/components/home/CategoryGrid.tsx:46:9
the name `subtitleColor` is defined multiple times
  44 |   const titleAlign = (config.titleAlign as string) || "center"
  45 |   const showAccent = config.showAccent !== false
> 46 |   const subtitleColor = isDark ? "text-gray-400" : "text-[#4A4A4A]"
     |         ^^^^^^^^^^^^^
  47 |   const sectionBg = isDark ? "bg-[#1C1C1C]" : (config.bgSection as string || "transparent")
  48 |
  49 |   const cardH = CARD_HEIGHT[cardHeight] ?? "h-40"

Ecmascript file had an error

Import trace:
  Server Component:
    ./src/components/home/CategoryGrid.tsx
    ./src/app/page.tsx @ http://localhost:3000/_next/static/chunks/0mm6_next_dist_0wb--n-._.js:1945
[  601121ms] [ERROR] ./src/components/home/CategoryGrid.tsx:47:9
the name `sectionBg` is defined multiple times
  45 |   const showAccent = config.showAccent !== false
  46 |   const subtitleColor = isDark ? "text-gray-400" : "text-[#4A4A4A]"
> 47 |   const sectionBg = isDark ? "bg-[#1C1C1C]" : (config.bgSection as string || "transparent")
     |         ^^^^^^^^^
  48 |
  49 |   const cardH = CARD_HEIGHT[cardHeight] ?? "h-40"
  50 |   const gridCols = GRID_COLS[columns] ?? "grid-cols-4"

Ecmascript file had an error

Import trace:
  Server Component:
    ./src/components/home/CategoryGrid.tsx
    ./src/app/page.tsx @ http://localhost:3000/_next/static/chunks/0mm6_next_dist_0wb--n-._.js:1945
[  601121ms] [ERROR] ./src/components/home/CategoryGrid.tsx:46:9
the name `subtitleColor` is defined multiple times
  44 |   const titleAlign = (config.titleAlign as string) || "center"
  45 |   const showAccent = config.showAccent !== false
> 46 |   const subtitleColor = isDark ? "text-gray-400" : "text-[#4A4A4A]"
     |         ^^^^^^^^^^^^^
  47 |   const sectionBg = isDark ? "bg-[#1C1C1C]" : (config.bgSection as string || "transparent")
  48 |
  49 |   const cardH = CARD_HEIGHT[cardHeight] ?? "h-40"

Ecmascript file had an error

Import trace:
  Server Component:
    ./src/components/home/CategoryGrid.tsx
    ./src/app/page.tsx @ http://localhost:3000/_next/static/chunks/0mm6_next_dist_0wb--n-._.js:1945
[  601163ms] [LOG] [Fast Refresh] rebuilding @ http://localhost:3000/_next/static/chunks/0mm6_next_dist_0wb--n-._.js:1226
[  609662ms] [LOG] [Fast Refresh] rebuilding @ http://localhost:3000/_next/static/chunks/0mm6_next_dist_0wb--n-._.js:1226
[  609836ms] [ERROR] ./src/components/home/CategoryGrid.tsx:47:9
the name `sectionBg` is defined multiple times
  45 |   const showAccent = config.showAccent !== false
  46 |   const subtitleColor = isDark ? "text-gray-400" : "text-[#4A4A4A]"
> 47 |   const sectionBg = isDark ? "bg-[#1C1C1C]" : (config.bgSection as string || "transparent")
     |         ^^^^^^^^^
  48 |
  49 |   const cardH = CARD_HEIGHT[cardHeight] ?? "h-40"
  50 |   const gridCols = GRID_COLS[columns] ?? "grid-cols-4"

Ecmascript file had an error

Import trace:
  Server Component:
    ./src/components/home/CategoryGrid.tsx
    ./src/app/page.tsx @ http://localhost:3000/_next/static/chunks/0mm6_next_dist_0wb--n-._.js:1945
[  609837ms] [ERROR] ./src/components/home/CategoryGrid.tsx:46:9
the name `subtitleColor` is defined multiple times
  44 |   const titleAlign = (config.titleAlign as string) || "center"
  45 |   const showAccent = config.showAccent !== false
> 46 |   const subtitleColor = isDark ? "text-gray-400" : "text-[#4A4A4A]"
     |         ^^^^^^^^^^^^^
  47 |   const sectionBg = isDark ? "bg-[#1C1C1C]" : (config.bgSection as string || "transparent")
  48 |
  49 |   const cardH = CARD_HEIGHT[cardHeight] ?? "h-40"

Ecmascript file had an error

Import trace:
  Server Component:
    ./src/components/home/CategoryGrid.tsx
    ./src/app/page.tsx @ http://localhost:3000/_next/static/chunks/0mm6_next_dist_0wb--n-._.js:1945
[  610161ms] [ERROR] Failed to load resource: the server responded with a status of 500 (Internal Server Error) @ http://localhost:3000/admin/login?callbackUrl=%2Fadmin%2Flanding-builder:0
[  610238ms] [INFO] %cDownload the React DevTools for a better development experience: https://react.dev/link/react-devtools font-weight:bold @ http://localhost:3000/_next/static/chunks/0p2h_react-dom_0vsf22y._.js:15305
[  610265ms] Error: ./src/components/home/CategoryGrid.tsx:47:9
the name `sectionBg` is defined multiple times
  45 |   const showAccent = config.showAccent !== false
  46 |   const subtitleColor = isDark ? "text-gray-400" : "text-[#4A4A4A]"
> 47 |   const sectionBg = isDark ? "bg-[#1C1C1C]" : (config.bgSection as string || "transparent")
     |         ^^^^^^^^^
  48 |
  49 |   const cardH = CARD_HEIGHT[cardHeight] ?? "h-40"
  50 |   const gridCols = GRID_COLS[columns] ?? "grid-cols-4"

Ecmascript file had an error

Import trace:
  Server Component:
    ./src/components/home/CategoryGrid.tsx
    ./src/app/page.tsx


    at <unknown> (Error: ./src/components/home/CategoryGrid.tsx:47:9)
    at Object.getCompilationErrors (file:///Users/andres/Documents/Asygnuz/one-star/node_modules/.pnpm/next@16.2.6_@babel+core@7.29.7_@opentelemetry+api@1.9.1_@playwright+test@1.61.1_react-d_2287c2fed37900450333ac24d06100d9/node_modules/next/dist/server/dev/hot-reloader-turbopack.js:1186:59)
    at DevBundlerService.getCompilationError (file:///Users/andres/Documents/Asygnuz/one-star/node_modules/.pnpm/next@16.2.6_@babel+core@7.29.7_@opentelemetry+api@1.9.1_@playwright+test@1.61.1_react-d_2287c2fed37900450333ac24d06100d9/node_modules/next/dist/server/lib/dev-bundler-service.js:44:55)
    at DevServer.getCompilationError (file:///Users/andres/Documents/Asygnuz/one-star/node_modules/.pnpm/next@16.2.6_@babel+core@7.29.7_@opentelemetry+api@1.9.1_@playwright+test@1.61.1_react-d_2287c2fed37900450333ac24d06100d9/node_modules/next/dist/server/dev/next-dev-server.js:720:42)
    at DevServer.findPageComponents (file:///Users/andres/Documents/Asygnuz/one-star/node_modules/.pnpm/next@16.2.6_@babel+core@7.29.7_@opentelemetry+api@1.9.1_@playwright+test@1.61.1_react-d_2287c2fed37900450333ac24d06100d9/node_modules/next/dist/server/dev/next-dev-server.js:690:43)
    at async DevServer.renderErrorToResponseImpl (file:///Users/andres/Documents/Asygnuz/one-star/node_modules/.pnpm/next@16.2.6_@babel+core@7.29.7_@opentelemetry+api@1.9.1_@playwright+test@1.61.1_react-d_2287c2fed37900450333ac24d06100d9/node_modules/next/dist/server/base-server.js:1753:26)
[  610273ms] [LOG] [HMR] connected @ http://localhost:3000/_next/static/chunks/0mm6_next_dist_0wb--n-._.js:1226
[  610289ms] [ERROR] ./src/components/home/CategoryGrid.tsx:47:9
the name `sectionBg` is defined multiple times
  45 |   const showAccent = config.showAccent !== false
  46 |   const subtitleColor = isDark ? "text-gray-400" : "text-[#4A4A4A]"
> 47 |   const sectionBg = isDark ? "bg-[#1C1C1C]" : (config.bgSection as string || "transparent")
     |         ^^^^^^^^^
  48 |
  49 |   const cardH = CARD_HEIGHT[cardHeight] ?? "h-40"
  50 |   const gridCols = GRID_COLS[columns] ?? "grid-cols-4"

Ecmascript file had an error

Import trace:
  Server Component:
    ./src/components/home/CategoryGrid.tsx
    ./src/app/page.tsx @ http://localhost:3000/_next/static/chunks/0mm6_next_dist_0wb--n-._.js:1945
[  610289ms] [ERROR] ./src/components/home/CategoryGrid.tsx:46:9
the name `subtitleColor` is defined multiple times
  44 |   const titleAlign = (config.titleAlign as string) || "center"
  45 |   const showAccent = config.showAccent !== false
> 46 |   const subtitleColor = isDark ? "text-gray-400" : "text-[#4A4A4A]"
     |         ^^^^^^^^^^^^^
  47 |   const sectionBg = isDark ? "bg-[#1C1C1C]" : (config.bgSection as string || "transparent")
  48 |
  49 |   const cardH = CARD_HEIGHT[cardHeight] ?? "h-40"

Ecmascript file had an error

Import trace:
  Server Component:
    ./src/components/home/CategoryGrid.tsx
    ./src/app/page.tsx @ http://localhost:3000/_next/static/chunks/0mm6_next_dist_0wb--n-._.js:1945
[  610315ms] [ERROR] ./src/components/home/CategoryGrid.tsx:47:9
the name `sectionBg` is defined multiple times
  45 |   const showAccent = config.showAccent !== false
  46 |   const subtitleColor = isDark ? "text-gray-400" : "text-[#4A4A4A]"
> 47 |   const sectionBg = isDark ? "bg-[#1C1C1C]" : (config.bgSection as string || "transparent")
     |         ^^^^^^^^^
  48 |
  49 |   const cardH = CARD_HEIGHT[cardHeight] ?? "h-40"
  50 |   const gridCols = GRID_COLS[columns] ?? "grid-cols-4"

Ecmascript file had an error

Import trace:
  Server Component:
    ./src/components/home/CategoryGrid.tsx
    ./src/app/page.tsx @ http://localhost:3000/_next/static/chunks/0mm6_next_dist_0wb--n-._.js:1945
[  610315ms] [ERROR] ./src/components/home/CategoryGrid.tsx:46:9
the name `subtitleColor` is defined multiple times
  44 |   const titleAlign = (config.titleAlign as string) || "center"
  45 |   const showAccent = config.showAccent !== false
> 46 |   const subtitleColor = isDark ? "text-gray-400" : "text-[#4A4A4A]"
     |         ^^^^^^^^^^^^^
  47 |   const sectionBg = isDark ? "bg-[#1C1C1C]" : (config.bgSection as string || "transparent")
  48 |
  49 |   const cardH = CARD_HEIGHT[cardHeight] ?? "h-40"

Ecmascript file had an error

Import trace:
  Server Component:
    ./src/components/home/CategoryGrid.tsx
    ./src/app/page.tsx @ http://localhost:3000/_next/static/chunks/0mm6_next_dist_0wb--n-._.js:1945
[  610403ms] [ERROR] ./src/components/home/CategoryGrid.tsx:47:9
the name `sectionBg` is defined multiple times
  45 |   const showAccent = config.showAccent !== false
  46 |   const subtitleColor = isDark ? "text-gray-400" : "text-[#4A4A4A]"
> 47 |   const sectionBg = isDark ? "bg-[#1C1C1C]" : (config.bgSection as string || "transparent")
     |         ^^^^^^^^^
  48 |
  49 |   const cardH = CARD_HEIGHT[cardHeight] ?? "h-40"
  50 |   const gridCols = GRID_COLS[columns] ?? "grid-cols-4"

Ecmascript file had an error

Import trace:
  Server Component:
    ./src/components/home/CategoryGrid.tsx
    ./src/app/page.tsx @ http://localhost:3000/_next/static/chunks/0mm6_next_dist_0wb--n-._.js:1945
[  610403ms] [ERROR] ./src/components/home/CategoryGrid.tsx:46:9
the name `subtitleColor` is defined multiple times
  44 |   const titleAlign = (config.titleAlign as string) || "center"
  45 |   const showAccent = config.showAccent !== false
> 46 |   const subtitleColor = isDark ? "text-gray-400" : "text-[#4A4A4A]"
     |         ^^^^^^^^^^^^^
  47 |   const sectionBg = isDark ? "bg-[#1C1C1C]" : (config.bgSection as string || "transparent")
  48 |
  49 |   const cardH = CARD_HEIGHT[cardHeight] ?? "h-40"

Ecmascript file had an error

Import trace:
  Server Component:
    ./src/components/home/CategoryGrid.tsx
    ./src/app/page.tsx @ http://localhost:3000/_next/static/chunks/0mm6_next_dist_0wb--n-._.js:1945
[  610450ms] [LOG] [Fast Refresh] rebuilding @ http://localhost:3000/_next/static/chunks/0mm6_next_dist_0wb--n-._.js:1226
[  781727ms] [LOG] [Fast Refresh] rebuilding @ http://localhost:3000/_next/static/chunks/0mm6_next_dist_0wb--n-._.js:1226
[  783006ms] [LOG] [Fast Refresh] done in 1361ms @ http://localhost:3000/_next/static/chunks/0mm6_next_dist_0wb--n-._.js:1226
[  785559ms] [LOG] [Fast Refresh] rebuilding @ http://localhost:3000/_next/static/chunks/0mm6_next_dist_0wb--n-._.js:1226
[  785802ms] [LOG] [Fast Refresh] done in 345ms @ http://localhost:3000/_next/static/chunks/0mm6_next_dist_0wb--n-._.js:1226
[  786761ms] [INFO] %cDownload the React DevTools for a better development experience: https://react.dev/link/react-devtools font-weight:bold @ http://localhost:3000/_next/static/chunks/0mm6_next_dist_0.5x6h2._.js:2477
[  786868ms] [LOG] [HMR] connected @ http://localhost:3000/_next/static/chunks/0mm6_next_dist_0.5x6h2._.js:2477
[  787343ms] [LOG] [Fast Refresh] rebuilding @ http://localhost:3000/_next/static/chunks/0mm6_next_dist_0.5x6h2._.js:2477
[  787692ms] [LOG] [Fast Refresh] done in 449ms @ http://localhost:3000/_next/static/chunks/0mm6_next_dist_0.5x6h2._.js:2477
[  787919ms] [LOG] [Fast Refresh] rebuilding @ http://localhost:3000/_next/static/chunks/0mm6_next_dist_0.5x6h2._.js:2477
[  788412ms] [LOG] [Fast Refresh] done in 595ms @ http://localhost:3000/_next/static/chunks/0mm6_next_dist_0.5x6h2._.js:2477
[  812832ms] [LOG] [Fast Refresh] rebuilding @ http://localhost:3000/_next/static/chunks/0mm6_next_dist_0.5x6h2._.js:2477
[  812848ms] [LOG] [Fast Refresh] done in 118ms @ http://localhost:3000/_next/static/chunks/0mm6_next_dist_0.5x6h2._.js:2477
[  813039ms] [LOG] [Fast Refresh] rebuilding @ http://localhost:3000/_next/static/chunks/0mm6_next_dist_0.5x6h2._.js:2477
[  813066ms] [LOG] [Fast Refresh] done in 128ms @ http://localhost:3000/_next/static/chunks/0mm6_next_dist_0.5x6h2._.js:2477
[  818660ms] [LOG] [Fast Refresh] rebuilding @ http://localhost:3000/_next/static/chunks/0mm6_next_dist_0.5x6h2._.js:2477
[  831071ms] [LOG] [Fast Refresh] done in 12511ms @ http://localhost:3000/_next/static/chunks/0mm6_next_dist_0.5x6h2._.js:2477
[  831173ms] [LOG] [Fast Refresh] rebuilding @ http://localhost:3000/_next/static/chunks/0mm6_next_dist_0.5x6h2._.js:2477
[  831391ms] [LOG] [Fast Refresh] done in 320ms @ http://localhost:3000/_next/static/chunks/0mm6_next_dist_0.5x6h2._.js:2477
[  868241ms] [LOG] [Fast Refresh] rebuilding @ http://localhost:3000/_next/static/chunks/0mm6_next_dist_0.5x6h2._.js:2477
[  868365ms] [LOG] [Fast Refresh] done in 229ms @ http://localhost:3000/_next/static/chunks/0mm6_next_dist_0.5x6h2._.js:2477
[ 1017453ms] [LOG] [Fast Refresh] rebuilding @ http://localhost:3000/_next/static/chunks/0mm6_next_dist_0.5x6h2._.js:2477
[ 1018420ms] [LOG] [Fast Refresh] done in 1071ms @ http://localhost:3000/_next/static/chunks/0mm6_next_dist_0.5x6h2._.js:2477
[ 1054190ms] [LOG] [Fast Refresh] rebuilding @ http://localhost:3000/_next/static/chunks/0mm6_next_dist_0.5x6h2._.js:2477
[ 1054294ms] [LOG] [Fast Refresh] done in 205ms @ http://localhost:3000/_next/static/chunks/0mm6_next_dist_0.5x6h2._.js:2477
[ 1056960ms] [LOG] [Fast Refresh] rebuilding @ http://localhost:3000/_next/static/chunks/0mm6_next_dist_0.5x6h2._.js:2477
[ 1057007ms] [LOG] [Fast Refresh] done in 147ms @ http://localhost:3000/_next/static/chunks/0mm6_next_dist_0.5x6h2._.js:2477
[ 1057161ms] [LOG] [Fast Refresh] rebuilding @ http://localhost:3000/_next/static/chunks/0mm6_next_dist_0.5x6h2._.js:2477
[ 1057189ms] [LOG] [Fast Refresh] done in 129ms @ http://localhost:3000/_next/static/chunks/0mm6_next_dist_0.5x6h2._.js:2477
[ 1063313ms] [LOG] [Fast Refresh] rebuilding @ http://localhost:3000/_next/static/chunks/0mm6_next_dist_0.5x6h2._.js:2477
[ 1063326ms] [LOG] [Fast Refresh] done in 115ms @ http://localhost:3000/_next/static/chunks/0mm6_next_dist_0.5x6h2._.js:2477
[ 1080052ms] [LOG] [Fast Refresh] rebuilding @ http://localhost:3000/_next/static/chunks/0mm6_next_dist_0.5x6h2._.js:2477
[ 1080533ms] [LOG] [Fast Refresh] done in 583ms @ http://localhost:3000/_next/static/chunks/0mm6_next_dist_0.5x6h2._.js:2477
[ 1095593ms] [LOG] [Fast Refresh] rebuilding @ http://localhost:3000/_next/static/chunks/0mm6_next_dist_0.5x6h2._.js:2477
[ 1096052ms] [LOG] [Fast Refresh] done in 535ms @ http://localhost:3000/_next/static/chunks/0mm6_next_dist_0.5x6h2._.js:2477
[ 1113447ms] [LOG] [Fast Refresh] rebuilding @ http://localhost:3000/_next/static/chunks/0mm6_next_dist_0.5x6h2._.js:2477
[ 1113776ms] [LOG] [Fast Refresh] done in 425ms @ http://localhost:3000/_next/static/chunks/0mm6_next_dist_0.5x6h2._.js:2477
[ 1143306ms] [LOG] [Fast Refresh] rebuilding @ http://localhost:3000/_next/static/chunks/0mm6_next_dist_0.5x6h2._.js:2477
[ 1145539ms] [LOG] [Fast Refresh] done in 2328ms @ http://localhost:3000/_next/static/chunks/0mm6_next_dist_0.5x6h2._.js:2477
[ 1146023ms] [LOG] [Fast Refresh] rebuilding @ http://localhost:3000/_next/static/chunks/0mm6_next_dist_0.5x6h2._.js:2477
[ 1146378ms] [LOG] [Fast Refresh] done in 459ms @ http://localhost:3000/_next/static/chunks/0mm6_next_dist_0.5x6h2._.js:2477
[ 1168076ms] [LOG] [Fast Refresh] rebuilding @ http://localhost:3000/_next/static/chunks/0mm6_next_dist_0.5x6h2._.js:2477
[ 1168438ms] [LOG] [Fast Refresh] done in 465ms @ http://localhost:3000/_next/static/chunks/0mm6_next_dist_0.5x6h2._.js:2477
[ 1176105ms] [LOG] [Fast Refresh] rebuilding @ http://localhost:3000/_next/static/chunks/0mm6_next_dist_0.5x6h2._.js:2477
[ 1176615ms] [LOG] [Fast Refresh] done in 572ms @ http://localhost:3000/_next/static/chunks/0mm6_next_dist_0.5x6h2._.js:2477
[ 1184912ms] [LOG] [Fast Refresh] rebuilding @ http://localhost:3000/_next/static/chunks/0mm6_next_dist_0.5x6h2._.js:2477
[ 1185307ms] [LOG] [Fast Refresh] done in 498ms @ http://localhost:3000/_next/static/chunks/0mm6_next_dist_0.5x6h2._.js:2477
[ 1200051ms] [LOG] [Fast Refresh] rebuilding @ http://localhost:3000/_next/static/chunks/0mm6_next_dist_0.5x6h2._.js:2477
[ 1209637ms] [LOG] [Fast Refresh] done in 9686ms @ http://localhost:3000/_next/static/chunks/0mm6_next_dist_0.5x6h2._.js:2477
[ 1210046ms] [LOG] [Fast Refresh] rebuilding @ http://localhost:3000/_next/static/chunks/0mm6_next_dist_0.5x6h2._.js:2477
[ 1210263ms] [LOG] [Fast Refresh] done in 318ms @ http://localhost:3000/_next/static/chunks/0mm6_next_dist_0.5x6h2._.js:2477
[ 1210469ms] [LOG] [Fast Refresh] rebuilding @ http://localhost:3000/_next/static/chunks/0mm6_next_dist_0.5x6h2._.js:2477
[ 1210542ms] [LOG] [Fast Refresh] done in 174ms @ http://localhost:3000/_next/static/chunks/0mm6_next_dist_0.5x6h2._.js:2477
[ 1239681ms] [LOG] [Fast Refresh] rebuilding @ http://localhost:3000/_next/static/chunks/0mm6_next_dist_0.5x6h2._.js:2477
[ 1239953ms] [LOG] [Fast Refresh] done in 375ms @ http://localhost:3000/_next/static/chunks/0mm6_next_dist_0.5x6h2._.js:2477
[ 1527501ms] [LOG] [Fast Refresh] rebuilding @ http://localhost:3000/_next/static/chunks/0mm6_next_dist_0.5x6h2._.js:2477
[ 1527633ms] [LOG] [Fast Refresh] done in 239ms @ http://localhost:3000/_next/static/chunks/0mm6_next_dist_0.5x6h2._.js:2477
[ 1539396ms] [LOG] [Fast Refresh] rebuilding @ http://localhost:3000/_next/static/chunks/0mm6_next_dist_0.5x6h2._.js:2477
[ 1539405ms] [LOG] [Fast Refresh] done in 110ms @ http://localhost:3000/_next/static/chunks/0mm6_next_dist_0.5x6h2._.js:2477
[ 1541012ms] [LOG] [Fast Refresh] rebuilding @ http://localhost:3000/_next/static/chunks/0mm6_next_dist_0.5x6h2._.js:2477
[ 1541229ms] [LOG] [Fast Refresh] done in 319ms @ http://localhost:3000/_next/static/chunks/0mm6_next_dist_0.5x6h2._.js:2477
[ 1705068ms] [LOG] [Fast Refresh] rebuilding @ http://localhost:3000/_next/static/chunks/0mm6_next_dist_0.5x6h2._.js:2477
[ 1705138ms] [LOG] [Fast Refresh] done in 171ms @ http://localhost:3000/_next/static/chunks/0mm6_next_dist_0.5x6h2._.js:2477
[ 1717317ms] [LOG] [Fast Refresh] rebuilding @ http://localhost:3000/_next/static/chunks/0mm6_next_dist_0.5x6h2._.js:2477
[ 1717409ms] [LOG] [Fast Refresh] done in 193ms @ http://localhost:3000/_next/static/chunks/0mm6_next_dist_0.5x6h2._.js:2477
[ 1717700ms] [LOG] [Fast Refresh] rebuilding @ http://localhost:3000/_next/static/chunks/0mm6_next_dist_0.5x6h2._.js:2477
[ 1717730ms] [LOG] [Fast Refresh] done in 132ms @ http://localhost:3000/_next/static/chunks/0mm6_next_dist_0.5x6h2._.js:2477
[ 1719993ms] [LOG] [Fast Refresh] rebuilding @ http://localhost:3000/_next/static/chunks/0mm6_next_dist_0.5x6h2._.js:2477
[ 1720129ms] [LOG] [Fast Refresh] done in 237ms @ http://localhost:3000/_next/static/chunks/0mm6_next_dist_0.5x6h2._.js:2477
[ 1720811ms] [LOG] [Fast Refresh] rebuilding @ http://localhost:3000/_next/static/chunks/0mm6_next_dist_0.5x6h2._.js:2477
[ 1720891ms] [LOG] [Fast Refresh] done in 182ms @ http://localhost:3000/_next/static/chunks/0mm6_next_dist_0.5x6h2._.js:2477
[ 1728867ms] [LOG] [Fast Refresh] rebuilding @ http://localhost:3000/_next/static/chunks/0mm6_next_dist_0.5x6h2._.js:2477
[ 1728967ms] [LOG] [Fast Refresh] done in 202ms @ http://localhost:3000/_next/static/chunks/0mm6_next_dist_0.5x6h2._.js:2477
[ 1850279ms] [LOG] [Fast Refresh] rebuilding @ http://localhost:3000/_next/static/chunks/0mm6_next_dist_0.5x6h2._.js:2477
[ 1850396ms] [LOG] [Fast Refresh] done in 220ms @ http://localhost:3000/_next/static/chunks/0mm6_next_dist_0.5x6h2._.js:2477
[ 1856013ms] [LOG] [Fast Refresh] rebuilding @ http://localhost:3000/_next/static/chunks/0mm6_next_dist_0.5x6h2._.js:2477
[ 1856622ms] [LOG] [Fast Refresh] done in 710ms @ http://localhost:3000/_next/static/chunks/0mm6_next_dist_0.5x6h2._.js:2477
[ 1879984ms] [LOG] [Fast Refresh] rebuilding @ http://localhost:3000/_next/static/chunks/0mm6_next_dist_0.5x6h2._.js:2477
[ 1881295ms] [LOG] [Fast Refresh] done in 1321ms @ http://localhost:3000/_next/static/chunks/0mm6_next_dist_0.5x6h2._.js:2477
[ 2012660ms] [LOG] [Fast Refresh] rebuilding @ http://localhost:3000/_next/static/chunks/0mm6_next_dist_0.5x6h2._.js:2477
[ 2013171ms] [LOG] [Fast Refresh] done in 590ms @ http://localhost:3000/_next/static/chunks/0mm6_next_dist_0.5x6h2._.js:2477
[ 2027149ms] [LOG] [Fast Refresh] rebuilding @ http://localhost:3000/_next/static/chunks/0mm6_next_dist_0.5x6h2._.js:2477
[ 2028965ms] [LOG] [Fast Refresh] done in 1395ms @ http://localhost:3000/_next/static/chunks/0mm6_next_dist_0.5x6h2._.js:2477
[ 2029138ms] [LOG] [Fast Refresh] rebuilding @ http://localhost:3000/_next/static/chunks/0mm6_next_dist_0.5x6h2._.js:2477
[ 2029628ms] [LOG] [Fast Refresh] done in 591ms @ http://localhost:3000/_next/static/chunks/0mm6_next_dist_0.5x6h2._.js:2477
[ 2036480ms] [LOG] [Fast Refresh] rebuilding @ http://localhost:3000/_next/static/chunks/0mm6_next_dist_0.5x6h2._.js:2477
[ 2036512ms] [LOG] [Fast Refresh] done in 134ms @ http://localhost:3000/_next/static/chunks/0mm6_next_dist_0.5x6h2._.js:2477
[ 2040929ms] [LOG] [Fast Refresh] rebuilding @ http://localhost:3000/_next/static/chunks/0mm6_next_dist_0.5x6h2._.js:2477
[ 2041147ms] [LOG] [Fast Refresh] done in 245ms @ http://localhost:3000/_next/static/chunks/0mm6_next_dist_0.5x6h2._.js:2477
[ 2044494ms] [LOG] [Fast Refresh] rebuilding @ http://localhost:3000/_next/static/chunks/0mm6_next_dist_0.5x6h2._.js:2477
[ 2044761ms] [LOG] [Fast Refresh] done in 369ms @ http://localhost:3000/_next/static/chunks/0mm6_next_dist_0.5x6h2._.js:2477
[ 2051269ms] [LOG] [Fast Refresh] rebuilding @ http://localhost:3000/_next/static/chunks/0mm6_next_dist_0.5x6h2._.js:2477
[ 2051653ms] [LOG] [Fast Refresh] done in 485ms @ http://localhost:3000/_next/static/chunks/0mm6_next_dist_0.5x6h2._.js:2477
[ 2052658ms] [LOG] [Fast Refresh] rebuilding @ http://localhost:3000/_next/static/chunks/0mm6_next_dist_0.5x6h2._.js:2477
[ 2052792ms] [LOG] [Fast Refresh] done in 207ms @ http://localhost:3000/_next/static/chunks/0mm6_next_dist_0.5x6h2._.js:2477
[ 2065829ms] [LOG] [Fast Refresh] rebuilding @ http://localhost:3000/_next/static/chunks/0mm6_next_dist_0.5x6h2._.js:2477
[ 2065963ms] [LOG] [Fast Refresh] done in 215ms @ http://localhost:3000/_next/static/chunks/0mm6_next_dist_0.5x6h2._.js:2477
[ 2078455ms] [LOG] [Fast Refresh] rebuilding @ http://localhost:3000/_next/static/chunks/0mm6_next_dist_0.5x6h2._.js:2477
[ 2078575ms] [LOG] [Fast Refresh] done in 186ms @ http://localhost:3000/_next/static/chunks/0mm6_next_dist_0.5x6h2._.js:2477
[ 2096057ms] [LOG] [Fast Refresh] rebuilding @ http://localhost:3000/_next/static/chunks/0mm6_next_dist_0.5x6h2._.js:2477
[ 2096250ms] [LOG] [Fast Refresh] done in 288ms @ http://localhost:3000/_next/static/chunks/0mm6_next_dist_0.5x6h2._.js:2477
[ 2110044ms] [LOG] [Fast Refresh] rebuilding @ http://localhost:3000/_next/static/chunks/0mm6_next_dist_0.5x6h2._.js:2477
[ 2110306ms] [LOG] [Fast Refresh] done in 342ms @ http://localhost:3000/_next/static/chunks/0mm6_next_dist_0.5x6h2._.js:2477
[ 2130082ms] [LOG] [Fast Refresh] rebuilding @ http://localhost:3000/_next/static/chunks/0mm6_next_dist_0.5x6h2._.js:2477
[ 2130391ms] [LOG] [Fast Refresh] done in 411ms @ http://localhost:3000/_next/static/chunks/0mm6_next_dist_0.5x6h2._.js:2477
[ 2143320ms] [LOG] [Fast Refresh] rebuilding @ http://localhost:3000/_next/static/chunks/0mm6_next_dist_0.5x6h2._.js:2477
[ 2143510ms] [LOG] [Fast Refresh] done in 241ms @ http://localhost:3000/_next/static/chunks/0mm6_next_dist_0.5x6h2._.js:2477
[ 2156906ms] [LOG] [Fast Refresh] rebuilding @ http://localhost:3000/_next/static/chunks/0mm6_next_dist_0.5x6h2._.js:2477
[ 2157353ms] [LOG] [Fast Refresh] done in 540ms @ http://localhost:3000/_next/static/chunks/0mm6_next_dist_0.5x6h2._.js:2477
[ 2241568ms] [LOG] [Fast Refresh] rebuilding @ http://localhost:3000/_next/static/chunks/0mm6_next_dist_0.5x6h2._.js:2477
[ 2241597ms] [LOG] [Fast Refresh] done in 131ms @ http://localhost:3000/_next/static/chunks/0mm6_next_dist_0.5x6h2._.js:2477
[ 2279648ms] [LOG] [Fast Refresh] rebuilding @ http://localhost:3000/_next/static/chunks/0mm6_next_dist_0.5x6h2._.js:2477
[ 2279736ms] [LOG] [Fast Refresh] done in 189ms @ http://localhost:3000/_next/static/chunks/0mm6_next_dist_0.5x6h2._.js:2477
[ 2294323ms] [LOG] [Fast Refresh] rebuilding @ http://localhost:3000/_next/static/chunks/0mm6_next_dist_0.5x6h2._.js:2477
[ 2294491ms] [LOG] [Fast Refresh] done in 268ms @ http://localhost:3000/_next/static/chunks/0mm6_next_dist_0.5x6h2._.js:2477
[ 2320660ms] [LOG] [Fast Refresh] rebuilding @ http://localhost:3000/_next/static/chunks/0mm6_next_dist_0.5x6h2._.js:2477
[ 2324452ms] [LOG] [Fast Refresh] done in 3894ms @ http://localhost:3000/_next/static/chunks/0mm6_next_dist_0.5x6h2._.js:2477
[ 2330381ms] [LOG] [Fast Refresh] rebuilding @ http://localhost:3000/_next/static/chunks/0mm6_next_dist_0.5x6h2._.js:2477
[ 2332917ms] [LOG] [Fast Refresh] done in 1660ms @ http://localhost:3000/_next/static/chunks/0mm6_next_dist_0.5x6h2._.js:2477
[ 2335830ms] [LOG] [Fast Refresh] rebuilding @ http://localhost:3000/_next/static/chunks/0mm6_next_dist_0.5x6h2._.js:2477
[ 2336179ms] [LOG] [Fast Refresh] done in 450ms @ http://localhost:3000/_next/static/chunks/0mm6_next_dist_0.5x6h2._.js:2477
[ 2336931ms] [LOG] [Fast Refresh] rebuilding @ http://localhost:3000/_next/static/chunks/0mm6_next_dist_0.5x6h2._.js:2477
[ 2337206ms] [LOG] [Fast Refresh] done in 377ms @ http://localhost:3000/_next/static/chunks/0mm6_next_dist_0.5x6h2._.js:2477
[ 2373900ms] [LOG] [Fast Refresh] rebuilding @ http://localhost:3000/_next/static/chunks/0mm6_next_dist_0.5x6h2._.js:2477
[ 2374341ms] [LOG] [Fast Refresh] done in 497ms @ http://localhost:3000/_next/static/chunks/0mm6_next_dist_0.5x6h2._.js:2477
[ 2375802ms] [LOG] [Fast Refresh] rebuilding @ http://localhost:3000/_next/static/chunks/0mm6_next_dist_0.5x6h2._.js:2477
[ 2375867ms] [LOG] [Fast Refresh] done in 167ms @ http://localhost:3000/_next/static/chunks/0mm6_next_dist_0.5x6h2._.js:2477
[ 2423746ms] [LOG] [Fast Refresh] rebuilding @ http://localhost:3000/_next/static/chunks/0mm6_next_dist_0.5x6h2._.js:2477
[ 2424266ms] [LOG] [Fast Refresh] done in 595ms @ http://localhost:3000/_next/static/chunks/0mm6_next_dist_0.5x6h2._.js:2477
[ 2442455ms] [LOG] [Fast Refresh] rebuilding @ http://localhost:3000/_next/static/chunks/0mm6_next_dist_0.5x6h2._.js:2477
[ 2447120ms] [LOG] [Fast Refresh] done in 4695ms @ http://localhost:3000/_next/static/chunks/0mm6_next_dist_0.5x6h2._.js:2477
[ 2447397ms] [LOG] [Fast Refresh] rebuilding @ http://localhost:3000/_next/static/chunks/0mm6_next_dist_0.5x6h2._.js:2477
[ 2447741ms] [LOG] [Fast Refresh] done in 446ms @ http://localhost:3000/_next/static/chunks/0mm6_next_dist_0.5x6h2._.js:2477
[ 2448287ms] [LOG] [Fast Refresh] rebuilding @ http://localhost:3000/_next/static/chunks/0mm6_next_dist_0.5x6h2._.js:2477
[ 2448343ms] [LOG] [Fast Refresh] done in 158ms @ http://localhost:3000/_next/static/chunks/0mm6_next_dist_0.5x6h2._.js:2477
[ 2448472ms] [LOG] [Fast Refresh] rebuilding @ http://localhost:3000/_next/static/chunks/0mm6_next_dist_0.5x6h2._.js:2477
[ 2448894ms] [LOG] [Fast Refresh] done in 522ms @ http://localhost:3000/_next/static/chunks/0mm6_next_dist_0.5x6h2._.js:2477
[ 2449898ms] [LOG] [Fast Refresh] rebuilding @ http://localhost:3000/_next/static/chunks/0mm6_next_dist_0.5x6h2._.js:2477
[ 2449929ms] [LOG] [Fast Refresh] done in 132ms @ http://localhost:3000/_next/static/chunks/0mm6_next_dist_0.5x6h2._.js:2477
[ 2450596ms] [INFO] %cDownload the React DevTools for a better development experience: https://react.dev/link/react-devtools font-weight:bold @ http://localhost:3000/_next/static/chunks/0mm6_next_dist_0.5x6h2._.js:2477
[ 2450757ms] [LOG] [HMR] connected @ http://localhost:3000/_next/static/chunks/0mm6_next_dist_0.5x6h2._.js:2477
[ 2450944ms] [LOG] [Fast Refresh] rebuilding @ http://localhost:3000/_next/static/chunks/0mm6_next_dist_0.5x6h2._.js:2477
[ 2451476ms] [LOG] [Fast Refresh] done in 640ms @ http://localhost:3000/_next/static/chunks/0mm6_next_dist_0.5x6h2._.js:2477
[ 2451746ms] [LOG] [Fast Refresh] rebuilding @ http://localhost:3000/_next/static/chunks/0mm6_next_dist_0.5x6h2._.js:2477
[ 2451829ms] [LOG] [Fast Refresh] done in 184ms @ http://localhost:3000/_next/static/chunks/0mm6_next_dist_0.5x6h2._.js:2477
[ 2454621ms] [LOG] [Fast Refresh] rebuilding @ http://localhost:3000/_next/static/chunks/0mm6_next_dist_0.5x6h2._.js:2477
[ 2454781ms] [LOG] [Fast Refresh] done in 262ms @ http://localhost:3000/_next/static/chunks/0mm6_next_dist_0.5x6h2._.js:2477
[ 2455007ms] [LOG] [Fast Refresh] rebuilding @ http://localhost:3000/_next/static/chunks/0mm6_next_dist_0.5x6h2._.js:2477
[ 2455020ms] [LOG] [Fast Refresh] done in 114ms @ http://localhost:3000/_next/static/chunks/0mm6_next_dist_0.5x6h2._.js:2477
[ 2460880ms] [LOG] [Fast Refresh] rebuilding @ http://localhost:3000/_next/static/chunks/0mm6_next_dist_0.5x6h2._.js:2477
[ 2460890ms] [LOG] [Fast Refresh] done in 111ms @ http://localhost:3000/_next/static/chunks/0mm6_next_dist_0.5x6h2._.js:2477
[ 2722105ms] [LOG] [Fast Refresh] rebuilding @ http://localhost:3000/_next/static/chunks/0mm6_next_dist_0.5x6h2._.js:2477
[ 2722267ms] [LOG] [Fast Refresh] done in 265ms @ http://localhost:3000/_next/static/chunks/0mm6_next_dist_0.5x6h2._.js:2477
[ 2823786ms] [LOG] [Fast Refresh] rebuilding @ http://localhost:3000/_next/static/chunks/0mm6_next_dist_0.5x6h2._.js:2477
[ 2824030ms] [LOG] [Fast Refresh] done in 349ms @ http://localhost:3000/_next/static/chunks/0mm6_next_dist_0.5x6h2._.js:2477
[ 2844348ms] [LOG] [Fast Refresh] rebuilding @ http://localhost:3000/_next/static/chunks/0mm6_next_dist_0.5x6h2._.js:2477
[ 2844463ms] [LOG] [Fast Refresh] done in 216ms @ http://localhost:3000/_next/static/chunks/0mm6_next_dist_0.5x6h2._.js:2477
[ 2875900ms] [LOG] [Fast Refresh] rebuilding @ http://localhost:3000/_next/static/chunks/0mm6_next_dist_0.5x6h2._.js:2477
[ 2877684ms] [LOG] [Fast Refresh] done in 907ms @ http://localhost:3000/_next/static/chunks/0mm6_next_dist_0.5x6h2._.js:2477
[ 2879115ms] [LOG] [Fast Refresh] rebuilding @ http://localhost:3000/_next/static/chunks/0mm6_next_dist_0.5x6h2._.js:2477
[ 2879188ms] [LOG] [Fast Refresh] done in 174ms @ http://localhost:3000/_next/static/chunks/0mm6_next_dist_0.5x6h2._.js:2477
[ 2953438ms] [LOG] [Fast Refresh] rebuilding @ http://localhost:3000/_next/static/chunks/0mm6_next_dist_0.5x6h2._.js:2477
[ 2954236ms] [ERROR] ./src/components/admin/LandingBuilderList.tsx:579:3
Unexpected token. Did you mean `{'}'}` or `&rbrace;`?
  577 |       </div>
  578 |     )
> 579 |   }
      |   ^
  580 |
  581 |   if (editingGlobal === "LOGOS") {
  582 |     return (

Parsing ecmascript source code failed

Import traces:
  Client Component Browser:
    ./src/components/admin/LandingBuilderList.tsx [Client Component Browser]
    ./src/components/admin/VisualBuilderContainer.tsx [Client Component Browser]
    ./src/components/admin/VisualBuilderContainer.tsx [Server Component]
    ./src/app/admin/landing-builder/page.tsx [Server Component]

  Client Component SSR:
    ./src/components/admin/LandingBuilderList.tsx [Client Component SSR]
    ./src/components/admin/VisualBuilderContainer.tsx [Client Component SSR]
    ./src/components/admin/VisualBuilderContainer.tsx [Server Component]
    ./src/app/admin/landing-builder/page.tsx [Server Component] @ http://localhost:3000/_next/static/chunks/0mm6_next_dist_0.5x6h2._.js:3318
[ 3050043ms] [ERROR] ./src/components/admin/LandingBuilderList.tsx:579:3
Unexpected token. Did you mean `{'}'}` or `&rbrace;`?
  577 |       </div>
  578 |     )
> 579 |   }
      |   ^
  580 |
  581 |   if (editingGlobal === "LOGOS") {
  582 |     return (

Parsing ecmascript source code failed

Import traces:
  Client Component Browser:
    ./src/components/admin/LandingBuilderList.tsx [Client Component Browser]
    ./src/components/admin/VisualBuilderContainer.tsx [Client Component Browser]
    ./src/components/admin/VisualBuilderContainer.tsx [Server Component]
    ./src/app/admin/landing-builder/page.tsx [Server Component]

  Client Component SSR:
    ./src/components/admin/LandingBuilderList.tsx [Client Component SSR]
    ./src/components/admin/VisualBuilderContainer.tsx [Client Component SSR]
    ./src/components/admin/VisualBuilderContainer.tsx [Server Component]
    ./src/app/admin/landing-builder/page.tsx [Server Component] @ http://localhost:3000/_next/static/chunks/0mm6_next_dist_0.5x6h2._.js:3318
[ 3050068ms] [LOG] [Fast Refresh] rebuilding @ http://localhost:3000/_next/static/chunks/0mm6_next_dist_0.5x6h2._.js:2477
[ 3071804ms] [ERROR] ./src/components/admin/LandingBuilderList.tsx:579:3
Unexpected token. Did you mean `{'}'}` or `&rbrace;`?
  577 |       </div>
  578 |     )
> 579 |   }
      |   ^
  580 |
  581 |   if (editingGlobal === "LOGOS") {
  582 |     return (

Parsing ecmascript source code failed

Import traces:
  Client Component Browser:
    ./src/components/admin/LandingBuilderList.tsx [Client Component Browser]
    ./src/components/admin/VisualBuilderContainer.tsx [Client Component Browser]
    ./src/components/admin/VisualBuilderContainer.tsx [Server Component]
    ./src/app/admin/landing-builder/page.tsx [Server Component]

  Client Component SSR:
    ./src/components/admin/LandingBuilderList.tsx [Client Component SSR]
    ./src/components/admin/VisualBuilderContainer.tsx [Client Component SSR]
    ./src/components/admin/VisualBuilderContainer.tsx [Server Component]
    ./src/app/admin/landing-builder/page.tsx [Server Component] @ http://localhost:3000/_next/static/chunks/0mm6_next_dist_0.5x6h2._.js:3318
[ 3071855ms] [LOG] [Fast Refresh] rebuilding @ http://localhost:3000/_next/static/chunks/0mm6_next_dist_0.5x6h2._.js:2477
[ 3138450ms] [ERROR] ./src/components/admin/LandingBuilderList.tsx:579:3
Unexpected token. Did you mean `{'}'}` or `&rbrace;`?
  577 |       </div>
  578 |     )
> 579 |   }
      |   ^
  580 |
  581 |   if (editingGlobal === "LOGOS") {
  582 |     return (

Parsing ecmascript source code failed

Import traces:
  Client Component Browser:
    ./src/components/admin/LandingBuilderList.tsx [Client Component Browser]
    ./src/components/admin/VisualBuilderContainer.tsx [Client Component Browser]
    ./src/components/admin/VisualBuilderContainer.tsx [Server Component]
    ./src/app/admin/landing-builder/page.tsx [Server Component]

  Client Component SSR:
    ./src/components/admin/LandingBuilderList.tsx [Client Component SSR]
    ./src/components/admin/VisualBuilderContainer.tsx [Client Component SSR]
    ./src/components/admin/VisualBuilderContainer.tsx [Server Component]
    ./src/app/admin/landing-builder/page.tsx [Server Component] @ http://localhost:3000/_next/static/chunks/0mm6_next_dist_0.5x6h2._.js:3318
[ 3138465ms] [LOG] [Fast Refresh] rebuilding @ http://localhost:3000/_next/static/chunks/0mm6_next_dist_0.5x6h2._.js:2477
[ 3166691ms] [LOG] [Fast Refresh] rebuilding @ http://localhost:3000/_next/static/chunks/0mm6_next_dist_0.5x6h2._.js:2477
[ 3167313ms] [ERROR] ./src/components/home/ProductCard.tsx:144:7
Expression expected
  142 |       </Link>
  143 |
> 144 |       <div className="mt-4 text-center">
      |       ^
  145 |         <Link href={href || "#"} className="block" prefetch={false}>
  146 |           <p className={`text-xs font-bold uppercase tracking-wider mb-1 ${brandColor}`}>
  147 |             {brand}

Parsing ecmascript source code failed

Import traces:
  Client Component Browser:
    ./src/components/home/ProductCard.tsx [Client Component Browser]
    ./src/components/home/ProductCarouselClient.tsx [Client Component Browser]
    ./src/components/home/ProductCarouselClient.tsx [Server Component]
    ./src/components/home/ProductCarousel.tsx [Server Component]
    ./src/app/page.tsx [Server Component]

  Client Component SSR:
    ./src/components/home/ProductCard.tsx [Client Component SSR]
    ./src/components/home/ProductCarouselClient.tsx [Client Component SSR]
    ./src/components/home/ProductCarouselClient.tsx [Server Component]
    ./src/components/home/ProductCarousel.tsx [Server Component]
    ./src/app/page.tsx [Server Component] @ http://localhost:3000/_next/static/chunks/0mm6_next_dist_0.5x6h2._.js:3318
[ 3167314ms] [ERROR] ./src/components/admin/LandingBuilderList.tsx:579:3
Unexpected token. Did you mean `{'}'}` or `&rbrace;`?
  577 |       </div>
  578 |     )
> 579 |   }
      |   ^
  580 |
  581 |   if (editingGlobal === "LOGOS") {
  582 |     return (

Parsing ecmascript source code failed

Import traces:
  Client Component Browser:
    ./src/components/admin/LandingBuilderList.tsx [Client Component Browser]
    ./src/components/admin/VisualBuilderContainer.tsx [Client Component Browser]
    ./src/components/admin/VisualBuilderContainer.tsx [Server Component]
    ./src/app/admin/landing-builder/page.tsx [Server Component]

  Client Component SSR:
    ./src/components/admin/LandingBuilderList.tsx [Client Component SSR]
    ./src/components/admin/VisualBuilderContainer.tsx [Client Component SSR]
    ./src/components/admin/VisualBuilderContainer.tsx [Server Component]
    ./src/app/admin/landing-builder/page.tsx [Server Component] @ http://localhost:3000/_next/static/chunks/0mm6_next_dist_0.5x6h2._.js:3318
[ 3167489ms] [LOG] [Fast Refresh] rebuilding @ http://localhost:3000/_next/static/chunks/0mm6_next_dist_0.5x6h2._.js:2477
[ 3167784ms] [ERROR] ./src/components/home/ProductCard.tsx:144:7
Expression expected
  142 |       </Link>
  143 |
> 144 |       <div className="mt-4 text-center">
      |       ^
  145 |         <Link href={href || "#"} className="block" prefetch={false}>
  146 |           <p className={`text-xs font-bold uppercase tracking-wider mb-1 ${brandColor}`}>
  147 |             {brand}

Parsing ecmascript source code failed

Import traces:
  Client Component Browser:
    ./src/components/home/ProductCard.tsx [Client Component Browser]
    ./src/components/home/ProductCarouselClient.tsx [Client Component Browser]
    ./src/components/home/ProductCarouselClient.tsx [Server Component]
    ./src/components/home/ProductCarousel.tsx [Server Component]
    ./src/app/page.tsx [Server Component]

  Client Component SSR:
    ./src/components/home/ProductCard.tsx [Client Component SSR]
    ./src/components/home/ProductCarouselClient.tsx [Client Component SSR]
    ./src/components/home/ProductCarouselClient.tsx [Server Component]
    ./src/components/home/ProductCarousel.tsx [Server Component]
    ./src/app/page.tsx [Server Component] @ http://localhost:3000/_next/static/chunks/0mm6_next_dist_0.5x6h2._.js:3318
[ 3167784ms] [ERROR] ./src/components/admin/LandingBuilderList.tsx:579:3
Unexpected token. Did you mean `{'}'}` or `&rbrace;`?
  577 |       </div>
  578 |     )
> 579 |   }
      |   ^
  580 |
  581 |   if (editingGlobal === "LOGOS") {
  582 |     return (

Parsing ecmascript source code failed

Import traces:
  Client Component Browser:
    ./src/components/admin/LandingBuilderList.tsx [Client Component Browser]
    ./src/components/admin/VisualBuilderContainer.tsx [Client Component Browser]
    ./src/components/admin/VisualBuilderContainer.tsx [Server Component]
    ./src/app/admin/landing-builder/page.tsx [Server Component]

  Client Component SSR:
    ./src/components/admin/LandingBuilderList.tsx [Client Component SSR]
    ./src/components/admin/VisualBuilderContainer.tsx [Client Component SSR]
    ./src/components/admin/VisualBuilderContainer.tsx [Server Component]
    ./src/app/admin/landing-builder/page.tsx [Server Component] @ http://localhost:3000/_next/static/chunks/0mm6_next_dist_0.5x6h2._.js:3318
[ 3167879ms] [ERROR] ./src/components/home/ProductCard.tsx:144:7
Expression expected
  142 |       </Link>
  143 |
> 144 |       <div className="mt-4 text-center">
      |       ^
  145 |         <Link href={href || "#"} className="block" prefetch={false}>
  146 |           <p className={`text-xs font-bold uppercase tracking-wider mb-1 ${brandColor}`}>
  147 |             {brand}

Parsing ecmascript source code failed

Import traces:
  Client Component Browser:
    ./src/components/home/ProductCard.tsx [Client Component Browser]
    ./src/components/home/ProductCarouselClient.tsx [Client Component Browser]
    ./src/components/home/ProductCarouselClient.tsx [Server Component]
    ./src/components/home/ProductCarousel.tsx [Server Component]
    ./src/app/page.tsx [Server Component]

  Client Component SSR:
    ./src/components/home/ProductCard.tsx [Client Component SSR]
    ./src/components/home/ProductCarouselClient.tsx [Client Component SSR]
    ./src/components/home/ProductCarouselClient.tsx [Server Component]
    ./src/components/home/ProductCarousel.tsx [Server Component]
    ./src/app/page.tsx [Server Component] @ http://localhost:3000/_next/static/chunks/0mm6_next_dist_0.5x6h2._.js:3318
[ 3167879ms] [ERROR] ./src/components/admin/LandingBuilderList.tsx:579:3
Unexpected token. Did you mean `{'}'}` or `&rbrace;`?
  577 |       </div>
  578 |     )
> 579 |   }
      |   ^
  580 |
  581 |   if (editingGlobal === "LOGOS") {
  582 |     return (

Parsing ecmascript source code failed

Import traces:
  Client Component Browser:
    ./src/components/admin/LandingBuilderList.tsx [Client Component Browser]
    ./src/components/admin/VisualBuilderContainer.tsx [Client Component Browser]
    ./src/components/admin/VisualBuilderContainer.tsx [Server Component]
    ./src/app/admin/landing-builder/page.tsx [Server Component]

  Client Component SSR:
    ./src/components/admin/LandingBuilderList.tsx [Client Component SSR]
    ./src/components/admin/VisualBuilderContainer.tsx [Client Component SSR]
    ./src/components/admin/VisualBuilderContainer.tsx [Server Component]
    ./src/app/admin/landing-builder/page.tsx [Server Component] @ http://localhost:3000/_next/static/chunks/0mm6_next_dist_0.5x6h2._.js:3318
[ 3167958ms] [ERROR] ./src/components/home/ProductCard.tsx:144:7
Expression expected
  142 |       </Link>
  143 |
> 144 |       <div className="mt-4 text-center">
      |       ^
  145 |         <Link href={href || "#"} className="block" prefetch={false}>
  146 |           <p className={`text-xs font-bold uppercase tracking-wider mb-1 ${brandColor}`}>
  147 |             {brand}

Parsing ecmascript source code failed

Import traces:
  Client Component Browser:
    ./src/components/home/ProductCard.tsx [Client Component Browser]
    ./src/components/home/ProductCarouselClient.tsx [Client Component Browser]
    ./src/components/home/ProductCarouselClient.tsx [Server Component]
    ./src/components/home/ProductCarousel.tsx [Server Component]
    ./src/app/page.tsx [Server Component]

  Client Component SSR:
    ./src/components/home/ProductCard.tsx [Client Component SSR]
    ./src/components/home/ProductCarouselClient.tsx [Client Component SSR]
    ./src/components/home/ProductCarouselClient.tsx [Server Component]
    ./src/components/home/ProductCarousel.tsx [Server Component]
    ./src/app/page.tsx [Server Component] @ http://localhost:3000/_next/static/chunks/0mm6_next_dist_0.5x6h2._.js:3318
[ 3167959ms] [ERROR] ./src/components/admin/LandingBuilderList.tsx:579:3
Unexpected token. Did you mean `{'}'}` or `&rbrace;`?
  577 |       </div>
  578 |     )
> 579 |   }
      |   ^
  580 |
  581 |   if (editingGlobal === "LOGOS") {
  582 |     return (

Parsing ecmascript source code failed

Import traces:
  Client Component Browser:
    ./src/components/admin/LandingBuilderList.tsx [Client Component Browser]
    ./src/components/admin/VisualBuilderContainer.tsx [Client Component Browser]
    ./src/components/admin/VisualBuilderContainer.tsx [Server Component]
    ./src/app/admin/landing-builder/page.tsx [Server Component]

  Client Component SSR:
    ./src/components/admin/LandingBuilderList.tsx [Client Component SSR]
    ./src/components/admin/VisualBuilderContainer.tsx [Client Component SSR]
    ./src/components/admin/VisualBuilderContainer.tsx [Server Component]
    ./src/app/admin/landing-builder/page.tsx [Server Component] @ http://localhost:3000/_next/static/chunks/0mm6_next_dist_0.5x6h2._.js:3318
[ 3168058ms] [ERROR] ./src/components/home/ProductCard.tsx:144:7
Expression expected
  142 |       </Link>
  143 |
> 144 |       <div className="mt-4 text-center">
      |       ^
  145 |         <Link href={href || "#"} className="block" prefetch={false}>
  146 |           <p className={`text-xs font-bold uppercase tracking-wider mb-1 ${brandColor}`}>
  147 |             {brand}

Parsing ecmascript source code failed

Import traces:
  Client Component Browser:
    ./src/components/home/ProductCard.tsx [Client Component Browser]
    ./src/components/home/ProductCarouselClient.tsx [Client Component Browser]
    ./src/components/home/ProductCarouselClient.tsx [Server Component]
    ./src/components/home/ProductCarousel.tsx [Server Component]
    ./src/app/page.tsx [Server Component]

  Client Component SSR:
    ./src/components/home/ProductCard.tsx [Client Component SSR]
    ./src/components/home/ProductCarouselClient.tsx [Client Component SSR]
    ./src/components/home/ProductCarouselClient.tsx [Server Component]
    ./src/components/home/ProductCarousel.tsx [Server Component]
    ./src/app/page.tsx [Server Component] @ http://localhost:3000/_next/static/chunks/0mm6_next_dist_0.5x6h2._.js:3318
[ 3168058ms] [ERROR] ./src/components/admin/LandingBuilderList.tsx:579:3
Unexpected token. Did you mean `{'}'}` or `&rbrace;`?
  577 |       </div>
  578 |     )
> 579 |   }
      |   ^
  580 |
  581 |   if (editingGlobal === "LOGOS") {
  582 |     return (

Parsing ecmascript source code failed

Import traces:
  Client Component Browser:
    ./src/components/admin/LandingBuilderList.tsx [Client Component Browser]
    ./src/components/admin/VisualBuilderContainer.tsx [Client Component Browser]
    ./src/components/admin/VisualBuilderContainer.tsx [Server Component]
    ./src/app/admin/landing-builder/page.tsx [Server Component]

  Client Component SSR:
    ./src/components/admin/LandingBuilderList.tsx [Client Component SSR]
    ./src/components/admin/VisualBuilderContainer.tsx [Client Component SSR]
    ./src/components/admin/VisualBuilderContainer.tsx [Server Component]
    ./src/app/admin/landing-builder/page.tsx [Server Component] @ http://localhost:3000/_next/static/chunks/0mm6_next_dist_0.5x6h2._.js:3318
[ 3168062ms] [LOG] [Fast Refresh] rebuilding @ http://localhost:3000/_next/static/chunks/0mm6_next_dist_0.5x6h2._.js:2477
[ 3168225ms] [ERROR] Failed to load resource: the server responded with a status of 500 (Internal Server Error) @ http://localhost:3000/admin/login?callbackUrl=%2Fadmin%2Flanding-builder&_rsc=0XkSDml4_9CIWReN:0
[ 3168334ms] [LOG] [Fast Refresh] rebuilding @ http://localhost:3000/_next/static/chunks/0mm6_next_dist_0.5x6h2._.js:2477
[ 3168414ms] [ERROR] ./src/components/home/ProductCard.tsx:144:7
Expression expected
  142 |       </Link>
  143 |
> 144 |       <div className="mt-4 text-center">
      |       ^
  145 |         <Link href={href || "#"} className="block" prefetch={false}>
  146 |           <p className={`text-xs font-bold uppercase tracking-wider mb-1 ${brandColor}`}>
  147 |             {brand}

Parsing ecmascript source code failed

Import traces:
  Client Component Browser:
    ./src/components/home/ProductCard.tsx [Client Component Browser]
    ./src/components/home/ProductCarouselClient.tsx [Client Component Browser]
    ./src/components/home/ProductCarouselClient.tsx [Server Component]
    ./src/components/home/ProductCarousel.tsx [Server Component]
    ./src/app/page.tsx [Server Component]

  Client Component SSR:
    ./src/components/home/ProductCard.tsx [Client Component SSR]
    ./src/components/home/ProductCarouselClient.tsx [Client Component SSR]
    ./src/components/home/ProductCarouselClient.tsx [Server Component]
    ./src/components/home/ProductCarousel.tsx [Server Component]
    ./src/app/page.tsx [Server Component] @ http://localhost:3000/_next/static/chunks/0mm6_next_dist_0.5x6h2._.js:3318
[ 3168414ms] [ERROR] ./src/components/admin/LandingBuilderList.tsx:579:3
Unexpected token. Did you mean `{'}'}` or `&rbrace;`?
  577 |       </div>
  578 |     )
> 579 |   }
      |   ^
  580 |
  581 |   if (editingGlobal === "LOGOS") {
  582 |     return (

Parsing ecmascript source code failed

Import traces:
  Client Component Browser:
    ./src/components/admin/LandingBuilderList.tsx [Client Component Browser]
    ./src/components/admin/VisualBuilderContainer.tsx [Client Component Browser]
    ./src/components/admin/VisualBuilderContainer.tsx [Server Component]
    ./src/app/admin/landing-builder/page.tsx [Server Component]

  Client Component SSR:
    ./src/components/admin/LandingBuilderList.tsx [Client Component SSR]
    ./src/components/admin/VisualBuilderContainer.tsx [Client Component SSR]
    ./src/components/admin/VisualBuilderContainer.tsx [Server Component]
    ./src/app/admin/landing-builder/page.tsx [Server Component] @ http://localhost:3000/_next/static/chunks/0mm6_next_dist_0.5x6h2._.js:3318
[ 3168486ms] [ERROR] ./src/components/home/ProductCard.tsx:144:7
Expression expected
  142 |       </Link>
  143 |
> 144 |       <div className="mt-4 text-center">
      |       ^
  145 |         <Link href={href || "#"} className="block" prefetch={false}>
  146 |           <p className={`text-xs font-bold uppercase tracking-wider mb-1 ${brandColor}`}>
  147 |             {brand}

Parsing ecmascript source code failed

Import traces:
  Client Component Browser:
    ./src/components/home/ProductCard.tsx [Client Component Browser]
    ./src/components/home/ProductCarouselClient.tsx [Client Component Browser]
    ./src/components/home/ProductCarouselClient.tsx [Server Component]
    ./src/components/home/ProductCarousel.tsx [Server Component]
    ./src/app/page.tsx [Server Component]

  Client Component SSR:
    ./src/components/home/ProductCard.tsx [Client Component SSR]
    ./src/components/home/ProductCarouselClient.tsx [Client Component SSR]
    ./src/components/home/ProductCarouselClient.tsx [Server Component]
    ./src/components/home/ProductCarousel.tsx [Server Component]
    ./src/app/page.tsx [Server Component] @ http://localhost:3000/_next/static/chunks/0mm6_next_dist_0.5x6h2._.js:3318
[ 3168486ms] [ERROR] ./src/components/admin/LandingBuilderList.tsx:579:3
Unexpected token. Did you mean `{'}'}` or `&rbrace;`?
  577 |       </div>
  578 |     )
> 579 |   }
      |   ^
  580 |
  581 |   if (editingGlobal === "LOGOS") {
  582 |     return (

Parsing ecmascript source code failed

Import traces:
  Client Component Browser:
    ./src/components/admin/LandingBuilderList.tsx [Client Component Browser]
    ./src/components/admin/VisualBuilderContainer.tsx [Client Component Browser]
    ./src/components/admin/VisualBuilderContainer.tsx [Server Component]
    ./src/app/admin/landing-builder/page.tsx [Server Component]

  Client Component SSR:
    ./src/components/admin/LandingBuilderList.tsx [Client Component SSR]
    ./src/components/admin/VisualBuilderContainer.tsx [Client Component SSR]
    ./src/components/admin/VisualBuilderContainer.tsx [Server Component]
    ./src/app/admin/landing-builder/page.tsx [Server Component] @ http://localhost:3000/_next/static/chunks/0mm6_next_dist_0.5x6h2._.js:3318
[ 3168589ms] [LOG] [Fast Refresh] rebuilding @ http://localhost:3000/_next/static/chunks/0mm6_next_dist_0.5x6h2._.js:2477
[ 3168655ms] [ERROR] Failed to load resource: the server responded with a status of 500 (Internal Server Error) @ http://localhost:3000/admin/login?callbackUrl=%2Fadmin%2Flanding-builder&_rsc=0XkSDml4_9CIWReN:0
[ 3168702ms] [ERROR] ./src/components/home/ProductCard.tsx:144:7
Expression expected
  142 |       </Link>
  143 |
> 144 |       <div className="mt-4 text-center">
      |       ^
  145 |         <Link href={href || "#"} className="block" prefetch={false}>
  146 |           <p className={`text-xs font-bold uppercase tracking-wider mb-1 ${brandColor}`}>
  147 |             {brand}

Parsing ecmascript source code failed

Import traces:
  Client Component Browser:
    ./src/components/home/ProductCard.tsx [Client Component Browser]
    ./src/components/home/ProductCarouselClient.tsx [Client Component Browser]
    ./src/components/home/ProductCarouselClient.tsx [Server Component]
    ./src/components/home/ProductCarousel.tsx [Server Component]
    ./src/app/page.tsx [Server Component]

  Client Component SSR:
    ./src/components/home/ProductCard.tsx [Client Component SSR]
    ./src/components/home/ProductCarouselClient.tsx [Client Component SSR]
    ./src/components/home/ProductCarouselClient.tsx [Server Component]
    ./src/components/home/ProductCarousel.tsx [Server Component]
    ./src/app/page.tsx [Server Component] @ http://localhost:3000/_next/static/chunks/0mm6_next_dist_0.5x6h2._.js:3318
[ 3168703ms] [ERROR] ./src/components/admin/LandingBuilderList.tsx:579:3
Unexpected token. Did you mean `{'}'}` or `&rbrace;`?
  577 |       </div>
  578 |     )
> 579 |   }
      |   ^
  580 |
  581 |   if (editingGlobal === "LOGOS") {
  582 |     return (

Parsing ecmascript source code failed

Import traces:
  Client Component Browser:
    ./src/components/admin/LandingBuilderList.tsx [Client Component Browser]
    ./src/components/admin/VisualBuilderContainer.tsx [Client Component Browser]
    ./src/components/admin/VisualBuilderContainer.tsx [Server Component]
    ./src/app/admin/landing-builder/page.tsx [Server Component]

  Client Component SSR:
    ./src/components/admin/LandingBuilderList.tsx [Client Component SSR]
    ./src/components/admin/VisualBuilderContainer.tsx [Client Component SSR]
    ./src/components/admin/VisualBuilderContainer.tsx [Server Component]
    ./src/app/admin/landing-builder/page.tsx [Server Component] @ http://localhost:3000/_next/static/chunks/0mm6_next_dist_0.5x6h2._.js:3318
[ 3168804ms] [LOG] [Fast Refresh] rebuilding @ http://localhost:3000/_next/static/chunks/0mm6_next_dist_0.5x6h2._.js:2477
[ 3168812ms] [ERROR] ./src/components/home/ProductCard.tsx:144:7
Expression expected
  142 |       </Link>
  143 |
> 144 |       <div className="mt-4 text-center">
      |       ^
  145 |         <Link href={href || "#"} className="block" prefetch={false}>
  146 |           <p className={`text-xs font-bold uppercase tracking-wider mb-1 ${brandColor}`}>
  147 |             {brand}

Parsing ecmascript source code failed

Import traces:
  Client Component Browser:
    ./src/components/home/ProductCard.tsx [Client Component Browser]
    ./src/components/home/ProductCarouselClient.tsx [Client Component Browser]
    ./src/components/home/ProductCarouselClient.tsx [Server Component]
    ./src/components/home/ProductCarousel.tsx [Server Component]
    ./src/app/page.tsx [Server Component]

  Client Component SSR:
    ./src/components/home/ProductCard.tsx [Client Component SSR]
    ./src/components/home/ProductCarouselClient.tsx [Client Component SSR]
    ./src/components/home/ProductCarouselClient.tsx [Server Component]
    ./src/components/home/ProductCarousel.tsx [Server Component]
    ./src/app/page.tsx [Server Component] @ http://localhost:3000/_next/static/chunks/0mm6_next_dist_0.5x6h2._.js:3318
[ 3168812ms] [ERROR] ./src/components/admin/LandingBuilderList.tsx:579:3
Unexpected token. Did you mean `{'}'}` or `&rbrace;`?
  577 |       </div>
  578 |     )
> 579 |   }
      |   ^
  580 |
  581 |   if (editingGlobal === "LOGOS") {
  582 |     return (

Parsing ecmascript source code failed

Import traces:
  Client Component Browser:
    ./src/components/admin/LandingBuilderList.tsx [Client Component Browser]
    ./src/components/admin/VisualBuilderContainer.tsx [Client Component Browser]
    ./src/components/admin/VisualBuilderContainer.tsx [Server Component]
    ./src/app/admin/landing-builder/page.tsx [Server Component]

  Client Component SSR:
    ./src/components/admin/LandingBuilderList.tsx [Client Component SSR]
    ./src/components/admin/VisualBuilderContainer.tsx [Client Component SSR]
    ./src/components/admin/VisualBuilderContainer.tsx [Server Component]
    ./src/app/admin/landing-builder/page.tsx [Server Component] @ http://localhost:3000/_next/static/chunks/0mm6_next_dist_0.5x6h2._.js:3318
[ 3168871ms] [ERROR] Failed to load resource: the server responded with a status of 500 (Internal Server Error) @ http://localhost:3000/admin/login?callbackUrl=%2Fadmin%2Flanding-builder:0
[ 3169307ms] [INFO] %cDownload the React DevTools for a better development experience: https://react.dev/link/react-devtools font-weight:bold @ http://localhost:3000/_next/static/chunks/0p2h_react-dom_0vsf22y._.js:15305
[ 3169370ms] Error: ./src/components/home/ProductCard.tsx:144:7
Expression expected
  142 |       </Link>
  143 |
> 144 |       <div className="mt-4 text-center">
      |       ^
  145 |         <Link href={href || "#"} className="block" prefetch={false}>
  146 |           <p className={`text-xs font-bold uppercase tracking-wider mb-1 ${brandColor}`}>
  147 |             {brand}

Parsing ecmascript source code failed

Import traces:
  Client Component Browser:
    ./src/components/home/ProductCard.tsx [Client Component Browser]
    ./src/components/home/ProductCarouselClient.tsx [Client Component Browser]
    ./src/components/home/ProductCarouselClient.tsx [Server Component]
    ./src/components/home/ProductCarousel.tsx [Server Component]
    ./src/app/page.tsx [Server Component]

  Client Component SSR:
    ./src/components/home/ProductCard.tsx [Client Component SSR]
    ./src/components/home/ProductCarouselClient.tsx [Client Component SSR]
    ./src/components/home/ProductCarouselClient.tsx [Server Component]
    ./src/components/home/ProductCarousel.tsx [Server Component]
    ./src/app/page.tsx [Server Component]


    at <unknown> (Error: ./src/components/home/ProductCard.tsx:144:7)
    at Object.getCompilationErrors (file:///Users/andres/Documents/Asygnuz/one-star/node_modules/.pnpm/next@16.2.6_@babel+core@7.29.7_@opentelemetry+api@1.9.1_@playwright+test@1.61.1_react-d_2287c2fed37900450333ac24d06100d9/node_modules/next/dist/server/dev/hot-reloader-turbopack.js:1186:59)
    at DevBundlerService.getCompilationError (file:///Users/andres/Documents/Asygnuz/one-star/node_modules/.pnpm/next@16.2.6_@babel+core@7.29.7_@opentelemetry+api@1.9.1_@playwright+test@1.61.1_react-d_2287c2fed37900450333ac24d06100d9/node_modules/next/dist/server/lib/dev-bundler-service.js:44:55)
    at DevServer.getCompilationError (file:///Users/andres/Documents/Asygnuz/one-star/node_modules/.pnpm/next@16.2.6_@babel+core@7.29.7_@opentelemetry+api@1.9.1_@playwright+test@1.61.1_react-d_2287c2fed37900450333ac24d06100d9/node_modules/next/dist/server/dev/next-dev-server.js:720:42)
    at DevServer.findPageComponents (file:///Users/andres/Documents/Asygnuz/one-star/node_modules/.pnpm/next@16.2.6_@babel+core@7.29.7_@opentelemetry+api@1.9.1_@playwright+test@1.61.1_react-d_2287c2fed37900450333ac24d06100d9/node_modules/next/dist/server/dev/next-dev-server.js:690:43)
    at async DevServer.renderErrorToResponseImpl (file:///Users/andres/Documents/Asygnuz/one-star/node_modules/.pnpm/next@16.2.6_@babel+core@7.29.7_@opentelemetry+api@1.9.1_@playwright+test@1.61.1_react-d_2287c2fed37900450333ac24d06100d9/node_modules/next/dist/server/base-server.js:1753:26)
[ 3169403ms] [LOG] [HMR] connected @ http://localhost:3000/_next/static/chunks/0mm6_next_dist_0wb--n-._.js:1226
[ 3169425ms] [ERROR] ./src/components/home/ProductCard.tsx:144:7
Expression expected
  142 |       </Link>
  143 |
> 144 |       <div className="mt-4 text-center">
      |       ^
  145 |         <Link href={href || "#"} className="block" prefetch={false}>
  146 |           <p className={`text-xs font-bold uppercase tracking-wider mb-1 ${brandColor}`}>
  147 |             {brand}

Parsing ecmascript source code failed

Import traces:
  Client Component Browser:
    ./src/components/home/ProductCard.tsx [Client Component Browser]
    ./src/components/home/ProductCarouselClient.tsx [Client Component Browser]
    ./src/components/home/ProductCarouselClient.tsx [Server Component]
    ./src/components/home/ProductCarousel.tsx [Server Component]
    ./src/app/page.tsx [Server Component]

  Client Component SSR:
    ./src/components/home/ProductCard.tsx [Client Component SSR]
    ./src/components/home/ProductCarouselClient.tsx [Client Component SSR]
    ./src/components/home/ProductCarouselClient.tsx [Server Component]
    ./src/components/home/ProductCarousel.tsx [Server Component]
    ./src/app/page.tsx [Server Component] @ http://localhost:3000/_next/static/chunks/0mm6_next_dist_0wb--n-._.js:1945
[ 3169426ms] [ERROR] ./src/components/admin/LandingBuilderList.tsx:579:3
Unexpected token. Did you mean `{'}'}` or `&rbrace;`?
  577 |       </div>
  578 |     )
> 579 |   }
      |   ^
  580 |
  581 |   if (editingGlobal === "LOGOS") {
  582 |     return (

Parsing ecmascript source code failed

Import traces:
  Client Component Browser:
    ./src/components/admin/LandingBuilderList.tsx [Client Component Browser]
    ./src/components/admin/VisualBuilderContainer.tsx [Client Component Browser]
    ./src/components/admin/VisualBuilderContainer.tsx [Server Component]
    ./src/app/admin/landing-builder/page.tsx [Server Component]

  Client Component SSR:
    ./src/components/admin/LandingBuilderList.tsx [Client Component SSR]
    ./src/components/admin/VisualBuilderContainer.tsx [Client Component SSR]
    ./src/components/admin/VisualBuilderContainer.tsx [Server Component]
    ./src/app/admin/landing-builder/page.tsx [Server Component] @ http://localhost:3000/_next/static/chunks/0mm6_next_dist_0wb--n-._.js:1945
[ 3169426ms] [ERROR] ./src/components/home/ProductCard.tsx:144:7
Expression expected
  142 |       </Link>
  143 |
> 144 |       <div className="mt-4 text-center">
      |       ^
  145 |         <Link href={href || "#"} className="block" prefetch={false}>
  146 |           <p className={`text-xs font-bold uppercase tracking-wider mb-1 ${brandColor}`}>
  147 |             {brand}

Parsing ecmascript source code failed

Import traces:
  Client Component Browser:
    ./src/components/home/ProductCard.tsx [Client Component Browser]
    ./src/components/shop/AnimatedProductGrid.tsx [Client Component Browser]
    ./src/components/shop/AnimatedProductGrid.tsx [Server Component]
    ./src/components/shop/ProductGrid.tsx [Server Component]
    ./src/app/productos/page.tsx [Server Component]

  Client Component SSR:
    ./src/components/home/ProductCard.tsx [Client Component SSR]
    ./src/components/shop/AnimatedProductGrid.tsx [Client Component SSR]
    ./src/components/shop/AnimatedProductGrid.tsx [Server Component]
    ./src/components/shop/ProductGrid.tsx [Server Component]
    ./src/app/productos/page.tsx [Server Component] @ http://localhost:3000/_next/static/chunks/0mm6_next_dist_0wb--n-._.js:1945
[ 3169426ms] [ERROR] ./src/components/home/ProductCard.tsx:144:7
Expression expected
  142 |       </Link>
  143 |
> 144 |       <div className="mt-4 text-center">
      |       ^
  145 |         <Link href={href || "#"} className="block" prefetch={false}>
  146 |           <p className={`text-xs font-bold uppercase tracking-wider mb-1 ${brandColor}`}>
  147 |             {brand}

Parsing ecmascript source code failed

Import trace:
  Server Component:
    ./src/components/home/ProductCard.tsx
    ./src/components/product/RelatedProducts.tsx
    ./src/app/productos/[slug]/page.tsx @ http://localhost:3000/_next/static/chunks/0mm6_next_dist_0wb--n-._.js:1945
[ 3169528ms] [ERROR] ./src/components/home/ProductCard.tsx:144:7
Expression expected
  142 |       </Link>
  143 |
> 144 |       <div className="mt-4 text-center">
      |       ^
  145 |         <Link href={href || "#"} className="block" prefetch={false}>
  146 |           <p className={`text-xs font-bold uppercase tracking-wider mb-1 ${brandColor}`}>
  147 |             {brand}

Parsing ecmascript source code failed

Import traces:
  Client Component Browser:
    ./src/components/home/ProductCard.tsx [Client Component Browser]
    ./src/components/home/ProductCarouselClient.tsx [Client Component Browser]
    ./src/components/home/ProductCarouselClient.tsx [Server Component]
    ./src/components/home/ProductCarousel.tsx [Server Component]
    ./src/app/page.tsx [Server Component]

  Client Component SSR:
    ./src/components/home/ProductCard.tsx [Client Component SSR]
    ./src/components/home/ProductCarouselClient.tsx [Client Component SSR]
    ./src/components/home/ProductCarouselClient.tsx [Server Component]
    ./src/components/home/ProductCarousel.tsx [Server Component]
    ./src/app/page.tsx [Server Component] @ http://localhost:3000/_next/static/chunks/0mm6_next_dist_0wb--n-._.js:1945
[ 3169528ms] [ERROR] ./src/components/admin/LandingBuilderList.tsx:579:3
Unexpected token. Did you mean `{'}'}` or `&rbrace;`?
  577 |       </div>
  578 |     )
> 579 |   }
      |   ^
  580 |
  581 |   if (editingGlobal === "LOGOS") {
  582 |     return (

Parsing ecmascript source code failed

Import traces:
  Client Component Browser:
    ./src/components/admin/LandingBuilderList.tsx [Client Component Browser]
    ./src/components/admin/VisualBuilderContainer.tsx [Client Component Browser]
    ./src/components/admin/VisualBuilderContainer.tsx [Server Component]
    ./src/app/admin/landing-builder/page.tsx [Server Component]

  Client Component SSR:
    ./src/components/admin/LandingBuilderList.tsx [Client Component SSR]
    ./src/components/admin/VisualBuilderContainer.tsx [Client Component SSR]
    ./src/components/admin/VisualBuilderContainer.tsx [Server Component]
    ./src/app/admin/landing-builder/page.tsx [Server Component] @ http://localhost:3000/_next/static/chunks/0mm6_next_dist_0wb--n-._.js:1945
[ 3169603ms] [LOG] [Fast Refresh] rebuilding @ http://localhost:3000/_next/static/chunks/0mm6_next_dist_0wb--n-._.js:1226
[ 3169645ms] [ERROR] ./src/components/home/ProductCard.tsx:144:7
Expression expected
  142 |       </Link>
  143 |
> 144 |       <div className="mt-4 text-center">
      |       ^
  145 |         <Link href={href || "#"} className="block" prefetch={false}>
  146 |           <p className={`text-xs font-bold uppercase tracking-wider mb-1 ${brandColor}`}>
  147 |             {brand}

Parsing ecmascript source code failed

Import traces:
  Client Component Browser:
    ./src/components/home/ProductCard.tsx [Client Component Browser]
    ./src/components/home/ProductCarouselClient.tsx [Client Component Browser]
    ./src/components/home/ProductCarouselClient.tsx [Server Component]
    ./src/components/home/ProductCarousel.tsx [Server Component]
    ./src/app/page.tsx [Server Component]

  Client Component SSR:
    ./src/components/home/ProductCard.tsx [Client Component SSR]
    ./src/components/home/ProductCarouselClient.tsx [Client Component SSR]
    ./src/components/home/ProductCarouselClient.tsx [Server Component]
    ./src/components/home/ProductCarousel.tsx [Server Component]
    ./src/app/page.tsx [Server Component] @ http://localhost:3000/_next/static/chunks/0mm6_next_dist_0wb--n-._.js:1945
[ 3169646ms] [ERROR] ./src/components/admin/LandingBuilderList.tsx:579:3
Unexpected token. Did you mean `{'}'}` or `&rbrace;`?
  577 |       </div>
  578 |     )
> 579 |   }
      |   ^
  580 |
  581 |   if (editingGlobal === "LOGOS") {
  582 |     return (

Parsing ecmascript source code failed

Import traces:
  Client Component Browser:
    ./src/components/admin/LandingBuilderList.tsx [Client Component Browser]
    ./src/components/admin/VisualBuilderContainer.tsx [Client Component Browser]
    ./src/components/admin/VisualBuilderContainer.tsx [Server Component]
    ./src/app/admin/landing-builder/page.tsx [Server Component]

  Client Component SSR:
    ./src/components/admin/LandingBuilderList.tsx [Client Component SSR]
    ./src/components/admin/VisualBuilderContainer.tsx [Client Component SSR]
    ./src/components/admin/VisualBuilderContainer.tsx [Server Component]
    ./src/app/admin/landing-builder/page.tsx [Server Component] @ http://localhost:3000/_next/static/chunks/0mm6_next_dist_0wb--n-._.js:1945
[ 3169710ms] [LOG] [Fast Refresh] rebuilding @ http://localhost:3000/_next/static/chunks/0mm6_next_dist_0wb--n-._.js:1226
[ 3180907ms] [LOG] [Fast Refresh] rebuilding @ http://localhost:3000/_next/static/chunks/0mm6_next_dist_0wb--n-._.js:1226
[ 3181231ms] [ERROR] ./src/components/admin/LandingBuilderList.tsx:579:3
Unexpected token. Did you mean `{'}'}` or `&rbrace;`?
  577 |       </div>
  578 |     )
> 579 |   }
      |   ^
  580 |
  581 |   if (editingGlobal === "LOGOS") {
  582 |     return (

Parsing ecmascript source code failed

Import traces:
  Client Component Browser:
    ./src/components/admin/LandingBuilderList.tsx [Client Component Browser]
    ./src/components/admin/VisualBuilderContainer.tsx [Client Component Browser]
    ./src/components/admin/VisualBuilderContainer.tsx [Server Component]
    ./src/app/admin/landing-builder/page.tsx [Server Component]

  Client Component SSR:
    ./src/components/admin/LandingBuilderList.tsx [Client Component SSR]
    ./src/components/admin/VisualBuilderContainer.tsx [Client Component SSR]
    ./src/components/admin/VisualBuilderContainer.tsx [Server Component]
    ./src/app/admin/landing-builder/page.tsx [Server Component] @ http://localhost:3000/_next/static/chunks/0mm6_next_dist_0wb--n-._.js:1945
[ 3182125ms] [ERROR] Failed to load resource: the server responded with a status of 500 (Internal Server Error) @ http://localhost:3000/admin/login?callbackUrl=%2Fadmin%2Flanding-builder:0
[ 3182218ms] [INFO] %cDownload the React DevTools for a better development experience: https://react.dev/link/react-devtools font-weight:bold @ http://localhost:3000/_next/static/chunks/0p2h_react-dom_0vsf22y._.js:15305
[ 3182236ms] Error: ./src/components/admin/LandingBuilderList.tsx:579:3
Unexpected token. Did you mean `{'}'}` or `&rbrace;`?
  577 |       </div>
  578 |     )
> 579 |   }
      |   ^
  580 |
  581 |   if (editingGlobal === "LOGOS") {
  582 |     return (

Parsing ecmascript source code failed

Import traces:
  Client Component Browser:
    ./src/components/admin/LandingBuilderList.tsx [Client Component Browser]
    ./src/components/admin/VisualBuilderContainer.tsx [Client Component Browser]
    ./src/components/admin/VisualBuilderContainer.tsx [Server Component]
    ./src/app/admin/landing-builder/page.tsx [Server Component]

  Client Component SSR:
    ./src/components/admin/LandingBuilderList.tsx [Client Component SSR]
    ./src/components/admin/VisualBuilderContainer.tsx [Client Component SSR]
    ./src/components/admin/VisualBuilderContainer.tsx [Server Component]
    ./src/app/admin/landing-builder/page.tsx [Server Component]


    at <unknown> (Error: ./src/components/admin/LandingBuilderList.tsx:579:3)
    at Object.getCompilationErrors (file:///Users/andres/Documents/Asygnuz/one-star/node_modules/.pnpm/next@16.2.6_@babel+core@7.29.7_@opentelemetry+api@1.9.1_@playwright+test@1.61.1_react-d_2287c2fed37900450333ac24d06100d9/node_modules/next/dist/server/dev/hot-reloader-turbopack.js:1186:59)
    at DevBundlerService.getCompilationError (file:///Users/andres/Documents/Asygnuz/one-star/node_modules/.pnpm/next@16.2.6_@babel+core@7.29.7_@opentelemetry+api@1.9.1_@playwright+test@1.61.1_react-d_2287c2fed37900450333ac24d06100d9/node_modules/next/dist/server/lib/dev-bundler-service.js:44:55)
    at DevServer.getCompilationError (file:///Users/andres/Documents/Asygnuz/one-star/node_modules/.pnpm/next@16.2.6_@babel+core@7.29.7_@opentelemetry+api@1.9.1_@playwright+test@1.61.1_react-d_2287c2fed37900450333ac24d06100d9/node_modules/next/dist/server/dev/next-dev-server.js:720:42)
    at DevServer.findPageComponents (file:///Users/andres/Documents/Asygnuz/one-star/node_modules/.pnpm/next@16.2.6_@babel+core@7.29.7_@opentelemetry+api@1.9.1_@playwright+test@1.61.1_react-d_2287c2fed37900450333ac24d06100d9/node_modules/next/dist/server/dev/next-dev-server.js:690:43)
    at async DevServer.renderErrorToResponseImpl (file:///Users/andres/Documents/Asygnuz/one-star/node_modules/.pnpm/next@16.2.6_@babel+core@7.29.7_@opentelemetry+api@1.9.1_@playwright+test@1.61.1_react-d_2287c2fed37900450333ac24d06100d9/node_modules/next/dist/server/base-server.js:1753:26)
[ 3182257ms] [LOG] [HMR] connected @ http://localhost:3000/_next/static/chunks/0mm6_next_dist_0wb--n-._.js:1226
[ 3182321ms] [ERROR] ./src/components/admin/LandingBuilderList.tsx:579:3
Unexpected token. Did you mean `{'}'}` or `&rbrace;`?
  577 |       </div>
  578 |     )
> 579 |   }
      |   ^
  580 |
  581 |   if (editingGlobal === "LOGOS") {
  582 |     return (

Parsing ecmascript source code failed

Import traces:
  Client Component Browser:
    ./src/components/admin/LandingBuilderList.tsx [Client Component Browser]
    ./src/components/admin/VisualBuilderContainer.tsx [Client Component Browser]
    ./src/components/admin/VisualBuilderContainer.tsx [Server Component]
    ./src/app/admin/landing-builder/page.tsx [Server Component]

  Client Component SSR:
    ./src/components/admin/LandingBuilderList.tsx [Client Component SSR]
    ./src/components/admin/VisualBuilderContainer.tsx [Client Component SSR]
    ./src/components/admin/VisualBuilderContainer.tsx [Server Component]
    ./src/app/admin/landing-builder/page.tsx [Server Component] @ http://localhost:3000/_next/static/chunks/0mm6_next_dist_0wb--n-._.js:1945
[ 3182332ms] [ERROR] ./src/components/admin/LandingBuilderList.tsx:579:3
Unexpected token. Did you mean `{'}'}` or `&rbrace;`?
  577 |       </div>
  578 |     )
> 579 |   }
      |   ^
  580 |
  581 |   if (editingGlobal === "LOGOS") {
  582 |     return (

Parsing ecmascript source code failed

Import traces:
  Client Component Browser:
    ./src/components/admin/LandingBuilderList.tsx [Client Component Browser]
    ./src/components/admin/VisualBuilderContainer.tsx [Client Component Browser]
    ./src/components/admin/VisualBuilderContainer.tsx [Server Component]
    ./src/app/admin/landing-builder/page.tsx [Server Component]

  Client Component SSR:
    ./src/components/admin/LandingBuilderList.tsx [Client Component SSR]
    ./src/components/admin/VisualBuilderContainer.tsx [Client Component SSR]
    ./src/components/admin/VisualBuilderContainer.tsx [Server Component]
    ./src/app/admin/landing-builder/page.tsx [Server Component] @ http://localhost:3000/_next/static/chunks/0mm6_next_dist_0wb--n-._.js:1945
[ 3182362ms] [ERROR] ./src/components/admin/LandingBuilderList.tsx:579:3
Unexpected token. Did you mean `{'}'}` or `&rbrace;`?
  577 |       </div>
  578 |     )
> 579 |   }
      |   ^
  580 |
  581 |   if (editingGlobal === "LOGOS") {
  582 |     return (

Parsing ecmascript source code failed

Import traces:
  Client Component Browser:
    ./src/components/admin/LandingBuilderList.tsx [Client Component Browser]
    ./src/components/admin/VisualBuilderContainer.tsx [Client Component Browser]
    ./src/components/admin/VisualBuilderContainer.tsx [Server Component]
    ./src/app/admin/landing-builder/page.tsx [Server Component]

  Client Component SSR:
    ./src/components/admin/LandingBuilderList.tsx [Client Component SSR]
    ./src/components/admin/VisualBuilderContainer.tsx [Client Component SSR]
    ./src/components/admin/VisualBuilderContainer.tsx [Server Component]
    ./src/app/admin/landing-builder/page.tsx [Server Component] @ http://localhost:3000/_next/static/chunks/0mm6_next_dist_0wb--n-._.js:1945
[ 3182427ms] [ERROR] ./src/components/admin/LandingBuilderList.tsx:579:3
Unexpected token. Did you mean `{'}'}` or `&rbrace;`?
  577 |       </div>
  578 |     )
> 579 |   }
      |   ^
  580 |
  581 |   if (editingGlobal === "LOGOS") {
  582 |     return (

Parsing ecmascript source code failed

Import traces:
  Client Component Browser:
    ./src/components/admin/LandingBuilderList.tsx [Client Component Browser]
    ./src/components/admin/VisualBuilderContainer.tsx [Client Component Browser]
    ./src/components/admin/VisualBuilderContainer.tsx [Server Component]
    ./src/app/admin/landing-builder/page.tsx [Server Component]

  Client Component SSR:
    ./src/components/admin/LandingBuilderList.tsx [Client Component SSR]
    ./src/components/admin/VisualBuilderContainer.tsx [Client Component SSR]
    ./src/components/admin/VisualBuilderContainer.tsx [Server Component]
    ./src/app/admin/landing-builder/page.tsx [Server Component] @ http://localhost:3000/_next/static/chunks/0mm6_next_dist_0wb--n-._.js:1945
[ 3182491ms] [LOG] [Fast Refresh] rebuilding @ http://localhost:3000/_next/static/chunks/0mm6_next_dist_0wb--n-._.js:1226
[ 3246750ms] [LOG] [Fast Refresh] rebuilding @ http://localhost:3000/_next/static/chunks/0mm6_next_dist_0wb--n-._.js:1226
[ 3247438ms] [ERROR] ./src/components/admin/LandingBuilderList.tsx:579:3
Unexpected token. Did you mean `{'}'}` or `&rbrace;`?
  577 |       </div>
  578 |     )
> 579 |   }
      |   ^
  580 |
  581 |   if (editingGlobal === "LOGOS") {
  582 |     return (

Parsing ecmascript source code failed

Import traces:
  Client Component Browser:
    ./src/components/admin/LandingBuilderList.tsx [Client Component Browser]
    ./src/components/admin/VisualBuilderContainer.tsx [Client Component Browser]
    ./src/components/admin/VisualBuilderContainer.tsx [Server Component]
    ./src/app/admin/landing-builder/page.tsx [Server Component]

  Client Component SSR:
    ./src/components/admin/LandingBuilderList.tsx [Client Component SSR]
    ./src/components/admin/VisualBuilderContainer.tsx [Client Component SSR]
    ./src/components/admin/VisualBuilderContainer.tsx [Server Component]
    ./src/app/admin/landing-builder/page.tsx [Server Component] @ http://localhost:3000/_next/static/chunks/0mm6_next_dist_0wb--n-._.js:1945
[ 3248269ms] [ERROR] ./src/components/admin/LandingBuilderList.tsx:579:3
Unexpected token. Did you mean `{'}'}` or `&rbrace;`?
  577 |       </div>
  578 |     )
> 579 |   }
      |   ^
  580 |
  581 |   if (editingGlobal === "LOGOS") {
  582 |     return (

Parsing ecmascript source code failed

Import traces:
  Client Component Browser:
    ./src/components/admin/LandingBuilderList.tsx [Client Component Browser]
    ./src/components/admin/VisualBuilderContainer.tsx [Client Component Browser]
    ./src/components/admin/VisualBuilderContainer.tsx [Server Component]
    ./src/app/admin/landing-builder/page.tsx [Server Component]

  Client Component SSR:
    ./src/components/admin/LandingBuilderList.tsx [Client Component SSR]
    ./src/components/admin/VisualBuilderContainer.tsx [Client Component SSR]
    ./src/components/admin/VisualBuilderContainer.tsx [Server Component]
    ./src/app/admin/landing-builder/page.tsx [Server Component] @ http://localhost:3000/_next/static/chunks/0mm6_next_dist_0wb--n-._.js:1945
[ 3248291ms] [ERROR] Failed to load resource: the server responded with a status of 500 (Internal Server Error) @ http://localhost:3000/admin/login?callbackUrl=%2Fadmin%2Flanding-builder:0
[ 3248343ms] [INFO] %cDownload the React DevTools for a better development experience: https://react.dev/link/react-devtools font-weight:bold @ http://localhost:3000/_next/static/chunks/0p2h_react-dom_0vsf22y._.js:15305
[ 3248355ms] Error: ./src/components/admin/LandingBuilderList.tsx:579:3
Unexpected token. Did you mean `{'}'}` or `&rbrace;`?
  577 |       </div>
  578 |     )
> 579 |   }
      |   ^
  580 |
  581 |   if (editingGlobal === "LOGOS") {
  582 |     return (

Parsing ecmascript source code failed

Import traces:
  Client Component Browser:
    ./src/components/admin/LandingBuilderList.tsx [Client Component Browser]
    ./src/components/admin/VisualBuilderContainer.tsx [Client Component Browser]
    ./src/components/admin/VisualBuilderContainer.tsx [Server Component]
    ./src/app/admin/landing-builder/page.tsx [Server Component]

  Client Component SSR:
    ./src/components/admin/LandingBuilderList.tsx [Client Component SSR]
    ./src/components/admin/VisualBuilderContainer.tsx [Client Component SSR]
    ./src/components/admin/VisualBuilderContainer.tsx [Server Component]
    ./src/app/admin/landing-builder/page.tsx [Server Component]


    at <unknown> (Error: ./src/components/admin/LandingBuilderList.tsx:579:3)
    at Object.getCompilationErrors (file:///Users/andres/Documents/Asygnuz/one-star/node_modules/.pnpm/next@16.2.6_@babel+core@7.29.7_@opentelemetry+api@1.9.1_@playwright+test@1.61.1_react-d_2287c2fed37900450333ac24d06100d9/node_modules/next/dist/server/dev/hot-reloader-turbopack.js:1186:59)
    at DevBundlerService.getCompilationError (file:///Users/andres/Documents/Asygnuz/one-star/node_modules/.pnpm/next@16.2.6_@babel+core@7.29.7_@opentelemetry+api@1.9.1_@playwright+test@1.61.1_react-d_2287c2fed37900450333ac24d06100d9/node_modules/next/dist/server/lib/dev-bundler-service.js:44:55)
    at DevServer.getCompilationError (file:///Users/andres/Documents/Asygnuz/one-star/node_modules/.pnpm/next@16.2.6_@babel+core@7.29.7_@opentelemetry+api@1.9.1_@playwright+test@1.61.1_react-d_2287c2fed37900450333ac24d06100d9/node_modules/next/dist/server/dev/next-dev-server.js:720:42)
    at DevServer.findPageComponents (file:///Users/andres/Documents/Asygnuz/one-star/node_modules/.pnpm/next@16.2.6_@babel+core@7.29.7_@opentelemetry+api@1.9.1_@playwright+test@1.61.1_react-d_2287c2fed37900450333ac24d06100d9/node_modules/next/dist/server/dev/next-dev-server.js:690:43)
    at async DevServer.renderErrorToResponseImpl (file:///Users/andres/Documents/Asygnuz/one-star/node_modules/.pnpm/next@16.2.6_@babel+core@7.29.7_@opentelemetry+api@1.9.1_@playwright+test@1.61.1_react-d_2287c2fed37900450333ac24d06100d9/node_modules/next/dist/server/base-server.js:1753:26)
[ 3248365ms] [LOG] [HMR] connected @ http://localhost:3000/_next/static/chunks/0mm6_next_dist_0wb--n-._.js:1226
[ 3248372ms] [ERROR] ./src/components/admin/LandingBuilderList.tsx:579:3
Unexpected token. Did you mean `{'}'}` or `&rbrace;`?
  577 |       </div>
  578 |     )
> 579 |   }
      |   ^
  580 |
  581 |   if (editingGlobal === "LOGOS") {
  582 |     return (

Parsing ecmascript source code failed

Import traces:
  Client Component Browser:
    ./src/components/admin/LandingBuilderList.tsx [Client Component Browser]
    ./src/components/admin/VisualBuilderContainer.tsx [Client Component Browser]
    ./src/components/admin/VisualBuilderContainer.tsx [Server Component]
    ./src/app/admin/landing-builder/page.tsx [Server Component]

  Client Component SSR:
    ./src/components/admin/LandingBuilderList.tsx [Client Component SSR]
    ./src/components/admin/VisualBuilderContainer.tsx [Client Component SSR]
    ./src/components/admin/VisualBuilderContainer.tsx [Server Component]
    ./src/app/admin/landing-builder/page.tsx [Server Component] @ http://localhost:3000/_next/static/chunks/0mm6_next_dist_0wb--n-._.js:1945
[ 3248409ms] [ERROR] ./src/components/admin/LandingBuilderList.tsx:579:3
Unexpected token. Did you mean `{'}'}` or `&rbrace;`?
  577 |       </div>
  578 |     )
> 579 |   }
      |   ^
  580 |
  581 |   if (editingGlobal === "LOGOS") {
  582 |     return (

Parsing ecmascript source code failed

Import traces:
  Client Component Browser:
    ./src/components/admin/LandingBuilderList.tsx [Client Component Browser]
    ./src/components/admin/VisualBuilderContainer.tsx [Client Component Browser]
    ./src/components/admin/VisualBuilderContainer.tsx [Server Component]
    ./src/app/admin/landing-builder/page.tsx [Server Component]

  Client Component SSR:
    ./src/components/admin/LandingBuilderList.tsx [Client Component SSR]
    ./src/components/admin/VisualBuilderContainer.tsx [Client Component SSR]
    ./src/components/admin/VisualBuilderContainer.tsx [Server Component]
    ./src/app/admin/landing-builder/page.tsx [Server Component] @ http://localhost:3000/_next/static/chunks/0mm6_next_dist_0wb--n-._.js:1945
[ 3248436ms] [ERROR] ./src/components/admin/LandingBuilderList.tsx:579:3
Unexpected token. Did you mean `{'}'}` or `&rbrace;`?
  577 |       </div>
  578 |     )
> 579 |   }
      |   ^
  580 |
  581 |   if (editingGlobal === "LOGOS") {
  582 |     return (

Parsing ecmascript source code failed

Import traces:
  Client Component Browser:
    ./src/components/admin/LandingBuilderList.tsx [Client Component Browser]
    ./src/components/admin/VisualBuilderContainer.tsx [Client Component Browser]
    ./src/components/admin/VisualBuilderContainer.tsx [Server Component]
    ./src/app/admin/landing-builder/page.tsx [Server Component]

  Client Component SSR:
    ./src/components/admin/LandingBuilderList.tsx [Client Component SSR]
    ./src/components/admin/VisualBuilderContainer.tsx [Client Component SSR]
    ./src/components/admin/VisualBuilderContainer.tsx [Server Component]
    ./src/app/admin/landing-builder/page.tsx [Server Component] @ http://localhost:3000/_next/static/chunks/0mm6_next_dist_0wb--n-._.js:1945
[ 3248484ms] [LOG] [Fast Refresh] rebuilding @ http://localhost:3000/_next/static/chunks/0mm6_next_dist_0wb--n-._.js:1226
[ 3248558ms] [ERROR] ./src/components/admin/LandingBuilderList.tsx:579:3
Unexpected token. Did you mean `{'}'}` or `&rbrace;`?
  577 |       </div>
  578 |     )
> 579 |   }
      |   ^
  580 |
  581 |   if (editingGlobal === "LOGOS") {
  582 |     return (

Parsing ecmascript source code failed

Import traces:
  Client Component Browser:
    ./src/components/admin/LandingBuilderList.tsx [Client Component Browser]
    ./src/components/admin/VisualBuilderContainer.tsx [Client Component Browser]
    ./src/components/admin/VisualBuilderContainer.tsx [Server Component]
    ./src/app/admin/landing-builder/page.tsx [Server Component]

  Client Component SSR:
    ./src/components/admin/LandingBuilderList.tsx [Client Component SSR]
    ./src/components/admin/VisualBuilderContainer.tsx [Client Component SSR]
    ./src/components/admin/VisualBuilderContainer.tsx [Server Component]
    ./src/app/admin/landing-builder/page.tsx [Server Component] @ http://localhost:3000/_next/static/chunks/0mm6_next_dist_0wb--n-._.js:1945
[ 3248614ms] [LOG] [Fast Refresh] rebuilding @ http://localhost:3000/_next/static/chunks/0mm6_next_dist_0wb--n-._.js:1226
[ 3287640ms] [LOG] [Fast Refresh] rebuilding @ http://localhost:3000/_next/static/chunks/0mm6_next_dist_0wb--n-._.js:1226
[ 3287982ms] [ERROR] ./src/components/admin/LandingBuilderList.tsx:579:3
Unexpected token. Did you mean `{'}'}` or `&rbrace;`?
  577 |       </div>
  578 |     )
> 579 |   }
      |   ^
  580 |
  581 |   if (editingGlobal === "LOGOS") {
  582 |     return (

Parsing ecmascript source code failed

Import traces:
  Client Component Browser:
    ./src/components/admin/LandingBuilderList.tsx [Client Component Browser]
    ./src/components/admin/VisualBuilderContainer.tsx [Client Component Browser]
    ./src/components/admin/VisualBuilderContainer.tsx [Server Component]
    ./src/app/admin/landing-builder/page.tsx [Server Component]

  Client Component SSR:
    ./src/components/admin/LandingBuilderList.tsx [Client Component SSR]
    ./src/components/admin/VisualBuilderContainer.tsx [Client Component SSR]
    ./src/components/admin/VisualBuilderContainer.tsx [Server Component]
    ./src/app/admin/landing-builder/page.tsx [Server Component] @ http://localhost:3000/_next/static/chunks/0mm6_next_dist_0wb--n-._.js:1945
[ 3288619ms] [ERROR] Failed to load resource: the server responded with a status of 500 (Internal Server Error) @ http://localhost:3000/admin/login?callbackUrl=%2Fadmin%2Flanding-builder:0
[ 3288734ms] [INFO] %cDownload the React DevTools for a better development experience: https://react.dev/link/react-devtools font-weight:bold @ http://localhost:3000/_next/static/chunks/0p2h_react-dom_0vsf22y._.js:15305
[ 3288755ms] Error: ./src/components/admin/LandingBuilderList.tsx:579:3
Unexpected token. Did you mean `{'}'}` or `&rbrace;`?
  577 |       </div>
  578 |     )
> 579 |   }
      |   ^
  580 |
  581 |   if (editingGlobal === "LOGOS") {
  582 |     return (

Parsing ecmascript source code failed

Import traces:
  Client Component Browser:
    ./src/components/admin/LandingBuilderList.tsx [Client Component Browser]
    ./src/components/admin/VisualBuilderContainer.tsx [Client Component Browser]
    ./src/components/admin/VisualBuilderContainer.tsx [Server Component]
    ./src/app/admin/landing-builder/page.tsx [Server Component]

  Client Component SSR:
    ./src/components/admin/LandingBuilderList.tsx [Client Component SSR]
    ./src/components/admin/VisualBuilderContainer.tsx [Client Component SSR]
    ./src/components/admin/VisualBuilderContainer.tsx [Server Component]
    ./src/app/admin/landing-builder/page.tsx [Server Component]


    at <unknown> (Error: ./src/components/admin/LandingBuilderList.tsx:579:3)
    at Object.getCompilationErrors (file:///Users/andres/Documents/Asygnuz/one-star/node_modules/.pnpm/next@16.2.6_@babel+core@7.29.7_@opentelemetry+api@1.9.1_@playwright+test@1.61.1_react-d_2287c2fed37900450333ac24d06100d9/node_modules/next/dist/server/dev/hot-reloader-turbopack.js:1186:59)
    at DevBundlerService.getCompilationError (file:///Users/andres/Documents/Asygnuz/one-star/node_modules/.pnpm/next@16.2.6_@babel+core@7.29.7_@opentelemetry+api@1.9.1_@playwright+test@1.61.1_react-d_2287c2fed37900450333ac24d06100d9/node_modules/next/dist/server/lib/dev-bundler-service.js:44:55)
    at DevServer.getCompilationError (file:///Users/andres/Documents/Asygnuz/one-star/node_modules/.pnpm/next@16.2.6_@babel+core@7.29.7_@opentelemetry+api@1.9.1_@playwright+test@1.61.1_react-d_2287c2fed37900450333ac24d06100d9/node_modules/next/dist/server/dev/next-dev-server.js:720:42)
    at DevServer.findPageComponents (file:///Users/andres/Documents/Asygnuz/one-star/node_modules/.pnpm/next@16.2.6_@babel+core@7.29.7_@opentelemetry+api@1.9.1_@playwright+test@1.61.1_react-d_2287c2fed37900450333ac24d06100d9/node_modules/next/dist/server/dev/next-dev-server.js:690:43)
    at async DevServer.renderErrorToResponseImpl (file:///Users/andres/Documents/Asygnuz/one-star/node_modules/.pnpm/next@16.2.6_@babel+core@7.29.7_@opentelemetry+api@1.9.1_@playwright+test@1.61.1_react-d_2287c2fed37900450333ac24d06100d9/node_modules/next/dist/server/base-server.js:1753:26)
[ 3288772ms] [LOG] [HMR] connected @ http://localhost:3000/_next/static/chunks/0mm6_next_dist_0wb--n-._.js:1226
[ 3288796ms] [ERROR] ./src/components/admin/LandingBuilderList.tsx:579:3
Unexpected token. Did you mean `{'}'}` or `&rbrace;`?
  577 |       </div>
  578 |     )
> 579 |   }
      |   ^
  580 |
  581 |   if (editingGlobal === "LOGOS") {
  582 |     return (

Parsing ecmascript source code failed

Import traces:
  Client Component Browser:
    ./src/components/admin/LandingBuilderList.tsx [Client Component Browser]
    ./src/components/admin/VisualBuilderContainer.tsx [Client Component Browser]
    ./src/components/admin/VisualBuilderContainer.tsx [Server Component]
    ./src/app/admin/landing-builder/page.tsx [Server Component]

  Client Component SSR:
    ./src/components/admin/LandingBuilderList.tsx [Client Component SSR]
    ./src/components/admin/VisualBuilderContainer.tsx [Client Component SSR]
    ./src/components/admin/VisualBuilderContainer.tsx [Server Component]
    ./src/app/admin/landing-builder/page.tsx [Server Component] @ http://localhost:3000/_next/static/chunks/0mm6_next_dist_0wb--n-._.js:1945
[ 3288805ms] [ERROR] ./src/components/admin/LandingBuilderList.tsx:579:3
Unexpected token. Did you mean `{'}'}` or `&rbrace;`?
  577 |       </div>
  578 |     )
> 579 |   }
      |   ^
  580 |
  581 |   if (editingGlobal === "LOGOS") {
  582 |     return (

Parsing ecmascript source code failed

Import traces:
  Client Component Browser:
    ./src/components/admin/LandingBuilderList.tsx [Client Component Browser]
    ./src/components/admin/VisualBuilderContainer.tsx [Client Component Browser]
    ./src/components/admin/VisualBuilderContainer.tsx [Server Component]
    ./src/app/admin/landing-builder/page.tsx [Server Component]

  Client Component SSR:
    ./src/components/admin/LandingBuilderList.tsx [Client Component SSR]
    ./src/components/admin/VisualBuilderContainer.tsx [Client Component SSR]
    ./src/components/admin/VisualBuilderContainer.tsx [Server Component]
    ./src/app/admin/landing-builder/page.tsx [Server Component] @ http://localhost:3000/_next/static/chunks/0mm6_next_dist_0wb--n-._.js:1945
[ 3288865ms] [ERROR] ./src/components/admin/LandingBuilderList.tsx:579:3
Unexpected token. Did you mean `{'}'}` or `&rbrace;`?
  577 |       </div>
  578 |     )
> 579 |   }
      |   ^
  580 |
  581 |   if (editingGlobal === "LOGOS") {
  582 |     return (

Parsing ecmascript source code failed

Import traces:
  Client Component Browser:
    ./src/components/admin/LandingBuilderList.tsx [Client Component Browser]
    ./src/components/admin/VisualBuilderContainer.tsx [Client Component Browser]
    ./src/components/admin/VisualBuilderContainer.tsx [Server Component]
    ./src/app/admin/landing-builder/page.tsx [Server Component]

  Client Component SSR:
    ./src/components/admin/LandingBuilderList.tsx [Client Component SSR]
    ./src/components/admin/VisualBuilderContainer.tsx [Client Component SSR]
    ./src/components/admin/VisualBuilderContainer.tsx [Server Component]
    ./src/app/admin/landing-builder/page.tsx [Server Component] @ http://localhost:3000/_next/static/chunks/0mm6_next_dist_0wb--n-._.js:1945
[ 3288896ms] [LOG] [Fast Refresh] rebuilding @ http://localhost:3000/_next/static/chunks/0mm6_next_dist_0wb--n-._.js:1226
[ 3330760ms] [LOG] [Fast Refresh] rebuilding @ http://localhost:3000/_next/static/chunks/0mm6_next_dist_0wb--n-._.js:1226
[ 3331015ms] [ERROR] ./src/components/admin/LandingBuilderList.tsx:579:3
Unexpected token. Did you mean `{'}'}` or `&rbrace;`?
  577 |       </div>
  578 |     )
> 579 |   }
      |   ^
  580 |
  581 |   if (editingGlobal === "LOGOS") {
  582 |     return (

Parsing ecmascript source code failed

Import traces:
  Client Component Browser:
    ./src/components/admin/LandingBuilderList.tsx [Client Component Browser]
    ./src/components/admin/VisualBuilderContainer.tsx [Client Component Browser]
    ./src/components/admin/VisualBuilderContainer.tsx [Server Component]
    ./src/app/admin/landing-builder/page.tsx [Server Component]

  Client Component SSR:
    ./src/components/admin/LandingBuilderList.tsx [Client Component SSR]
    ./src/components/admin/VisualBuilderContainer.tsx [Client Component SSR]
    ./src/components/admin/VisualBuilderContainer.tsx [Server Component]
    ./src/app/admin/landing-builder/page.tsx [Server Component] @ http://localhost:3000/_next/static/chunks/0mm6_next_dist_0wb--n-._.js:1945
[ 3331457ms] [ERROR] Failed to load resource: the server responded with a status of 500 (Internal Server Error) @ http://localhost:3000/admin/login?callbackUrl=%2Fadmin%2Flanding-builder:0
[ 3331524ms] [INFO] %cDownload the React DevTools for a better development experience: https://react.dev/link/react-devtools font-weight:bold @ http://localhost:3000/_next/static/chunks/0p2h_react-dom_0vsf22y._.js:15305
[ 3331545ms] Error: ./src/components/admin/LandingBuilderList.tsx:579:3
Unexpected token. Did you mean `{'}'}` or `&rbrace;`?
  577 |       </div>
  578 |     )
> 579 |   }
      |   ^
  580 |
  581 |   if (editingGlobal === "LOGOS") {
  582 |     return (

Parsing ecmascript source code failed

Import traces:
  Client Component Browser:
    ./src/components/admin/LandingBuilderList.tsx [Client Component Browser]
    ./src/components/admin/VisualBuilderContainer.tsx [Client Component Browser]
    ./src/components/admin/VisualBuilderContainer.tsx [Server Component]
    ./src/app/admin/landing-builder/page.tsx [Server Component]

  Client Component SSR:
    ./src/components/admin/LandingBuilderList.tsx [Client Component SSR]
    ./src/components/admin/VisualBuilderContainer.tsx [Client Component SSR]
    ./src/components/admin/VisualBuilderContainer.tsx [Server Component]
    ./src/app/admin/landing-builder/page.tsx [Server Component]


    at <unknown> (Error: ./src/components/admin/LandingBuilderList.tsx:579:3)
    at Object.getCompilationErrors (file:///Users/andres/Documents/Asygnuz/one-star/node_modules/.pnpm/next@16.2.6_@babel+core@7.29.7_@opentelemetry+api@1.9.1_@playwright+test@1.61.1_react-d_2287c2fed37900450333ac24d06100d9/node_modules/next/dist/server/dev/hot-reloader-turbopack.js:1186:59)
    at DevBundlerService.getCompilationError (file:///Users/andres/Documents/Asygnuz/one-star/node_modules/.pnpm/next@16.2.6_@babel+core@7.29.7_@opentelemetry+api@1.9.1_@playwright+test@1.61.1_react-d_2287c2fed37900450333ac24d06100d9/node_modules/next/dist/server/lib/dev-bundler-service.js:44:55)
    at DevServer.getCompilationError (file:///Users/andres/Documents/Asygnuz/one-star/node_modules/.pnpm/next@16.2.6_@babel+core@7.29.7_@opentelemetry+api@1.9.1_@playwright+test@1.61.1_react-d_2287c2fed37900450333ac24d06100d9/node_modules/next/dist/server/dev/next-dev-server.js:720:42)
    at DevServer.findPageComponents (file:///Users/andres/Documents/Asygnuz/one-star/node_modules/.pnpm/next@16.2.6_@babel+core@7.29.7_@opentelemetry+api@1.9.1_@playwright+test@1.61.1_react-d_2287c2fed37900450333ac24d06100d9/node_modules/next/dist/server/dev/next-dev-server.js:690:43)
    at async DevServer.renderErrorToResponseImpl (file:///Users/andres/Documents/Asygnuz/one-star/node_modules/.pnpm/next@16.2.6_@babel+core@7.29.7_@opentelemetry+api@1.9.1_@playwright+test@1.61.1_react-d_2287c2fed37900450333ac24d06100d9/node_modules/next/dist/server/base-server.js:1753:26)
[ 3331559ms] [LOG] [HMR] connected @ http://localhost:3000/_next/static/chunks/0mm6_next_dist_0wb--n-._.js:1226
[ 3331574ms] [ERROR] ./src/components/admin/LandingBuilderList.tsx:579:3
Unexpected token. Did you mean `{'}'}` or `&rbrace;`?
  577 |       </div>
  578 |     )
> 579 |   }
      |   ^
  580 |
  581 |   if (editingGlobal === "LOGOS") {
  582 |     return (

Parsing ecmascript source code failed

Import traces:
  Client Component Browser:
    ./src/components/admin/LandingBuilderList.tsx [Client Component Browser]
    ./src/components/admin/VisualBuilderContainer.tsx [Client Component Browser]
    ./src/components/admin/VisualBuilderContainer.tsx [Server Component]
    ./src/app/admin/landing-builder/page.tsx [Server Component]

  Client Component SSR:
    ./src/components/admin/LandingBuilderList.tsx [Client Component SSR]
    ./src/components/admin/VisualBuilderContainer.tsx [Client Component SSR]
    ./src/components/admin/VisualBuilderContainer.tsx [Server Component]
    ./src/app/admin/landing-builder/page.tsx [Server Component] @ http://localhost:3000/_next/static/chunks/0mm6_next_dist_0wb--n-._.js:1945
[ 3331620ms] [ERROR] ./src/components/admin/LandingBuilderList.tsx:579:3
Unexpected token. Did you mean `{'}'}` or `&rbrace;`?
  577 |       </div>
  578 |     )
> 579 |   }
      |   ^
  580 |
  581 |   if (editingGlobal === "LOGOS") {
  582 |     return (

Parsing ecmascript source code failed

Import traces:
  Client Component Browser:
    ./src/components/admin/LandingBuilderList.tsx [Client Component Browser]
    ./src/components/admin/VisualBuilderContainer.tsx [Client Component Browser]
    ./src/components/admin/VisualBuilderContainer.tsx [Server Component]
    ./src/app/admin/landing-builder/page.tsx [Server Component]

  Client Component SSR:
    ./src/components/admin/LandingBuilderList.tsx [Client Component SSR]
    ./src/components/admin/VisualBuilderContainer.tsx [Client Component SSR]
    ./src/components/admin/VisualBuilderContainer.tsx [Server Component]
    ./src/app/admin/landing-builder/page.tsx [Server Component] @ http://localhost:3000/_next/static/chunks/0mm6_next_dist_0wb--n-._.js:1945
[ 3331704ms] [ERROR] ./src/components/admin/LandingBuilderList.tsx:579:3
Unexpected token. Did you mean `{'}'}` or `&rbrace;`?
  577 |       </div>
  578 |     )
> 579 |   }
      |   ^
  580 |
  581 |   if (editingGlobal === "LOGOS") {
  582 |     return (

Parsing ecmascript source code failed

Import traces:
  Client Component Browser:
    ./src/components/admin/LandingBuilderList.tsx [Client Component Browser]
    ./src/components/admin/VisualBuilderContainer.tsx [Client Component Browser]
    ./src/components/admin/VisualBuilderContainer.tsx [Server Component]
    ./src/app/admin/landing-builder/page.tsx [Server Component]

  Client Component SSR:
    ./src/components/admin/LandingBuilderList.tsx [Client Component SSR]
    ./src/components/admin/VisualBuilderContainer.tsx [Client Component SSR]
    ./src/components/admin/VisualBuilderContainer.tsx [Server Component]
    ./src/app/admin/landing-builder/page.tsx [Server Component] @ http://localhost:3000/_next/static/chunks/0mm6_next_dist_0wb--n-._.js:1945
[ 3331759ms] [LOG] [Fast Refresh] rebuilding @ http://localhost:3000/_next/static/chunks/0mm6_next_dist_0wb--n-._.js:1226
[ 3345265ms] [LOG] [Fast Refresh] rebuilding @ http://localhost:3000/_next/static/chunks/0mm6_next_dist_0wb--n-._.js:1226
[ 3345409ms] [ERROR] ./src/components/admin/LandingBuilderList.tsx:579:3
Unexpected token. Did you mean `{'}'}` or `&rbrace;`?
  577 |       </div>
  578 |     )
> 579 |   }
      |   ^
  580 |
  581 |   if (editingGlobal === "LOGOS") {
  582 |     return (

Parsing ecmascript source code failed

Import traces:
  Client Component Browser:
    ./src/components/admin/LandingBuilderList.tsx [Client Component Browser]
    ./src/components/admin/VisualBuilderContainer.tsx [Client Component Browser]
    ./src/components/admin/VisualBuilderContainer.tsx [Server Component]
    ./src/app/admin/landing-builder/page.tsx [Server Component]

  Client Component SSR:
    ./src/components/admin/LandingBuilderList.tsx [Client Component SSR]
    ./src/components/admin/VisualBuilderContainer.tsx [Client Component SSR]
    ./src/components/admin/VisualBuilderContainer.tsx [Server Component]
    ./src/app/admin/landing-builder/page.tsx [Server Component] @ http://localhost:3000/_next/static/chunks/0mm6_next_dist_0wb--n-._.js:1945
[ 3346467ms] [ERROR] ./src/components/admin/LandingBuilderList.tsx:579:3
Unexpected token. Did you mean `{'}'}` or `&rbrace;`?
  577 |       </div>
  578 |     )
> 579 |   }
      |   ^
  580 |
  581 |   if (editingGlobal === "LOGOS") {
  582 |     return (

Parsing ecmascript source code failed

Import traces:
  Client Component Browser:
    ./src/components/admin/LandingBuilderList.tsx [Client Component Browser]
    ./src/components/admin/VisualBuilderContainer.tsx [Client Component Browser]
    ./src/components/admin/VisualBuilderContainer.tsx [Server Component]
    ./src/app/admin/landing-builder/page.tsx [Server Component]

  Client Component SSR:
    ./src/components/admin/LandingBuilderList.tsx [Client Component SSR]
    ./src/components/admin/VisualBuilderContainer.tsx [Client Component SSR]
    ./src/components/admin/VisualBuilderContainer.tsx [Server Component]
    ./src/app/admin/landing-builder/page.tsx [Server Component] @ http://localhost:3000/_next/static/chunks/0mm6_next_dist_0wb--n-._.js:1945
[ 3346502ms] [ERROR] ./src/components/admin/LandingBuilderList.tsx:579:3
Unexpected token. Did you mean `{'}'}` or `&rbrace;`?
  577 |       </div>
  578 |     )
> 579 |   }
      |   ^
  580 |
  581 |   if (editingGlobal === "LOGOS") {
  582 |     return (

Parsing ecmascript source code failed

Import traces:
  Client Component Browser:
    ./src/components/admin/LandingBuilderList.tsx [Client Component Browser]
    ./src/components/admin/VisualBuilderContainer.tsx [Client Component Browser]
    ./src/components/admin/VisualBuilderContainer.tsx [Server Component]
    ./src/app/admin/landing-builder/page.tsx [Server Component]

  Client Component SSR:
    ./src/components/admin/LandingBuilderList.tsx [Client Component SSR]
    ./src/components/admin/VisualBuilderContainer.tsx [Client Component SSR]
    ./src/components/admin/VisualBuilderContainer.tsx [Server Component]
    ./src/app/admin/landing-builder/page.tsx [Server Component] @ http://localhost:3000/_next/static/chunks/0mm6_next_dist_0wb--n-._.js:1945
[ 3346569ms] [ERROR] ./src/components/admin/LandingBuilderList.tsx:579:3
Unexpected token. Did you mean `{'}'}` or `&rbrace;`?
  577 |       </div>
  578 |     )
> 579 |   }
      |   ^
  580 |
  581 |   if (editingGlobal === "LOGOS") {
  582 |     return (

Parsing ecmascript source code failed

Import traces:
  Client Component Browser:
    ./src/components/admin/LandingBuilderList.tsx [Client Component Browser]
    ./src/components/admin/VisualBuilderContainer.tsx [Client Component Browser]
    ./src/components/admin/VisualBuilderContainer.tsx [Server Component]
    ./src/app/admin/landing-builder/page.tsx [Server Component]

  Client Component SSR:
    ./src/components/admin/LandingBuilderList.tsx [Client Component SSR]
    ./src/components/admin/VisualBuilderContainer.tsx [Client Component SSR]
    ./src/components/admin/VisualBuilderContainer.tsx [Server Component]
    ./src/app/admin/landing-builder/page.tsx [Server Component] @ http://localhost:3000/_next/static/chunks/0mm6_next_dist_0wb--n-._.js:1945
[ 3346671ms] [LOG] [Fast Refresh] rebuilding @ http://localhost:3000/_next/static/chunks/0mm6_next_dist_0wb--n-._.js:1226
[ 3346794ms] [ERROR] ./src/components/admin/LandingBuilderList.tsx:579:3
Unexpected token. Did you mean `{'}'}` or `&rbrace;`?
  577 |       </div>
  578 |     )
> 579 |   }
      |   ^
  580 |
  581 |   if (editingGlobal === "LOGOS") {
  582 |     return (

Parsing ecmascript source code failed

Import traces:
  Client Component Browser:
    ./src/components/admin/LandingBuilderList.tsx [Client Component Browser]
    ./src/components/admin/VisualBuilderContainer.tsx [Client Component Browser]
    ./src/components/admin/VisualBuilderContainer.tsx [Server Component]
    ./src/app/admin/landing-builder/page.tsx [Server Component]

  Client Component SSR:
    ./src/components/admin/LandingBuilderList.tsx [Client Component SSR]
    ./src/components/admin/VisualBuilderContainer.tsx [Client Component SSR]
    ./src/components/admin/VisualBuilderContainer.tsx [Server Component]
    ./src/app/admin/landing-builder/page.tsx [Server Component] @ http://localhost:3000/_next/static/chunks/0mm6_next_dist_0wb--n-._.js:1945
[ 3346797ms] [ERROR] ./src/components/admin/LandingBuilderList.tsx:579:3
Unexpected token. Did you mean `{'}'}` or `&rbrace;`?
  577 |       </div>
  578 |     )
> 579 |   }
      |   ^
  580 |
  581 |   if (editingGlobal === "LOGOS") {
  582 |     return (

Parsing ecmascript source code failed

Import traces:
  Client Component Browser:
    ./src/components/admin/LandingBuilderList.tsx [Client Component Browser]
    ./src/components/admin/VisualBuilderContainer.tsx [Client Component Browser]
    ./src/components/admin/VisualBuilderContainer.tsx [Server Component]
    ./src/app/admin/landing-builder/page.tsx [Server Component]

  Client Component SSR:
    ./src/components/admin/LandingBuilderList.tsx [Client Component SSR]
    ./src/components/admin/VisualBuilderContainer.tsx [Client Component SSR]
    ./src/components/admin/VisualBuilderContainer.tsx [Server Component]
    ./src/app/admin/landing-builder/page.tsx [Server Component] @ http://localhost:3000/_next/static/chunks/0mm6_next_dist_0wb--n-._.js:1945
[ 3346896ms] [LOG] [Fast Refresh] rebuilding @ http://localhost:3000/_next/static/chunks/0mm6_next_dist_0wb--n-._.js:1226
[ 3347164ms] [ERROR] Failed to load resource: the server responded with a status of 500 (Internal Server Error) @ http://localhost:3000/admin/login?callbackUrl=%2Fadmin%2Flanding-builder:0
[ 3347573ms] [INFO] %cDownload the React DevTools for a better development experience: https://react.dev/link/react-devtools font-weight:bold @ http://localhost:3000/_next/static/chunks/0p2h_react-dom_0vsf22y._.js:15305
[ 3347604ms] Error: ./src/components/admin/LandingBuilderList.tsx:579:3
Unexpected token. Did you mean `{'}'}` or `&rbrace;`?
  577 |       </div>
  578 |     )
> 579 |   }
      |   ^
  580 |
  581 |   if (editingGlobal === "LOGOS") {
  582 |     return (

Parsing ecmascript source code failed

Import traces:
  Client Component Browser:
    ./src/components/admin/LandingBuilderList.tsx [Client Component Browser]
    ./src/components/admin/VisualBuilderContainer.tsx [Client Component Browser]
    ./src/components/admin/VisualBuilderContainer.tsx [Server Component]
    ./src/app/admin/landing-builder/page.tsx [Server Component]

  Client Component SSR:
    ./src/components/admin/LandingBuilderList.tsx [Client Component SSR]
    ./src/components/admin/VisualBuilderContainer.tsx [Client Component SSR]
    ./src/components/admin/VisualBuilderContainer.tsx [Server Component]
    ./src/app/admin/landing-builder/page.tsx [Server Component]


    at <unknown> (Error: ./src/components/admin/LandingBuilderList.tsx:579:3)
    at Object.getCompilationErrors (file:///Users/andres/Documents/Asygnuz/one-star/node_modules/.pnpm/next@16.2.6_@babel+core@7.29.7_@opentelemetry+api@1.9.1_@playwright+test@1.61.1_react-d_2287c2fed37900450333ac24d06100d9/node_modules/next/dist/server/dev/hot-reloader-turbopack.js:1186:59)
    at DevBundlerService.getCompilationError (file:///Users/andres/Documents/Asygnuz/one-star/node_modules/.pnpm/next@16.2.6_@babel+core@7.29.7_@opentelemetry+api@1.9.1_@playwright+test@1.61.1_react-d_2287c2fed37900450333ac24d06100d9/node_modules/next/dist/server/lib/dev-bundler-service.js:44:55)
    at DevServer.getCompilationError (file:///Users/andres/Documents/Asygnuz/one-star/node_modules/.pnpm/next@16.2.6_@babel+core@7.29.7_@opentelemetry+api@1.9.1_@playwright+test@1.61.1_react-d_2287c2fed37900450333ac24d06100d9/node_modules/next/dist/server/dev/next-dev-server.js:720:42)
    at DevServer.findPageComponents (file:///Users/andres/Documents/Asygnuz/one-star/node_modules/.pnpm/next@16.2.6_@babel+core@7.29.7_@opentelemetry+api@1.9.1_@playwright+test@1.61.1_react-d_2287c2fed37900450333ac24d06100d9/node_modules/next/dist/server/dev/next-dev-server.js:690:43)
    at async DevServer.renderErrorToResponseImpl (file:///Users/andres/Documents/Asygnuz/one-star/node_modules/.pnpm/next@16.2.6_@babel+core@7.29.7_@opentelemetry+api@1.9.1_@playwright+test@1.61.1_react-d_2287c2fed37900450333ac24d06100d9/node_modules/next/dist/server/base-server.js:1753:26)
[ 3347683ms] [LOG] [HMR] connected @ http://localhost:3000/_next/static/chunks/0mm6_next_dist_0wb--n-._.js:1226
[ 3347736ms] [ERROR] ./src/components/admin/LandingBuilderList.tsx:579:3
Unexpected token. Did you mean `{'}'}` or `&rbrace;`?
  577 |       </div>
  578 |     )
> 579 |   }
      |   ^
  580 |
  581 |   if (editingGlobal === "LOGOS") {
  582 |     return (

Parsing ecmascript source code failed

Import traces:
  Client Component Browser:
    ./src/components/admin/LandingBuilderList.tsx [Client Component Browser]
    ./src/components/admin/VisualBuilderContainer.tsx [Client Component Browser]
    ./src/components/admin/VisualBuilderContainer.tsx [Server Component]
    ./src/app/admin/landing-builder/page.tsx [Server Component]

  Client Component SSR:
    ./src/components/admin/LandingBuilderList.tsx [Client Component SSR]
    ./src/components/admin/VisualBuilderContainer.tsx [Client Component SSR]
    ./src/components/admin/VisualBuilderContainer.tsx [Server Component]
    ./src/app/admin/landing-builder/page.tsx [Server Component] @ http://localhost:3000/_next/static/chunks/0mm6_next_dist_0wb--n-._.js:1945
[ 3347761ms] [ERROR] ./src/components/admin/LandingBuilderList.tsx:579:3
Unexpected token. Did you mean `{'}'}` or `&rbrace;`?
  577 |       </div>
  578 |     )
> 579 |   }
      |   ^
  580 |
  581 |   if (editingGlobal === "LOGOS") {
  582 |     return (

Parsing ecmascript source code failed

Import traces:
  Client Component Browser:
    ./src/components/admin/LandingBuilderList.tsx [Client Component Browser]
    ./src/components/admin/VisualBuilderContainer.tsx [Client Component Browser]
    ./src/components/admin/VisualBuilderContainer.tsx [Server Component]
    ./src/app/admin/landing-builder/page.tsx [Server Component]

  Client Component SSR:
    ./src/components/admin/LandingBuilderList.tsx [Client Component SSR]
    ./src/components/admin/VisualBuilderContainer.tsx [Client Component SSR]
    ./src/components/admin/VisualBuilderContainer.tsx [Server Component]
    ./src/app/admin/landing-builder/page.tsx [Server Component] @ http://localhost:3000/_next/static/chunks/0mm6_next_dist_0wb--n-._.js:1945
[ 3347801ms] [LOG] [Fast Refresh] rebuilding @ http://localhost:3000/_next/static/chunks/0mm6_next_dist_0wb--n-._.js:1226
[ 3347865ms] [ERROR] ./src/components/admin/LandingBuilderList.tsx:579:3
Unexpected token. Did you mean `{'}'}` or `&rbrace;`?
  577 |       </div>
  578 |     )
> 579 |   }
      |   ^
  580 |
  581 |   if (editingGlobal === "LOGOS") {
  582 |     return (

Parsing ecmascript source code failed

Import traces:
  Client Component Browser:
    ./src/components/admin/LandingBuilderList.tsx [Client Component Browser]
    ./src/components/admin/VisualBuilderContainer.tsx [Client Component Browser]
    ./src/components/admin/VisualBuilderContainer.tsx [Server Component]
    ./src/app/admin/landing-builder/page.tsx [Server Component]

  Client Component SSR:
    ./src/components/admin/LandingBuilderList.tsx [Client Component SSR]
    ./src/components/admin/VisualBuilderContainer.tsx [Client Component SSR]
    ./src/components/admin/VisualBuilderContainer.tsx [Server Component]
    ./src/app/admin/landing-builder/page.tsx [Server Component] @ http://localhost:3000/_next/static/chunks/0mm6_next_dist_0wb--n-._.js:1945
[ 3347918ms] [LOG] [Fast Refresh] rebuilding @ http://localhost:3000/_next/static/chunks/0mm6_next_dist_0wb--n-._.js:1226
[ 3347955ms] [ERROR] ./src/components/admin/LandingBuilderList.tsx:579:3
Unexpected token. Did you mean `{'}'}` or `&rbrace;`?
  577 |       </div>
  578 |     )
> 579 |   }
      |   ^
  580 |
  581 |   if (editingGlobal === "LOGOS") {
  582 |     return (

Parsing ecmascript source code failed

Import traces:
  Client Component Browser:
    ./src/components/admin/LandingBuilderList.tsx [Client Component Browser]
    ./src/components/admin/VisualBuilderContainer.tsx [Client Component Browser]
    ./src/components/admin/VisualBuilderContainer.tsx [Server Component]
    ./src/app/admin/landing-builder/page.tsx [Server Component]

  Client Component SSR:
    ./src/components/admin/LandingBuilderList.tsx [Client Component SSR]
    ./src/components/admin/VisualBuilderContainer.tsx [Client Component SSR]
    ./src/components/admin/VisualBuilderContainer.tsx [Server Component]
    ./src/app/admin/landing-builder/page.tsx [Server Component] @ http://localhost:3000/_next/static/chunks/0mm6_next_dist_0wb--n-._.js:1945
[ 3348024ms] [LOG] [Fast Refresh] rebuilding @ http://localhost:3000/_next/static/chunks/0mm6_next_dist_0wb--n-._.js:1226
[ 3369857ms] [LOG] [Fast Refresh] rebuilding @ http://localhost:3000/_next/static/chunks/0mm6_next_dist_0wb--n-._.js:1226
[ 3370998ms] [ERROR] ./src/components/admin/LandingBuilderList.tsx:579:3
Unexpected token. Did you mean `{'}'}` or `&rbrace;`?
  577 |       </div>
  578 |     )
> 579 |   }
      |   ^
  580 |
  581 |   if (editingGlobal === "LOGOS") {
  582 |     return (

Parsing ecmascript source code failed

Import traces:
  Client Component Browser:
    ./src/components/admin/LandingBuilderList.tsx [Client Component Browser]
    ./src/components/admin/VisualBuilderContainer.tsx [Client Component Browser]
    ./src/components/admin/VisualBuilderContainer.tsx [Server Component]
    ./src/app/admin/landing-builder/page.tsx [Server Component]

  Client Component SSR:
    ./src/components/admin/LandingBuilderList.tsx [Client Component SSR]
    ./src/components/admin/VisualBuilderContainer.tsx [Client Component SSR]
    ./src/components/admin/VisualBuilderContainer.tsx [Server Component]
    ./src/app/admin/landing-builder/page.tsx [Server Component] @ http://localhost:3000/_next/static/chunks/0mm6_next_dist_0wb--n-._.js:1945
[ 3371010ms] [LOG] [Fast Refresh] rebuilding @ http://localhost:3000/_next/static/chunks/0mm6_next_dist_0wb--n-._.js:1226
[ 3371033ms] [ERROR] ./src/components/admin/LandingBuilderList.tsx:579:3
Unexpected token. Did you mean `{'}'}` or `&rbrace;`?
  577 |       </div>
  578 |     )
> 579 |   }
      |   ^
  580 |
  581 |   if (editingGlobal === "LOGOS") {
  582 |     return (

Parsing ecmascript source code failed

Import traces:
  Client Component Browser:
    ./src/components/admin/LandingBuilderList.tsx [Client Component Browser]
    ./src/components/admin/VisualBuilderContainer.tsx [Client Component Browser]
    ./src/components/admin/VisualBuilderContainer.tsx [Server Component]
    ./src/app/admin/landing-builder/page.tsx [Server Component]

  Client Component SSR:
    ./src/components/admin/LandingBuilderList.tsx [Client Component SSR]
    ./src/components/admin/VisualBuilderContainer.tsx [Client Component SSR]
    ./src/components/admin/VisualBuilderContainer.tsx [Server Component]
    ./src/app/admin/landing-builder/page.tsx [Server Component] @ http://localhost:3000/_next/static/chunks/0mm6_next_dist_0wb--n-._.js:1945
[ 3371400ms] [ERROR] Failed to load resource: the server responded with a status of 500 (Internal Server Error) @ http://localhost:3000/admin/login?callbackUrl=%2Fadmin%2Flanding-builder:0
[ 3371461ms] [INFO] %cDownload the React DevTools for a better development experience: https://react.dev/link/react-devtools font-weight:bold @ http://localhost:3000/_next/static/chunks/0p2h_react-dom_0vsf22y._.js:15305
[ 3371473ms] Error: ./src/components/admin/LandingBuilderList.tsx:579:3
Unexpected token. Did you mean `{'}'}` or `&rbrace;`?
  577 |       </div>
  578 |     )
> 579 |   }
      |   ^
  580 |
  581 |   if (editingGlobal === "LOGOS") {
  582 |     return (

Parsing ecmascript source code failed

Import traces:
  Client Component Browser:
    ./src/components/admin/LandingBuilderList.tsx [Client Component Browser]
    ./src/components/admin/VisualBuilderContainer.tsx [Client Component Browser]
    ./src/components/admin/VisualBuilderContainer.tsx [Server Component]
    ./src/app/admin/landing-builder/page.tsx [Server Component]

  Client Component SSR:
    ./src/components/admin/LandingBuilderList.tsx [Client Component SSR]
    ./src/components/admin/VisualBuilderContainer.tsx [Client Component SSR]
    ./src/components/admin/VisualBuilderContainer.tsx [Server Component]
    ./src/app/admin/landing-builder/page.tsx [Server Component]


    at <unknown> (Error: ./src/components/admin/LandingBuilderList.tsx:579:3)
    at Object.getCompilationErrors (file:///Users/andres/Documents/Asygnuz/one-star/node_modules/.pnpm/next@16.2.6_@babel+core@7.29.7_@opentelemetry+api@1.9.1_@playwright+test@1.61.1_react-d_2287c2fed37900450333ac24d06100d9/node_modules/next/dist/server/dev/hot-reloader-turbopack.js:1186:59)
    at DevBundlerService.getCompilationError (file:///Users/andres/Documents/Asygnuz/one-star/node_modules/.pnpm/next@16.2.6_@babel+core@7.29.7_@opentelemetry+api@1.9.1_@playwright+test@1.61.1_react-d_2287c2fed37900450333ac24d06100d9/node_modules/next/dist/server/lib/dev-bundler-service.js:44:55)
    at DevServer.getCompilationError (file:///Users/andres/Documents/Asygnuz/one-star/node_modules/.pnpm/next@16.2.6_@babel+core@7.29.7_@opentelemetry+api@1.9.1_@playwright+test@1.61.1_react-d_2287c2fed37900450333ac24d06100d9/node_modules/next/dist/server/dev/next-dev-server.js:720:42)
    at DevServer.findPageComponents (file:///Users/andres/Documents/Asygnuz/one-star/node_modules/.pnpm/next@16.2.6_@babel+core@7.29.7_@opentelemetry+api@1.9.1_@playwright+test@1.61.1_react-d_2287c2fed37900450333ac24d06100d9/node_modules/next/dist/server/dev/next-dev-server.js:690:43)
    at async DevServer.renderErrorToResponseImpl (file:///Users/andres/Documents/Asygnuz/one-star/node_modules/.pnpm/next@16.2.6_@babel+core@7.29.7_@opentelemetry+api@1.9.1_@playwright+test@1.61.1_react-d_2287c2fed37900450333ac24d06100d9/node_modules/next/dist/server/base-server.js:1753:26)
[ 3371477ms] [LOG] [HMR] connected @ http://localhost:3000/_next/static/chunks/0mm6_next_dist_0wb--n-._.js:1226
[ 3371488ms] [ERROR] ./src/components/admin/LandingBuilderList.tsx:579:3
Unexpected token. Did you mean `{'}'}` or `&rbrace;`?
  577 |       </div>
  578 |     )
> 579 |   }
      |   ^
  580 |
  581 |   if (editingGlobal === "LOGOS") {
  582 |     return (

Parsing ecmascript source code failed

Import traces:
  Client Component Browser:
    ./src/components/admin/LandingBuilderList.tsx [Client Component Browser]
    ./src/components/admin/VisualBuilderContainer.tsx [Client Component Browser]
    ./src/components/admin/VisualBuilderContainer.tsx [Server Component]
    ./src/app/admin/landing-builder/page.tsx [Server Component]

  Client Component SSR:
    ./src/components/admin/LandingBuilderList.tsx [Client Component SSR]
    ./src/components/admin/VisualBuilderContainer.tsx [Client Component SSR]
    ./src/components/admin/VisualBuilderContainer.tsx [Server Component]
    ./src/app/admin/landing-builder/page.tsx [Server Component] @ http://localhost:3000/_next/static/chunks/0mm6_next_dist_0wb--n-._.js:1945
[ 3371547ms] [ERROR] ./src/components/admin/LandingBuilderList.tsx:579:3
Unexpected token. Did you mean `{'}'}` or `&rbrace;`?
  577 |       </div>
  578 |     )
> 579 |   }
      |   ^
  580 |
  581 |   if (editingGlobal === "LOGOS") {
  582 |     return (

Parsing ecmascript source code failed

Import traces:
  Client Component Browser:
    ./src/components/admin/LandingBuilderList.tsx [Client Component Browser]
    ./src/components/admin/VisualBuilderContainer.tsx [Client Component Browser]
    ./src/components/admin/VisualBuilderContainer.tsx [Server Component]
    ./src/app/admin/landing-builder/page.tsx [Server Component]

  Client Component SSR:
    ./src/components/admin/LandingBuilderList.tsx [Client Component SSR]
    ./src/components/admin/VisualBuilderContainer.tsx [Client Component SSR]
    ./src/components/admin/VisualBuilderContainer.tsx [Server Component]
    ./src/app/admin/landing-builder/page.tsx [Server Component] @ http://localhost:3000/_next/static/chunks/0mm6_next_dist_0wb--n-._.js:1945
[ 3371583ms] [ERROR] ./src/components/admin/LandingBuilderList.tsx:579:3
Unexpected token. Did you mean `{'}'}` or `&rbrace;`?
  577 |       </div>
  578 |     )
> 579 |   }
      |   ^
  580 |
  581 |   if (editingGlobal === "LOGOS") {
  582 |     return (

Parsing ecmascript source code failed

Import traces:
  Client Component Browser:
    ./src/components/admin/LandingBuilderList.tsx [Client Component Browser]
    ./src/components/admin/VisualBuilderContainer.tsx [Client Component Browser]
    ./src/components/admin/VisualBuilderContainer.tsx [Server Component]
    ./src/app/admin/landing-builder/page.tsx [Server Component]

  Client Component SSR:
    ./src/components/admin/LandingBuilderList.tsx [Client Component SSR]
    ./src/components/admin/VisualBuilderContainer.tsx [Client Component SSR]
    ./src/components/admin/VisualBuilderContainer.tsx [Server Component]
    ./src/app/admin/landing-builder/page.tsx [Server Component] @ http://localhost:3000/_next/static/chunks/0mm6_next_dist_0wb--n-._.js:1945
[ 3371627ms] [ERROR] ./src/components/admin/LandingBuilderList.tsx:579:3
Unexpected token. Did you mean `{'}'}` or `&rbrace;`?
  577 |       </div>
  578 |     )
> 579 |   }
      |   ^
  580 |
  581 |   if (editingGlobal === "LOGOS") {
  582 |     return (

Parsing ecmascript source code failed

Import traces:
  Client Component Browser:
    ./src/components/admin/LandingBuilderList.tsx [Client Component Browser]
    ./src/components/admin/VisualBuilderContainer.tsx [Client Component Browser]
    ./src/components/admin/VisualBuilderContainer.tsx [Server Component]
    ./src/app/admin/landing-builder/page.tsx [Server Component]

  Client Component SSR:
    ./src/components/admin/LandingBuilderList.tsx [Client Component SSR]
    ./src/components/admin/VisualBuilderContainer.tsx [Client Component SSR]
    ./src/components/admin/VisualBuilderContainer.tsx [Server Component]
    ./src/app/admin/landing-builder/page.tsx [Server Component] @ http://localhost:3000/_next/static/chunks/0mm6_next_dist_0wb--n-._.js:1945
[ 3371691ms] [LOG] [Fast Refresh] rebuilding @ http://localhost:3000/_next/static/chunks/0mm6_next_dist_0wb--n-._.js:1226
[ 3391763ms] [LOG] [Fast Refresh] rebuilding @ http://localhost:3000/_next/static/chunks/0mm6_next_dist_0wb--n-._.js:1226
[ 3392094ms] [ERROR] ./src/components/home/ProductCarouselClient.tsx:131:43
Expected '</', got '.'
  129 |                 salePrice={product.salePrice}
  130 |                 imageUrl={product.imageUrl}
> 131 |                 secondaryImageUrl: product.secondaryImageUrl,
      |                                           ^
  132 |                 isOnSale: product.isOnSale,
  133 |                 isNew: product.isNew,
  134 |                 hasStock: product.hasStock,

Parsing ecmascript source code failed

Import trace:
  Server Component:
    ./src/components/home/ProductCarouselClient.tsx
    ./src/components/home/ProductCarousel.tsx
    ./src/app/page.tsx @ http://localhost:3000/_next/static/chunks/0mm6_next_dist_0wb--n-._.js:1945
[ 3392094ms] [ERROR] ./src/components/admin/LandingBuilderList.tsx:579:3
Unexpected token. Did you mean `{'}'}` or `&rbrace;`?
  577 |       </div>
  578 |     )
> 579 |   }
      |   ^
  580 |
  581 |   if (editingGlobal === "LOGOS") {
  582 |     return (

Parsing ecmascript source code failed

Import traces:
  Client Component Browser:
    ./src/components/admin/LandingBuilderList.tsx [Client Component Browser]
    ./src/components/admin/VisualBuilderContainer.tsx [Client Component Browser]
    ./src/components/admin/VisualBuilderContainer.tsx [Server Component]
    ./src/app/admin/landing-builder/page.tsx [Server Component]

  Client Component SSR:
    ./src/components/admin/LandingBuilderList.tsx [Client Component SSR]
    ./src/components/admin/VisualBuilderContainer.tsx [Client Component SSR]
    ./src/components/admin/VisualBuilderContainer.tsx [Server Component]
    ./src/app/admin/landing-builder/page.tsx [Server Component] @ http://localhost:3000/_next/static/chunks/0mm6_next_dist_0wb--n-._.js:1945
[ 3392697ms] [ERROR] ./src/components/home/ProductCarouselClient.tsx:131:43
Expected '</', got '.'
  129 |                 salePrice={product.salePrice}
  130 |                 imageUrl={product.imageUrl}
> 131 |                 secondaryImageUrl: product.secondaryImageUrl,
      |                                           ^
  132 |                 isOnSale: product.isOnSale,
  133 |                 isNew: product.isNew,
  134 |                 hasStock: product.hasStock,

Parsing ecmascript source code failed

Import trace:
  Server Component:
    ./src/components/home/ProductCarouselClient.tsx
    ./src/components/home/ProductCarousel.tsx
    ./src/app/page.tsx @ http://localhost:3000/_next/static/chunks/0mm6_next_dist_0wb--n-._.js:1945
[ 3392697ms] [ERROR] ./src/components/admin/LandingBuilderList.tsx:579:3
Unexpected token. Did you mean `{'}'}` or `&rbrace;`?
  577 |       </div>
  578 |     )
> 579 |   }
      |   ^
  580 |
  581 |   if (editingGlobal === "LOGOS") {
  582 |     return (

Parsing ecmascript source code failed

Import traces:
  Client Component Browser:
    ./src/components/admin/LandingBuilderList.tsx [Client Component Browser]
    ./src/components/admin/VisualBuilderContainer.tsx [Client Component Browser]
    ./src/components/admin/VisualBuilderContainer.tsx [Server Component]
    ./src/app/admin/landing-builder/page.tsx [Server Component]

  Client Component SSR:
    ./src/components/admin/LandingBuilderList.tsx [Client Component SSR]
    ./src/components/admin/VisualBuilderContainer.tsx [Client Component SSR]
    ./src/components/admin/VisualBuilderContainer.tsx [Server Component]
    ./src/app/admin/landing-builder/page.tsx [Server Component] @ http://localhost:3000/_next/static/chunks/0mm6_next_dist_0wb--n-._.js:1945
[ 3392765ms] [ERROR] ./src/components/home/ProductCarouselClient.tsx:131:43
Expected '</', got '.'
  129 |                 salePrice={product.salePrice}
  130 |                 imageUrl={product.imageUrl}
> 131 |                 secondaryImageUrl: product.secondaryImageUrl,
      |                                           ^
  132 |                 isOnSale: product.isOnSale,
  133 |                 isNew: product.isNew,
  134 |                 hasStock: product.hasStock,

Parsing ecmascript source code failed

Import trace:
  Server Component:
    ./src/components/home/ProductCarouselClient.tsx
    ./src/components/home/ProductCarousel.tsx
    ./src/app/page.tsx @ http://localhost:3000/_next/static/chunks/0mm6_next_dist_0wb--n-._.js:1945
[ 3392765ms] [ERROR] ./src/components/admin/LandingBuilderList.tsx:579:3
Unexpected token. Did you mean `{'}'}` or `&rbrace;`?
  577 |       </div>
  578 |     )
> 579 |   }
      |   ^
  580 |
  581 |   if (editingGlobal === "LOGOS") {
  582 |     return (

Parsing ecmascript source code failed

Import traces:
  Client Component Browser:
    ./src/components/admin/LandingBuilderList.tsx [Client Component Browser]
    ./src/components/admin/VisualBuilderContainer.tsx [Client Component Browser]
    ./src/components/admin/VisualBuilderContainer.tsx [Server Component]
    ./src/app/admin/landing-builder/page.tsx [Server Component]

  Client Component SSR:
    ./src/components/admin/LandingBuilderList.tsx [Client Component SSR]
    ./src/components/admin/VisualBuilderContainer.tsx [Client Component SSR]
    ./src/components/admin/VisualBuilderContainer.tsx [Server Component]
    ./src/app/admin/landing-builder/page.tsx [Server Component] @ http://localhost:3000/_next/static/chunks/0mm6_next_dist_0wb--n-._.js:1945
[ 3392814ms] [ERROR] ./src/components/home/ProductCarouselClient.tsx:131:43
Expected '</', got '.'
  129 |                 salePrice={product.salePrice}
  130 |                 imageUrl={product.imageUrl}
> 131 |                 secondaryImageUrl: product.secondaryImageUrl,
      |                                           ^
  132 |                 isOnSale: product.isOnSale,
  133 |                 isNew: product.isNew,
  134 |                 hasStock: product.hasStock,

Parsing ecmascript source code failed

Import trace:
  Server Component:
    ./src/components/home/ProductCarouselClient.tsx
    ./src/components/home/ProductCarousel.tsx
    ./src/app/page.tsx @ http://localhost:3000/_next/static/chunks/0mm6_next_dist_0wb--n-._.js:1945
[ 3392814ms] [ERROR] ./src/components/admin/LandingBuilderList.tsx:579:3
Unexpected token. Did you mean `{'}'}` or `&rbrace;`?
  577 |       </div>
  578 |     )
> 579 |   }
      |   ^
  580 |
  581 |   if (editingGlobal === "LOGOS") {
  582 |     return (

Parsing ecmascript source code failed

Import traces:
  Client Component Browser:
    ./src/components/admin/LandingBuilderList.tsx [Client Component Browser]
    ./src/components/admin/VisualBuilderContainer.tsx [Client Component Browser]
    ./src/components/admin/VisualBuilderContainer.tsx [Server Component]
    ./src/app/admin/landing-builder/page.tsx [Server Component]

  Client Component SSR:
    ./src/components/admin/LandingBuilderList.tsx [Client Component SSR]
    ./src/components/admin/VisualBuilderContainer.tsx [Client Component SSR]
    ./src/components/admin/VisualBuilderContainer.tsx [Server Component]
    ./src/app/admin/landing-builder/page.tsx [Server Component] @ http://localhost:3000/_next/static/chunks/0mm6_next_dist_0wb--n-._.js:1945
[ 3392827ms] [ERROR] Failed to load resource: the server responded with a status of 500 (Internal Server Error) @ http://localhost:3000/admin/login?callbackUrl=%2Fadmin%2Flanding-builder:0
[ 3392993ms] [INFO] %cDownload the React DevTools for a better development experience: https://react.dev/link/react-devtools font-weight:bold @ http://localhost:3000/_next/static/chunks/0p2h_react-dom_0vsf22y._.js:15305
[ 3393011ms] Error: ./src/components/home/ProductCarouselClient.tsx:131:43
Expected '</', got '.'
  129 |                 salePrice={product.salePrice}
  130 |                 imageUrl={product.imageUrl}
> 131 |                 secondaryImageUrl: product.secondaryImageUrl,
      |                                           ^
  132 |                 isOnSale: product.isOnSale,
  133 |                 isNew: product.isNew,
  134 |                 hasStock: product.hasStock,

Parsing ecmascript source code failed

Import trace:
  Server Component:
    ./src/components/home/ProductCarouselClient.tsx
    ./src/components/home/ProductCarousel.tsx
    ./src/app/page.tsx


    at <unknown> (Error: ./src/components/home/ProductCarouselClient.tsx:131:43)
    at Object.getCompilationErrors (file:///Users/andres/Documents/Asygnuz/one-star/node_modules/.pnpm/next@16.2.6_@babel+core@7.29.7_@opentelemetry+api@1.9.1_@playwright+test@1.61.1_react-d_2287c2fed37900450333ac24d06100d9/node_modules/next/dist/server/dev/hot-reloader-turbopack.js:1186:59)
    at DevBundlerService.getCompilationError (file:///Users/andres/Documents/Asygnuz/one-star/node_modules/.pnpm/next@16.2.6_@babel+core@7.29.7_@opentelemetry+api@1.9.1_@playwright+test@1.61.1_react-d_2287c2fed37900450333ac24d06100d9/node_modules/next/dist/server/lib/dev-bundler-service.js:44:55)
    at DevServer.getCompilationError (file:///Users/andres/Documents/Asygnuz/one-star/node_modules/.pnpm/next@16.2.6_@babel+core@7.29.7_@opentelemetry+api@1.9.1_@playwright+test@1.61.1_react-d_2287c2fed37900450333ac24d06100d9/node_modules/next/dist/server/dev/next-dev-server.js:720:42)
    at DevServer.findPageComponents (file:///Users/andres/Documents/Asygnuz/one-star/node_modules/.pnpm/next@16.2.6_@babel+core@7.29.7_@opentelemetry+api@1.9.1_@playwright+test@1.61.1_react-d_2287c2fed37900450333ac24d06100d9/node_modules/next/dist/server/dev/next-dev-server.js:690:43)
    at async DevServer.renderErrorToResponseImpl (file:///Users/andres/Documents/Asygnuz/one-star/node_modules/.pnpm/next@16.2.6_@babel+core@7.29.7_@opentelemetry+api@1.9.1_@playwright+test@1.61.1_react-d_2287c2fed37900450333ac24d06100d9/node_modules/next/dist/server/base-server.js:1753:26)
[ 3393040ms] [LOG] [HMR] connected @ http://localhost:3000/_next/static/chunks/0mm6_next_dist_0wb--n-._.js:1226
[ 3393143ms] [ERROR] ./src/components/home/ProductCarouselClient.tsx:131:43
Expected '</', got '.'
  129 |                 salePrice={product.salePrice}
  130 |                 imageUrl={product.imageUrl}
> 131 |                 secondaryImageUrl: product.secondaryImageUrl,
      |                                           ^
  132 |                 isOnSale: product.isOnSale,
  133 |                 isNew: product.isNew,
  134 |                 hasStock: product.hasStock,

Parsing ecmascript source code failed

Import trace:
  Server Component:
    ./src/components/home/ProductCarouselClient.tsx
    ./src/components/home/ProductCarousel.tsx
    ./src/app/page.tsx @ http://localhost:3000/_next/static/chunks/0mm6_next_dist_0wb--n-._.js:1945
[ 3393143ms] [ERROR] ./src/components/admin/LandingBuilderList.tsx:579:3
Unexpected token. Did you mean `{'}'}` or `&rbrace;`?
  577 |       </div>
  578 |     )
> 579 |   }
      |   ^
  580 |
  581 |   if (editingGlobal === "LOGOS") {
  582 |     return (

Parsing ecmascript source code failed

Import traces:
  Client Component Browser:
    ./src/components/admin/LandingBuilderList.tsx [Client Component Browser]
    ./src/components/admin/VisualBuilderContainer.tsx [Client Component Browser]
    ./src/components/admin/VisualBuilderContainer.tsx [Server Component]
    ./src/app/admin/landing-builder/page.tsx [Server Component]

  Client Component SSR:
    ./src/components/admin/LandingBuilderList.tsx [Client Component SSR]
    ./src/components/admin/VisualBuilderContainer.tsx [Client Component SSR]
    ./src/components/admin/VisualBuilderContainer.tsx [Server Component]
    ./src/app/admin/landing-builder/page.tsx [Server Component] @ http://localhost:3000/_next/static/chunks/0mm6_next_dist_0wb--n-._.js:1945
[ 3393150ms] [ERROR] ./src/components/home/ProductCarouselClient.tsx:131:43
Expected '</', got '.'
  129 |                 salePrice={product.salePrice}
  130 |                 imageUrl={product.imageUrl}
> 131 |                 secondaryImageUrl: product.secondaryImageUrl,
      |                                           ^
  132 |                 isOnSale: product.isOnSale,
  133 |                 isNew: product.isNew,
  134 |                 hasStock: product.hasStock,

Parsing ecmascript source code failed

Import trace:
  Server Component:
    ./src/components/home/ProductCarouselClient.tsx
    ./src/components/home/ProductCarousel.tsx
    ./src/app/page.tsx @ http://localhost:3000/_next/static/chunks/0mm6_next_dist_0wb--n-._.js:1945
[ 3393150ms] [ERROR] ./src/components/admin/LandingBuilderList.tsx:579:3
Unexpected token. Did you mean `{'}'}` or `&rbrace;`?
  577 |       </div>
  578 |     )
> 579 |   }
      |   ^
  580 |
  581 |   if (editingGlobal === "LOGOS") {
  582 |     return (

Parsing ecmascript source code failed

Import traces:
  Client Component Browser:
    ./src/components/admin/LandingBuilderList.tsx [Client Component Browser]
    ./src/components/admin/VisualBuilderContainer.tsx [Client Component Browser]
    ./src/components/admin/VisualBuilderContainer.tsx [Server Component]
    ./src/app/admin/landing-builder/page.tsx [Server Component]

  Client Component SSR:
    ./src/components/admin/LandingBuilderList.tsx [Client Component SSR]
    ./src/components/admin/VisualBuilderContainer.tsx [Client Component SSR]
    ./src/components/admin/VisualBuilderContainer.tsx [Server Component]
    ./src/app/admin/landing-builder/page.tsx [Server Component] @ http://localhost:3000/_next/static/chunks/0mm6_next_dist_0wb--n-._.js:1945
[ 3393187ms] [ERROR] ./src/components/home/ProductCarouselClient.tsx:131:43
Expected '</', got '.'
  129 |                 salePrice={product.salePrice}
  130 |                 imageUrl={product.imageUrl}
> 131 |                 secondaryImageUrl: product.secondaryImageUrl,
      |                                           ^
  132 |                 isOnSale: product.isOnSale,
  133 |                 isNew: product.isNew,
  134 |                 hasStock: product.hasStock,

Parsing ecmascript source code failed

Import trace:
  Server Component:
    ./src/components/home/ProductCarouselClient.tsx
    ./src/components/home/ProductCarousel.tsx
    ./src/app/page.tsx @ http://localhost:3000/_next/static/chunks/0mm6_next_dist_0wb--n-._.js:1945
[ 3393187ms] [ERROR] ./src/components/admin/LandingBuilderList.tsx:579:3
Unexpected token. Did you mean `{'}'}` or `&rbrace;`?
  577 |       </div>
  578 |     )
> 579 |   }
      |   ^
  580 |
  581 |   if (editingGlobal === "LOGOS") {
  582 |     return (

Parsing ecmascript source code failed

Import traces:
  Client Component Browser:
    ./src/components/admin/LandingBuilderList.tsx [Client Component Browser]
    ./src/components/admin/VisualBuilderContainer.tsx [Client Component Browser]
    ./src/components/admin/VisualBuilderContainer.tsx [Server Component]
    ./src/app/admin/landing-builder/page.tsx [Server Component]

  Client Component SSR:
    ./src/components/admin/LandingBuilderList.tsx [Client Component SSR]
    ./src/components/admin/VisualBuilderContainer.tsx [Client Component SSR]
    ./src/components/admin/VisualBuilderContainer.tsx [Server Component]
    ./src/app/admin/landing-builder/page.tsx [Server Component] @ http://localhost:3000/_next/static/chunks/0mm6_next_dist_0wb--n-._.js:1945
[ 3393228ms] [ERROR] ./src/components/home/ProductCarouselClient.tsx:131:43
Expected '</', got '.'
  129 |                 salePrice={product.salePrice}
  130 |                 imageUrl={product.imageUrl}
> 131 |                 secondaryImageUrl: product.secondaryImageUrl,
      |                                           ^
  132 |                 isOnSale: product.isOnSale,
  133 |                 isNew: product.isNew,
  134 |                 hasStock: product.hasStock,

Parsing ecmascript source code failed

Import trace:
  Server Component:
    ./src/components/home/ProductCarouselClient.tsx
    ./src/components/home/ProductCarousel.tsx
    ./src/app/page.tsx @ http://localhost:3000/_next/static/chunks/0mm6_next_dist_0wb--n-._.js:1945
[ 3393228ms] [ERROR] ./src/components/admin/LandingBuilderList.tsx:579:3
Unexpected token. Did you mean `{'}'}` or `&rbrace;`?
  577 |       </div>
  578 |     )
> 579 |   }
      |   ^
  580 |
  581 |   if (editingGlobal === "LOGOS") {
  582 |     return (

Parsing ecmascript source code failed

Import traces:
  Client Component Browser:
    ./src/components/admin/LandingBuilderList.tsx [Client Component Browser]
    ./src/components/admin/VisualBuilderContainer.tsx [Client Component Browser]
    ./src/components/admin/VisualBuilderContainer.tsx [Server Component]
    ./src/app/admin/landing-builder/page.tsx [Server Component]

  Client Component SSR:
    ./src/components/admin/LandingBuilderList.tsx [Client Component SSR]
    ./src/components/admin/VisualBuilderContainer.tsx [Client Component SSR]
    ./src/components/admin/VisualBuilderContainer.tsx [Server Component]
    ./src/app/admin/landing-builder/page.tsx [Server Component] @ http://localhost:3000/_next/static/chunks/0mm6_next_dist_0wb--n-._.js:1945
[ 3393288ms] [ERROR] ./src/components/home/ProductCarouselClient.tsx:131:43
Expected '</', got '.'
  129 |                 salePrice={product.salePrice}
  130 |                 imageUrl={product.imageUrl}
> 131 |                 secondaryImageUrl: product.secondaryImageUrl,
      |                                           ^
  132 |                 isOnSale: product.isOnSale,
  133 |                 isNew: product.isNew,
  134 |                 hasStock: product.hasStock,

Parsing ecmascript source code failed

Import trace:
  Server Component:
    ./src/components/home/ProductCarouselClient.tsx
    ./src/components/home/ProductCarousel.tsx
    ./src/app/page.tsx @ http://localhost:3000/_next/static/chunks/0mm6_next_dist_0wb--n-._.js:1945
[ 3393288ms] [ERROR] ./src/components/admin/LandingBuilderList.tsx:579:3
Unexpected token. Did you mean `{'}'}` or `&rbrace;`?
  577 |       </div>
  578 |     )
> 579 |   }
      |   ^
  580 |
  581 |   if (editingGlobal === "LOGOS") {
  582 |     return (

Parsing ecmascript source code failed

Import traces:
  Client Component Browser:
    ./src/components/admin/LandingBuilderList.tsx [Client Component Browser]
    ./src/components/admin/VisualBuilderContainer.tsx [Client Component Browser]
    ./src/components/admin/VisualBuilderContainer.tsx [Server Component]
    ./src/app/admin/landing-builder/page.tsx [Server Component]

  Client Component SSR:
    ./src/components/admin/LandingBuilderList.tsx [Client Component SSR]
    ./src/components/admin/VisualBuilderContainer.tsx [Client Component SSR]
    ./src/components/admin/VisualBuilderContainer.tsx [Server Component]
    ./src/app/admin/landing-builder/page.tsx [Server Component] @ http://localhost:3000/_next/static/chunks/0mm6_next_dist_0wb--n-._.js:1945
[ 3393351ms] [LOG] [Fast Refresh] rebuilding @ http://localhost:3000/_next/static/chunks/0mm6_next_dist_0wb--n-._.js:1226
[ 3401296ms] [LOG] [Fast Refresh] rebuilding @ http://localhost:3000/_next/static/chunks/0mm6_next_dist_0wb--n-._.js:1226
[ 3401508ms] [ERROR] ./src/components/admin/LandingBuilderList.tsx:579:3
Unexpected token. Did you mean `{'}'}` or `&rbrace;`?
  577 |       </div>
  578 |     )
> 579 |   }
      |   ^
  580 |
  581 |   if (editingGlobal === "LOGOS") {
  582 |     return (

Parsing ecmascript source code failed

Import traces:
  Client Component Browser:
    ./src/components/admin/LandingBuilderList.tsx [Client Component Browser]
    ./src/components/admin/VisualBuilderContainer.tsx [Client Component Browser]
    ./src/components/admin/VisualBuilderContainer.tsx [Server Component]
    ./src/app/admin/landing-builder/page.tsx [Server Component]

  Client Component SSR:
    ./src/components/admin/LandingBuilderList.tsx [Client Component SSR]
    ./src/components/admin/VisualBuilderContainer.tsx [Client Component SSR]
    ./src/components/admin/VisualBuilderContainer.tsx [Server Component]
    ./src/app/admin/landing-builder/page.tsx [Server Component] @ http://localhost:3000/_next/static/chunks/0mm6_next_dist_0wb--n-._.js:1945
[ 3402170ms] [ERROR] ./src/components/admin/LandingBuilderList.tsx:579:3
Unexpected token. Did you mean `{'}'}` or `&rbrace;`?
  577 |       </div>
  578 |     )
> 579 |   }
      |   ^
  580 |
  581 |   if (editingGlobal === "LOGOS") {
  582 |     return (

Parsing ecmascript source code failed

Import traces:
  Client Component Browser:
    ./src/components/admin/LandingBuilderList.tsx [Client Component Browser]
    ./src/components/admin/VisualBuilderContainer.tsx [Client Component Browser]
    ./src/components/admin/VisualBuilderContainer.tsx [Server Component]
    ./src/app/admin/landing-builder/page.tsx [Server Component]

  Client Component SSR:
    ./src/components/admin/LandingBuilderList.tsx [Client Component SSR]
    ./src/components/admin/VisualBuilderContainer.tsx [Client Component SSR]
    ./src/components/admin/VisualBuilderContainer.tsx [Server Component]
    ./src/app/admin/landing-builder/page.tsx [Server Component] @ http://localhost:3000/_next/static/chunks/0mm6_next_dist_0wb--n-._.js:1945
[ 3402240ms] [ERROR] Failed to load resource: the server responded with a status of 500 (Internal Server Error) @ http://localhost:3000/admin/login?callbackUrl=%2Fadmin%2Flanding-builder:0
[ 3402281ms] [INFO] %cDownload the React DevTools for a better development experience: https://react.dev/link/react-devtools font-weight:bold @ http://localhost:3000/_next/static/chunks/0p2h_react-dom_0vsf22y._.js:15305
[ 3402291ms] Error: ./src/components/admin/LandingBuilderList.tsx:579:3
Unexpected token. Did you mean `{'}'}` or `&rbrace;`?
  577 |       </div>
  578 |     )
> 579 |   }
      |   ^
  580 |
  581 |   if (editingGlobal === "LOGOS") {
  582 |     return (

Parsing ecmascript source code failed

Import traces:
  Client Component Browser:
    ./src/components/admin/LandingBuilderList.tsx [Client Component Browser]
    ./src/components/admin/VisualBuilderContainer.tsx [Client Component Browser]
    ./src/components/admin/VisualBuilderContainer.tsx [Server Component]
    ./src/app/admin/landing-builder/page.tsx [Server Component]

  Client Component SSR:
    ./src/components/admin/LandingBuilderList.tsx [Client Component SSR]
    ./src/components/admin/VisualBuilderContainer.tsx [Client Component SSR]
    ./src/components/admin/VisualBuilderContainer.tsx [Server Component]
    ./src/app/admin/landing-builder/page.tsx [Server Component]


    at <unknown> (Error: ./src/components/admin/LandingBuilderList.tsx:579:3)
    at Object.getCompilationErrors (file:///Users/andres/Documents/Asygnuz/one-star/node_modules/.pnpm/next@16.2.6_@babel+core@7.29.7_@opentelemetry+api@1.9.1_@playwright+test@1.61.1_react-d_2287c2fed37900450333ac24d06100d9/node_modules/next/dist/server/dev/hot-reloader-turbopack.js:1186:59)
    at DevBundlerService.getCompilationError (file:///Users/andres/Documents/Asygnuz/one-star/node_modules/.pnpm/next@16.2.6_@babel+core@7.29.7_@opentelemetry+api@1.9.1_@playwright+test@1.61.1_react-d_2287c2fed37900450333ac24d06100d9/node_modules/next/dist/server/lib/dev-bundler-service.js:44:55)
    at DevServer.getCompilationError (file:///Users/andres/Documents/Asygnuz/one-star/node_modules/.pnpm/next@16.2.6_@babel+core@7.29.7_@opentelemetry+api@1.9.1_@playwright+test@1.61.1_react-d_2287c2fed37900450333ac24d06100d9/node_modules/next/dist/server/dev/next-dev-server.js:720:42)
    at DevServer.findPageComponents (file:///Users/andres/Documents/Asygnuz/one-star/node_modules/.pnpm/next@16.2.6_@babel+core@7.29.7_@opentelemetry+api@1.9.1_@playwright+test@1.61.1_react-d_2287c2fed37900450333ac24d06100d9/node_modules/next/dist/server/dev/next-dev-server.js:690:43)
    at async DevServer.renderErrorToResponseImpl (file:///Users/andres/Documents/Asygnuz/one-star/node_modules/.pnpm/next@16.2.6_@babel+core@7.29.7_@opentelemetry+api@1.9.1_@playwright+test@1.61.1_react-d_2287c2fed37900450333ac24d06100d9/node_modules/next/dist/server/base-server.js:1753:26)
[ 3402297ms] [LOG] [HMR] connected @ http://localhost:3000/_next/static/chunks/0mm6_next_dist_0wb--n-._.js:1226
[ 3402305ms] [ERROR] ./src/components/admin/LandingBuilderList.tsx:579:3
Unexpected token. Did you mean `{'}'}` or `&rbrace;`?
  577 |       </div>
  578 |     )
> 579 |   }
      |   ^
  580 |
  581 |   if (editingGlobal === "LOGOS") {
  582 |     return (

Parsing ecmascript source code failed

Import traces:
  Client Component Browser:
    ./src/components/admin/LandingBuilderList.tsx [Client Component Browser]
    ./src/components/admin/VisualBuilderContainer.tsx [Client Component Browser]
    ./src/components/admin/VisualBuilderContainer.tsx [Server Component]
    ./src/app/admin/landing-builder/page.tsx [Server Component]

  Client Component SSR:
    ./src/components/admin/LandingBuilderList.tsx [Client Component SSR]
    ./src/components/admin/VisualBuilderContainer.tsx [Client Component SSR]
    ./src/components/admin/VisualBuilderContainer.tsx [Server Component]
    ./src/app/admin/landing-builder/page.tsx [Server Component] @ http://localhost:3000/_next/static/chunks/0mm6_next_dist_0wb--n-._.js:1945
[ 3402415ms] [ERROR] ./src/components/admin/LandingBuilderList.tsx:579:3
Unexpected token. Did you mean `{'}'}` or `&rbrace;`?
  577 |       </div>
  578 |     )
> 579 |   }
      |   ^
  580 |
  581 |   if (editingGlobal === "LOGOS") {
  582 |     return (

Parsing ecmascript source code failed

Import traces:
  Client Component Browser:
    ./src/components/admin/LandingBuilderList.tsx [Client Component Browser]
    ./src/components/admin/VisualBuilderContainer.tsx [Client Component Browser]
    ./src/components/admin/VisualBuilderContainer.tsx [Server Component]
    ./src/app/admin/landing-builder/page.tsx [Server Component]

  Client Component SSR:
    ./src/components/admin/LandingBuilderList.tsx [Client Component SSR]
    ./src/components/admin/VisualBuilderContainer.tsx [Client Component SSR]
    ./src/components/admin/VisualBuilderContainer.tsx [Server Component]
    ./src/app/admin/landing-builder/page.tsx [Server Component] @ http://localhost:3000/_next/static/chunks/0mm6_next_dist_0wb--n-._.js:1945
[ 3402421ms] [LOG] [Fast Refresh] rebuilding @ http://localhost:3000/_next/static/chunks/0mm6_next_dist_0wb--n-._.js:1226
[ 3409929ms] [LOG] [Fast Refresh] rebuilding @ http://localhost:3000/_next/static/chunks/0mm6_next_dist_0wb--n-._.js:1226
[ 3410063ms] [ERROR] ./src/components/admin/LandingBuilderList.tsx:579:3
Unexpected token. Did you mean `{'}'}` or `&rbrace;`?
  577 |       </div>
  578 |     )
> 579 |   }
      |   ^
  580 |
  581 |   if (editingGlobal === "LOGOS") {
  582 |     return (

Parsing ecmascript source code failed

Import traces:
  Client Component Browser:
    ./src/components/admin/LandingBuilderList.tsx [Client Component Browser]
    ./src/components/admin/VisualBuilderContainer.tsx [Client Component Browser]
    ./src/components/admin/VisualBuilderContainer.tsx [Server Component]
    ./src/app/admin/landing-builder/page.tsx [Server Component]

  Client Component SSR:
    ./src/components/admin/LandingBuilderList.tsx [Client Component SSR]
    ./src/components/admin/VisualBuilderContainer.tsx [Client Component SSR]
    ./src/components/admin/VisualBuilderContainer.tsx [Server Component]
    ./src/app/admin/landing-builder/page.tsx [Server Component] @ http://localhost:3000/_next/static/chunks/0mm6_next_dist_0wb--n-._.js:1945
[ 3410610ms] [ERROR] Failed to load resource: the server responded with a status of 500 (Internal Server Error) @ http://localhost:3000/admin/login?callbackUrl=%2Fadmin%2Flanding-builder:0
[ 3410654ms] [INFO] %cDownload the React DevTools for a better development experience: https://react.dev/link/react-devtools font-weight:bold @ http://localhost:3000/_next/static/chunks/0p2h_react-dom_0vsf22y._.js:15305
[ 3410660ms] Error: ./src/components/admin/LandingBuilderList.tsx:579:3
Unexpected token. Did you mean `{'}'}` or `&rbrace;`?
  577 |       </div>
  578 |     )
> 579 |   }
      |   ^
  580 |
  581 |   if (editingGlobal === "LOGOS") {
  582 |     return (

Parsing ecmascript source code failed

Import traces:
  Client Component Browser:
    ./src/components/admin/LandingBuilderList.tsx [Client Component Browser]
    ./src/components/admin/VisualBuilderContainer.tsx [Client Component Browser]
    ./src/components/admin/VisualBuilderContainer.tsx [Server Component]
    ./src/app/admin/landing-builder/page.tsx [Server Component]

  Client Component SSR:
    ./src/components/admin/LandingBuilderList.tsx [Client Component SSR]
    ./src/components/admin/VisualBuilderContainer.tsx [Client Component SSR]
    ./src/components/admin/VisualBuilderContainer.tsx [Server Component]
    ./src/app/admin/landing-builder/page.tsx [Server Component]


    at <unknown> (Error: ./src/components/admin/LandingBuilderList.tsx:579:3)
    at Object.getCompilationErrors (file:///Users/andres/Documents/Asygnuz/one-star/node_modules/.pnpm/next@16.2.6_@babel+core@7.29.7_@opentelemetry+api@1.9.1_@playwright+test@1.61.1_react-d_2287c2fed37900450333ac24d06100d9/node_modules/next/dist/server/dev/hot-reloader-turbopack.js:1186:59)
    at DevBundlerService.getCompilationError (file:///Users/andres/Documents/Asygnuz/one-star/node_modules/.pnpm/next@16.2.6_@babel+core@7.29.7_@opentelemetry+api@1.9.1_@playwright+test@1.61.1_react-d_2287c2fed37900450333ac24d06100d9/node_modules/next/dist/server/lib/dev-bundler-service.js:44:55)
    at DevServer.getCompilationError (file:///Users/andres/Documents/Asygnuz/one-star/node_modules/.pnpm/next@16.2.6_@babel+core@7.29.7_@opentelemetry+api@1.9.1_@playwright+test@1.61.1_react-d_2287c2fed37900450333ac24d06100d9/node_modules/next/dist/server/dev/next-dev-server.js:720:42)
    at DevServer.findPageComponents (file:///Users/andres/Documents/Asygnuz/one-star/node_modules/.pnpm/next@16.2.6_@babel+core@7.29.7_@opentelemetry+api@1.9.1_@playwright+test@1.61.1_react-d_2287c2fed37900450333ac24d06100d9/node_modules/next/dist/server/dev/next-dev-server.js:690:43)
    at async DevServer.renderErrorToResponseImpl (file:///Users/andres/Documents/Asygnuz/one-star/node_modules/.pnpm/next@16.2.6_@babel+core@7.29.7_@opentelemetry+api@1.9.1_@playwright+test@1.61.1_react-d_2287c2fed37900450333ac24d06100d9/node_modules/next/dist/server/base-server.js:1753:26)
[ 3410666ms] [LOG] [HMR] connected @ http://localhost:3000/_next/static/chunks/0mm6_next_dist_0wb--n-._.js:1226
[ 3410669ms] [ERROR] ./src/components/admin/LandingBuilderList.tsx:579:3
Unexpected token. Did you mean `{'}'}` or `&rbrace;`?
  577 |       </div>
  578 |     )
> 579 |   }
      |   ^
  580 |
  581 |   if (editingGlobal === "LOGOS") {
  582 |     return (

Parsing ecmascript source code failed

Import traces:
  Client Component Browser:
    ./src/components/admin/LandingBuilderList.tsx [Client Component Browser]
    ./src/components/admin/VisualBuilderContainer.tsx [Client Component Browser]
    ./src/components/admin/VisualBuilderContainer.tsx [Server Component]
    ./src/app/admin/landing-builder/page.tsx [Server Component]

  Client Component SSR:
    ./src/components/admin/LandingBuilderList.tsx [Client Component SSR]
    ./src/components/admin/VisualBuilderContainer.tsx [Client Component SSR]
    ./src/components/admin/VisualBuilderContainer.tsx [Server Component]
    ./src/app/admin/landing-builder/page.tsx [Server Component] @ http://localhost:3000/_next/static/chunks/0mm6_next_dist_0wb--n-._.js:1945
[ 3410714ms] [ERROR] ./src/components/admin/LandingBuilderList.tsx:579:3
Unexpected token. Did you mean `{'}'}` or `&rbrace;`?
  577 |       </div>
  578 |     )
> 579 |   }
      |   ^
  580 |
  581 |   if (editingGlobal === "LOGOS") {
  582 |     return (

Parsing ecmascript source code failed

Import traces:
  Client Component Browser:
    ./src/components/admin/LandingBuilderList.tsx [Client Component Browser]
    ./src/components/admin/VisualBuilderContainer.tsx [Client Component Browser]
    ./src/components/admin/VisualBuilderContainer.tsx [Server Component]
    ./src/app/admin/landing-builder/page.tsx [Server Component]

  Client Component SSR:
    ./src/components/admin/LandingBuilderList.tsx [Client Component SSR]
    ./src/components/admin/VisualBuilderContainer.tsx [Client Component SSR]
    ./src/components/admin/VisualBuilderContainer.tsx [Server Component]
    ./src/app/admin/landing-builder/page.tsx [Server Component] @ http://localhost:3000/_next/static/chunks/0mm6_next_dist_0wb--n-._.js:1945
[ 3410768ms] [ERROR] ./src/components/admin/LandingBuilderList.tsx:579:3
Unexpected token. Did you mean `{'}'}` or `&rbrace;`?
  577 |       </div>
  578 |     )
> 579 |   }
      |   ^
  580 |
  581 |   if (editingGlobal === "LOGOS") {
  582 |     return (

Parsing ecmascript source code failed

Import traces:
  Client Component Browser:
    ./src/components/admin/LandingBuilderList.tsx [Client Component Browser]
    ./src/components/admin/VisualBuilderContainer.tsx [Client Component Browser]
    ./src/components/admin/VisualBuilderContainer.tsx [Server Component]
    ./src/app/admin/landing-builder/page.tsx [Server Component]

  Client Component SSR:
    ./src/components/admin/LandingBuilderList.tsx [Client Component SSR]
    ./src/components/admin/VisualBuilderContainer.tsx [Client Component SSR]
    ./src/components/admin/VisualBuilderContainer.tsx [Server Component]
    ./src/app/admin/landing-builder/page.tsx [Server Component] @ http://localhost:3000/_next/static/chunks/0mm6_next_dist_0wb--n-._.js:1945
[ 3410820ms] [LOG] [Fast Refresh] rebuilding @ http://localhost:3000/_next/static/chunks/0mm6_next_dist_0wb--n-._.js:1226
[ 3447648ms] [LOG] [Fast Refresh] rebuilding @ http://localhost:3000/_next/static/chunks/0mm6_next_dist_0wb--n-._.js:1226
[ 3447883ms] [ERROR] ./src/components/admin/LandingBuilderList.tsx:579:3
Unexpected token. Did you mean `{'}'}` or `&rbrace;`?
  577 |       </div>
  578 |     )
> 579 |   }
      |   ^
  580 |
  581 |   if (editingGlobal === "LOGOS") {
  582 |     return (

Parsing ecmascript source code failed

Import traces:
  Client Component Browser:
    ./src/components/admin/LandingBuilderList.tsx [Client Component Browser]
    ./src/components/admin/VisualBuilderContainer.tsx [Client Component Browser]
    ./src/components/admin/VisualBuilderContainer.tsx [Server Component]
    ./src/app/admin/landing-builder/page.tsx [Server Component]

  Client Component SSR:
    ./src/components/admin/LandingBuilderList.tsx [Client Component SSR]
    ./src/components/admin/VisualBuilderContainer.tsx [Client Component SSR]
    ./src/components/admin/VisualBuilderContainer.tsx [Server Component]
    ./src/app/admin/landing-builder/page.tsx [Server Component] @ http://localhost:3000/_next/static/chunks/0mm6_next_dist_0wb--n-._.js:1945
[ 3471406ms] [LOG] [Fast Refresh] rebuilding @ http://localhost:3000/_next/static/chunks/0mm6_next_dist_0wb--n-._.js:1226
[ 3471525ms] [ERROR] ./src/components/admin/LandingBuilderList.tsx:579:3
Unexpected token. Did you mean `{'}'}` or `&rbrace;`?
  577 |       </div>
  578 |     )
> 579 |   }
      |   ^
  580 |
  581 |   if (editingGlobal === "LOGOS") {
  582 |     return (

Parsing ecmascript source code failed

Import traces:
  Client Component Browser:
    ./src/components/admin/LandingBuilderList.tsx [Client Component Browser]
    ./src/components/admin/VisualBuilderContainer.tsx [Client Component Browser]
    ./src/components/admin/VisualBuilderContainer.tsx [Server Component]
    ./src/app/admin/landing-builder/page.tsx [Server Component]

  Client Component SSR:
    ./src/components/admin/LandingBuilderList.tsx [Client Component SSR]
    ./src/components/admin/VisualBuilderContainer.tsx [Client Component SSR]
    ./src/components/admin/VisualBuilderContainer.tsx [Server Component]
    ./src/app/admin/landing-builder/page.tsx [Server Component] @ http://localhost:3000/_next/static/chunks/0mm6_next_dist_0wb--n-._.js:1945
[ 3617292ms] [LOG] [Fast Refresh] rebuilding @ http://localhost:3000/_next/static/chunks/0mm6_next_dist_0wb--n-._.js:1226
[ 3617544ms] [LOG] [Fast Refresh] done in 338ms @ http://localhost:3000/_next/static/chunks/0mm6_next_dist_0wb--n-._.js:1226
[ 3618364ms] [LOG] [Fast Refresh] rebuilding @ http://localhost:3000/_next/static/chunks/0mm6_next_dist_0wb--n-._.js:1226
[ 3618762ms] [LOG] [Fast Refresh] done in 499ms @ http://localhost:3000/_next/static/chunks/0mm6_next_dist_0wb--n-._.js:1226
[ 3619726ms] [LOG] [Fast Refresh] rebuilding @ http://localhost:3000/_next/static/chunks/0mm6_next_dist_0wb--n-._.js:1226
[ 3620291ms] [LOG] [Fast Refresh] done in 665ms @ http://localhost:3000/_next/static/chunks/0mm6_next_dist_0wb--n-._.js:1226
[ 3620489ms] [LOG] [Fast Refresh] rebuilding @ http://localhost:3000/_next/static/chunks/0mm6_next_dist_0wb--n-._.js:1226
[ 3620567ms] [LOG] [Fast Refresh] done in 179ms @ http://localhost:3000/_next/static/chunks/0mm6_next_dist_0wb--n-._.js:1226
[ 3621026ms] [INFO] %cDownload the React DevTools for a better development experience: https://react.dev/link/react-devtools font-weight:bold @ http://localhost:3000/_next/static/chunks/0mm6_next_dist_0.5x6h2._.js:2477
[ 3621119ms] [LOG] [HMR] connected @ http://localhost:3000/_next/static/chunks/0mm6_next_dist_0.5x6h2._.js:2477
[ 3621440ms] [LOG] [Fast Refresh] rebuilding @ http://localhost:3000/_next/static/chunks/0mm6_next_dist_0.5x6h2._.js:2477
[ 3621664ms] [LOG] [Fast Refresh] done in 326ms @ http://localhost:3000/_next/static/chunks/0mm6_next_dist_0.5x6h2._.js:2477
[ 3621953ms] [LOG] [Fast Refresh] rebuilding @ http://localhost:3000/_next/static/chunks/0mm6_next_dist_0.5x6h2._.js:2477
[ 3622015ms] [LOG] [Fast Refresh] done in 162ms @ http://localhost:3000/_next/static/chunks/0mm6_next_dist_0.5x6h2._.js:2477
[ 3749256ms] [LOG] [Fast Refresh] rebuilding @ http://localhost:3000/_next/static/chunks/0mm6_next_dist_0.5x6h2._.js:2477
[ 3749670ms] [LOG] [Fast Refresh] done in 519ms @ http://localhost:3000/_next/static/chunks/0mm6_next_dist_0.5x6h2._.js:2477
[ 3757918ms] [LOG] [Fast Refresh] rebuilding @ http://localhost:3000/_next/static/chunks/0mm6_next_dist_0.5x6h2._.js:2477
[ 3758678ms] [LOG] [Fast Refresh] done in 843ms @ http://localhost:3000/_next/static/chunks/0mm6_next_dist_0.5x6h2._.js:2477
[ 3822361ms] [LOG] [Fast Refresh] rebuilding @ http://localhost:3000/_next/static/chunks/0mm6_next_dist_0.5x6h2._.js:2477
[ 3822750ms] [LOG] [Fast Refresh] done in 455ms @ http://localhost:3000/_next/static/chunks/0mm6_next_dist_0.5x6h2._.js:2477
[ 3954411ms] [LOG] [Fast Refresh] rebuilding @ http://localhost:3000/_next/static/chunks/0mm6_next_dist_0.5x6h2._.js:2477
[ 3954828ms] [LOG] [Fast Refresh] done in 481ms @ http://localhost:3000/_next/static/chunks/0mm6_next_dist_0.5x6h2._.js:2477
[ 4072379ms] [LOG] [Fast Refresh] rebuilding @ http://localhost:3000/_next/static/chunks/0mm6_next_dist_0.5x6h2._.js:2477
[ 4073017ms] [LOG] [Fast Refresh] done in 725ms @ http://localhost:3000/_next/static/chunks/0mm6_next_dist_0.5x6h2._.js:2477
[ 4350276ms] [LOG] [Fast Refresh] rebuilding @ http://localhost:3000/_next/static/chunks/0mm6_next_dist_0.5x6h2._.js:2477
[ 4352685ms] ReferenceError: useEffect is not defined
    at Header (http://localhost:3000/_next/static/chunks/src_05b79pr._.js?id=%255Bproject%255D%252Fsrc%252Fcomponents%252FHeader.tsx+%255Bapp-client%255D+%2528ecmascript%2529:236:5)
    at Object.react_stack_bottom_frame (http://localhost:3000/_next/static/chunks/0mm6_next_dist_compiled_react-dom_025lg2r._.js:15037:24)
    at renderWithHooks (http://localhost:3000/_next/static/chunks/0mm6_next_dist_compiled_react-dom_025lg2r._.js:4620:24)
    at updateFunctionComponent (http://localhost:3000/_next/static/chunks/0mm6_next_dist_compiled_react-dom_025lg2r._.js:6081:21)
    at beginWork (http://localhost:3000/_next/static/chunks/0mm6_next_dist_compiled_react-dom_025lg2r._.js:6691:24)
    at runWithFiberInDEV (http://localhost:3000/_next/static/chunks/0mm6_next_dist_compiled_react-dom_025lg2r._.js:965:74)
    at performUnitOfWork (http://localhost:3000/_next/static/chunks/0mm6_next_dist_compiled_react-dom_025lg2r._.js:9555:97)
    at workLoopSync (http://localhost:3000/_next/static/chunks/0mm6_next_dist_compiled_react-dom_025lg2r._.js:9449:40)
    at renderRootSync (http://localhost:3000/_next/static/chunks/0mm6_next_dist_compiled_react-dom_025lg2r._.js:9433:13)
    at performWorkOnRoot (http://localhost:3000/_next/static/chunks/0mm6_next_dist_compiled_react-dom_025lg2r._.js:9098:47)
    at performSyncWorkOnRoot (http://localhost:3000/_next/static/chunks/0mm6_next_dist_compiled_react-dom_025lg2r._.js:10263:9)
    at flushSyncWorkAcrossRoots_impl (http://localhost:3000/_next/static/chunks/0mm6_next_dist_compiled_react-dom_025lg2r._.js:10179:316)
    at flushSyncWork$1 (http://localhost:3000/_next/static/chunks/0mm6_next_dist_compiled_react-dom_025lg2r._.js:9230:86)
    at Object.scheduleRefresh (http://localhost:3000/_next/static/chunks/0mm6_next_dist_compiled_react-dom_025lg2r._.js:299:13)
    at http://localhost:3000/_next/static/chunks/0mm6_next_dist_compiled_0csob~4._.js:391:33
    at Set.forEach (<anonymous>)
    at Object.performReactRefresh (http://localhost:3000/_next/static/chunks/0mm6_next_dist_compiled_0csob~4._.js:384:38)
    at applyUpdate (http://localhost:3000/_next/static/chunks/0mm6_next_dist_compiled_0csob~4._.js:878:31)
    at http://localhost:3000/_next/static/chunks/0mm6_next_dist_compiled_0csob~4._.js:886:13
[ 4352426ms] [LOG] [Fast Refresh] done in 2101ms @ http://localhost:3000/_next/static/chunks/0mm6_next_dist_0.5x6h2._.js:2477
[ 4352806ms] [LOG] [Fast Refresh] rebuilding @ http://localhost:3000/_next/static/chunks/0mm6_next_dist_0.5x6h2._.js:2477
[ 4354573ms] [LOG] [Fast Refresh] done in 1868ms @ http://localhost:3000/_next/static/chunks/0mm6_next_dist_0.5x6h2._.js:2477
[ 4374446ms] [LOG] [Fast Refresh] rebuilding @ http://localhost:3000/_next/static/chunks/0mm6_next_dist_0.5x6h2._.js:2477
[ 4375229ms] [WARNING] [Fast Refresh] performing full reload because your application had an unrecoverable error @ http://localhost:3000/_next/static/chunks/0mm6_next_dist_0.5x6h2._.js:2477
[ 4375351ms] [LOG] [Fast Refresh] done in 878ms @ http://localhost:3000/_next/static/chunks/0mm6_next_dist_0.5x6h2._.js:2477
[ 4375665ms] [LOG] [Fast Refresh] rebuilding @ http://localhost:3000/_next/static/chunks/0mm6_next_dist_0.5x6h2._.js:2477
[ 4375806ms] [LOG] [Fast Refresh] done in 242ms @ http://localhost:3000/_next/static/chunks/0mm6_next_dist_0.5x6h2._.js:2477
[ 4376654ms] [LOG] [Fast Refresh] rebuilding @ http://localhost:3000/_next/static/chunks/0mm6_next_dist_0.5x6h2._.js:2477
[ 4377548ms] [LOG] [Fast Refresh] done in 995ms @ http://localhost:3000/_next/static/chunks/0mm6_next_dist_0.5x6h2._.js:2477
[ 4377989ms] [INFO] %cDownload the React DevTools for a better development experience: https://react.dev/link/react-devtools font-weight:bold @ http://localhost:3000/_next/static/chunks/0mm6_next_dist_0.5x6h2._.js:2477
[ 4378069ms] [LOG] [HMR] connected @ http://localhost:3000/_next/static/chunks/0mm6_next_dist_0.5x6h2._.js:2477
[ 4389147ms] [LOG] [Fast Refresh] rebuilding @ http://localhost:3000/_next/static/chunks/0mm6_next_dist_0.5x6h2._.js:2477
[ 4389402ms] [LOG] [Fast Refresh] done in 352ms @ http://localhost:3000/_next/static/chunks/0mm6_next_dist_0.5x6h2._.js:2477
[ 4514803ms] [LOG] [Fast Refresh] rebuilding @ http://localhost:3000/_next/static/chunks/0mm6_next_dist_0.5x6h2._.js:2477
[ 4515413ms] [LOG] [Fast Refresh] done in 710ms @ http://localhost:3000/_next/static/chunks/0mm6_next_dist_0.5x6h2._.js:2477
[ 4560756ms] [LOG] [Fast Refresh] rebuilding @ http://localhost:3000/_next/static/chunks/0mm6_next_dist_0.5x6h2._.js:2477
[ 4560760ms] [LOG] [Fast Refresh] done in 107ms @ http://localhost:3000/_next/static/chunks/0mm6_next_dist_0.5x6h2._.js:2477
[ 4567947ms] [LOG] [Fast Refresh] rebuilding @ http://localhost:3000/_next/static/chunks/0mm6_next_dist_0.5x6h2._.js:2477
[ 4568149ms] [LOG] [Fast Refresh] done in 303ms @ http://localhost:3000/_next/static/chunks/0mm6_next_dist_0.5x6h2._.js:2477
[ 4834807ms] [LOG] [Fast Refresh] rebuilding @ http://localhost:3000/_next/static/chunks/0mm6_next_dist_0.5x6h2._.js:2477
[ 4835502ms] [LOG] [Fast Refresh] done in 796ms @ http://localhost:3000/_next/static/chunks/0mm6_next_dist_0.5x6h2._.js:2477
[ 4847060ms] [LOG] [Fast Refresh] rebuilding @ http://localhost:3000/_next/static/chunks/0mm6_next_dist_0.5x6h2._.js:2477
[ 4847179ms] [LOG] [Fast Refresh] done in 220ms @ http://localhost:3000/_next/static/chunks/0mm6_next_dist_0.5x6h2._.js:2477
[ 4903097ms] [LOG] [Fast Refresh] rebuilding @ http://localhost:3000/_next/static/chunks/0mm6_next_dist_0.5x6h2._.js:2477
[ 4903524ms] [LOG] [Fast Refresh] done in 521ms @ http://localhost:3000/_next/static/chunks/0mm6_next_dist_0.5x6h2._.js:2477
[ 5037347ms] [LOG] [Fast Refresh] rebuilding @ http://localhost:3000/_next/static/chunks/0mm6_next_dist_0.5x6h2._.js:2477
[ 5037563ms] [LOG] [Fast Refresh] done in 318ms @ http://localhost:3000/_next/static/chunks/0mm6_next_dist_0.5x6h2._.js:2477
[ 5148650ms] [LOG] [Fast Refresh] rebuilding @ http://localhost:3000/_next/static/chunks/0mm6_next_dist_0.5x6h2._.js:2477
[ 5148663ms] [LOG] [Fast Refresh] done in 115ms @ http://localhost:3000/_next/static/chunks/0mm6_next_dist_0.5x6h2._.js:2477
[ 5280066ms] [LOG] [Fast Refresh] rebuilding @ http://localhost:3000/_next/static/chunks/0mm6_next_dist_0.5x6h2._.js:2477
[ 5282448ms] [ERROR] ./src/app/providers.tsx:3:1
Module not found: Can't resolve 'next-themes'
  1 | "use client"
  2 |
> 3 | import { ThemeProvider } from "next-themes"
    | ^^^^^^^^^^^^^^^^^^^^^^^^^^^^^^^^^^^^^^^^^^^
  4 | import { useEffect, useState } from "react"
  5 |
  6 | export default function Providers({ children }: { children: React.ReactNode }) {

Import trace:
  Server Component:
    ./src/app/providers.tsx
    ./src/app/layout.tsx

https://nextjs.org/docs/messages/module-not-found @ http://localhost:3000/_next/static/chunks/0mm6_next_dist_0.5x6h2._.js:3318
[ 5292157ms] [LOG] [Fast Refresh] rebuilding @ http://localhost:3000/_next/static/chunks/0mm6_next_dist_0.5x6h2._.js:2477
[ 5292570ms] [ERROR] ./src/app/providers.tsx:3:1
Module not found: Can't resolve 'next-themes'
  1 | "use client"
  2 |
> 3 | import { ThemeProvider } from "next-themes"
    | ^^^^^^^^^^^^^^^^^^^^^^^^^^^^^^^^^^^^^^^^^^^
  4 | import { useEffect, useState } from "react"
  5 |
  6 | export default function Providers({ children }: { children: React.ReactNode }) {

Import trace:
  Server Component:
    ./src/app/providers.tsx
    ./src/app/layout.tsx

https://nextjs.org/docs/messages/module-not-found @ http://localhost:3000/_next/static/chunks/0mm6_next_dist_0.5x6h2._.js:3318
[ 5302338ms] [ERROR] ./src/app/providers.tsx:3:1
Module not found: Can't resolve 'next-themes'
  1 | "use client"
  2 |
> 3 | import { ThemeProvider } from "next-themes"
    | ^^^^^^^^^^^^^^^^^^^^^^^^^^^^^^^^^^^^^^^^^^^
  4 | import { useEffect, useState } from "react"
  5 |
  6 | export default function Providers({ children }: { children: React.ReactNode }) {

Import trace:
  Server Component:
    ./src/app/providers.tsx
    ./src/app/layout.tsx

https://nextjs.org/docs/messages/module-not-found @ http://localhost:3000/_next/static/chunks/0mm6_next_dist_0.5x6h2._.js:3318
[ 5302372ms] [LOG] [Fast Refresh] rebuilding @ http://localhost:3000/_next/static/chunks/0mm6_next_dist_0.5x6h2._.js:2477
[ 5304655ms] [LOG] [Fast Refresh] rebuilding @ http://localhost:3000/_next/static/chunks/0mm6_next_dist_0.5x6h2._.js:2477
[ 5307176ms] [ERROR] Encountered a script tag while rendering React component. Scripts inside React components are never executed when rendering on the client. Consider using template tag instead (https://developer.mozilla.org/en-US/docs/Web/HTML/Element/template). @ http://localhost:3000/_next/static/chunks/0mm6_next_dist_0.5x6h2._.js:3318
[ 5307377ms] [LOG] [Fast Refresh] done in 2510ms @ http://localhost:3000/_next/static/chunks/0mm6_next_dist_0.5x6h2._.js:2477
[ 5307894ms] [LOG] [Fast Refresh] rebuilding @ http://localhost:3000/_next/static/chunks/0mm6_next_dist_0.5x6h2._.js:2477
[ 5307956ms] [LOG] [Fast Refresh] done in 163ms @ http://localhost:3000/_next/static/chunks/0mm6_next_dist_0.5x6h2._.js:2477
[ 5308589ms] [LOG] [Fast Refresh] rebuilding @ http://localhost:3000/_next/static/chunks/0mm6_next_dist_0.5x6h2._.js:2477
[ 5309176ms] [LOG] [Fast Refresh] done in 687ms @ http://localhost:3000/_next/static/chunks/0mm6_next_dist_0.5x6h2._.js:2477
[ 5309613ms] [LOG] [Fast Refresh] rebuilding @ http://localhost:3000/_next/static/chunks/0mm6_next_dist_0.5x6h2._.js:2477
[ 5310867ms] [LOG] [Fast Refresh] done in 1355ms @ http://localhost:3000/_next/static/chunks/0mm6_next_dist_0.5x6h2._.js:2477
[ 5311152ms] [LOG] [Fast Refresh] rebuilding @ http://localhost:3000/_next/static/chunks/0mm6_next_dist_0.5x6h2._.js:2477
[ 5311905ms] [LOG] [Fast Refresh] done in 854ms @ http://localhost:3000/_next/static/chunks/0mm6_next_dist_0.5x6h2._.js:2477
[ 5312982ms] [INFO] %cDownload the React DevTools for a better development experience: https://react.dev/link/react-devtools font-weight:bold @ http://localhost:3000/_next/static/chunks/0mm6_next_dist_0.5x6h2._.js:2477
[ 5313054ms] [LOG] [HMR] connected @ http://localhost:3000/_next/static/chunks/0mm6_next_dist_0.5x6h2._.js:2477
[ 5313149ms] [ERROR] Encountered a script tag while rendering React component. Scripts inside React components are never executed when rendering on the client. Consider using template tag instead (https://developer.mozilla.org/en-US/docs/Web/HTML/Element/template). @ http://localhost:3000/_next/static/chunks/0mm6_next_dist_0.5x6h2._.js:3318
[ 5313210ms] [LOG] [Fast Refresh] rebuilding @ http://localhost:3000/_next/static/chunks/0mm6_next_dist_0.5x6h2._.js:2477
[ 5313690ms] [LOG] [Fast Refresh] done in 581ms @ http://localhost:3000/_next/static/chunks/0mm6_next_dist_0.5x6h2._.js:2477
[ 5313936ms] [LOG] [Fast Refresh] rebuilding @ http://localhost:3000/_next/static/chunks/0mm6_next_dist_0.5x6h2._.js:2477
[ 5313997ms] [LOG] [Fast Refresh] done in 161ms @ http://localhost:3000/_next/static/chunks/0mm6_next_dist_0.5x6h2._.js:2477
[ 5320182ms] [LOG] [Fast Refresh] rebuilding @ http://localhost:3000/_next/static/chunks/0mm6_next_dist_0.5x6h2._.js:2477
[ 5320990ms] [LOG] [Fast Refresh] done in 877ms @ http://localhost:3000/_next/static/chunks/0mm6_next_dist_0.5x6h2._.js:2477
[ 5370937ms] [LOG] [Fast Refresh] rebuilding @ http://localhost:3000/_next/static/chunks/0mm6_next_dist_0.5x6h2._.js:2477
[ 5374442ms] [ERROR] ./src/components/Header.tsx:9:10
the name `useCart` is defined multiple times
   7 | import { useCart } from "@/store";
   8 | import { useTheme } from "next-themes";
>  9 | import { useCart } from "@/store";
     |          ^^^^^^^
  10 | import CartDrawer from "@/components/cart/CartDrawer";
  11 | import TopBannerTicker from "@/components/TopBannerTicker";
  12 | import { NavigationItem, TopBanner, StoreLogo } from "@prisma/client";

Ecmascript file had an error

Import trace:
  Server Component:
    ./src/components/Header.tsx
    ./src/app/layout.tsx @ http://localhost:3000/_next/static/chunks/0mm6_next_dist_0.5x6h2._.js:3318
[ 5375114ms] [ERROR] ./src/components/Header.tsx:9:10
the name `useCart` is defined multiple times
   7 | import { useCart } from "@/store";
   8 | import { useTheme } from "next-themes";
>  9 | import { useCart } from "@/store";
     |          ^^^^^^^
  10 | import CartDrawer from "@/components/cart/CartDrawer";
  11 | import TopBannerTicker from "@/components/TopBannerTicker";
  12 | import { NavigationItem, TopBanner, StoreLogo } from "@prisma/client";

Ecmascript file had an error

Import trace:
  Server Component:
    ./src/components/Header.tsx
    ./src/app/layout.tsx @ http://localhost:3000/_next/static/chunks/0mm6_next_dist_0.5x6h2._.js:3318
[ 5375182ms] [ERROR] Failed to load resource: the server responded with a status of 500 (Internal Server Error) @ http://localhost:3000/admin/login?callbackUrl=%2Fadmin%2Flanding-builder&_rsc=0XkSDml4_9CIWReN:0
[ 5375216ms] [LOG] [Fast Refresh] rebuilding @ http://localhost:3000/_next/static/chunks/0mm6_next_dist_0.5x6h2._.js:2477
[ 5375262ms] [ERROR] ./src/components/Header.tsx:9:10
the name `useCart` is defined multiple times
   7 | import { useCart } from "@/store";
   8 | import { useTheme } from "next-themes";
>  9 | import { useCart } from "@/store";
     |          ^^^^^^^
  10 | import CartDrawer from "@/components/cart/CartDrawer";
  11 | import TopBannerTicker from "@/components/TopBannerTicker";
  12 | import { NavigationItem, TopBanner, StoreLogo } from "@prisma/client";

Ecmascript file had an error

Import trace:
  Server Component:
    ./src/components/Header.tsx
    ./src/app/layout.tsx @ http://localhost:3000/_next/static/chunks/0mm6_next_dist_0.5x6h2._.js:3318
[ 5375325ms] [ERROR] Failed to load resource: the server responded with a status of 500 (Internal Server Error) @ http://localhost:3000/admin/login?callbackUrl=%2Fadmin%2Flanding-builder&_rsc=0XkSDml4_9CIWReN:0
[ 5375402ms] [ERROR] Failed to load resource: the server responded with a status of 500 (Internal Server Error) @ http://localhost:3000/admin/login?callbackUrl=%2Fadmin%2Flanding-builder:0
[ 5375625ms] [INFO] %cDownload the React DevTools for a better development experience: https://react.dev/link/react-devtools font-weight:bold @ http://localhost:3000/_next/static/chunks/0p2h_react-dom_0vsf22y._.js:15305
[ 5375695ms] Error: ./src/components/Header.tsx:9:10
the name `useCart` is defined multiple times
   7 | import { useCart } from "@/store";
   8 | import { useTheme } from "next-themes";
>  9 | import { useCart } from "@/store";
     |          ^^^^^^^
  10 | import CartDrawer from "@/components/cart/CartDrawer";
  11 | import TopBannerTicker from "@/components/TopBannerTicker";
  12 | import { NavigationItem, TopBanner, StoreLogo } from "@prisma/client";

Ecmascript file had an error

Import trace:
  Server Component:
    ./src/components/Header.tsx
    ./src/app/layout.tsx


    at <unknown> (Error: ./src/components/Header.tsx:9:10)
    at Object.getCompilationErrors (file:///Users/andres/Documents/Asygnuz/one-star/node_modules/.pnpm/next@16.2.6_@babel+core@7.29.7_@opentelemetry+api@1.9.1_@playwright+test@1.61.1_react-d_2287c2fed37900450333ac24d06100d9/node_modules/next/dist/server/dev/hot-reloader-turbopack.js:1186:59)
    at DevBundlerService.getCompilationError (file:///Users/andres/Documents/Asygnuz/one-star/node_modules/.pnpm/next@16.2.6_@babel+core@7.29.7_@opentelemetry+api@1.9.1_@playwright+test@1.61.1_react-d_2287c2fed37900450333ac24d06100d9/node_modules/next/dist/server/lib/dev-bundler-service.js:44:55)
    at DevServer.getCompilationError (file:///Users/andres/Documents/Asygnuz/one-star/node_modules/.pnpm/next@16.2.6_@babel+core@7.29.7_@opentelemetry+api@1.9.1_@playwright+test@1.61.1_react-d_2287c2fed37900450333ac24d06100d9/node_modules/next/dist/server/dev/next-dev-server.js:720:42)
    at DevServer.findPageComponents (file:///Users/andres/Documents/Asygnuz/one-star/node_modules/.pnpm/next@16.2.6_@babel+core@7.29.7_@opentelemetry+api@1.9.1_@playwright+test@1.61.1_react-d_2287c2fed37900450333ac24d06100d9/node_modules/next/dist/server/dev/next-dev-server.js:690:43)
    at async DevServer.renderErrorToResponseImpl (file:///Users/andres/Documents/Asygnuz/one-star/node_modules/.pnpm/next@16.2.6_@babel+core@7.29.7_@opentelemetry+api@1.9.1_@playwright+test@1.61.1_react-d_2287c2fed37900450333ac24d06100d9/node_modules/next/dist/server/base-server.js:1753:26)
[ 5375747ms] [LOG] [HMR] connected @ http://localhost:3000/_next/static/chunks/0mm6_next_dist_0wb--n-._.js:1226
[ 5375800ms] [ERROR] ./src/components/Header.tsx:9:10
the name `useCart` is defined multiple times
   7 | import { useCart } from "@/store";
   8 | import { useTheme } from "next-themes";
>  9 | import { useCart } from "@/store";
     |          ^^^^^^^
  10 | import CartDrawer from "@/components/cart/CartDrawer";
  11 | import TopBannerTicker from "@/components/TopBannerTicker";
  12 | import { NavigationItem, TopBanner, StoreLogo } from "@prisma/client";

Ecmascript file had an error

Import trace:
  Server Component:
    ./src/components/Header.tsx
    ./src/app/layout.tsx @ http://localhost:3000/_next/static/chunks/0mm6_next_dist_0wb--n-._.js:1945
[ 5375800ms] [ERROR] ./src/components/Header.tsx:9:10
the name `useCart` is defined multiple times
   7 | import { useCart } from "@/store";
   8 | import { useTheme } from "next-themes";
>  9 | import { useCart } from "@/store";
     |          ^^^^^^^
  10 | import CartDrawer from "@/components/cart/CartDrawer";
  11 | import TopBannerTicker from "@/components/TopBannerTicker";
  12 | import { NavigationItem, TopBanner, StoreLogo } from "@prisma/client";

Ecmascript file had an error

Import trace:
  Server Component:
    ./src/components/Header.tsx
    ./src/app/layout.tsx @ http://localhost:3000/_next/static/chunks/0mm6_next_dist_0wb--n-._.js:1945
[ 5375800ms] [ERROR] ./src/components/Header.tsx:9:10
the name `useCart` is defined multiple times
   7 | import { useCart } from "@/store";
   8 | import { useTheme } from "next-themes";
>  9 | import { useCart } from "@/store";
     |          ^^^^^^^
  10 | import CartDrawer from "@/components/cart/CartDrawer";
  11 | import TopBannerTicker from "@/components/TopBannerTicker";
  12 | import { NavigationItem, TopBanner, StoreLogo } from "@prisma/client";

Ecmascript file had an error

Import trace:
  Server Component:
    ./src/components/Header.tsx
    ./src/app/layout.tsx @ http://localhost:3000/_next/static/chunks/0mm6_next_dist_0wb--n-._.js:1945
[ 5375800ms] [ERROR] ./src/components/Header.tsx:9:10
the name `useCart` is defined multiple times
   7 | import { useCart } from "@/store";
   8 | import { useTheme } from "next-themes";
>  9 | import { useCart } from "@/store";
     |          ^^^^^^^
  10 | import CartDrawer from "@/components/cart/CartDrawer";
  11 | import TopBannerTicker from "@/components/TopBannerTicker";
  12 | import { NavigationItem, TopBanner, StoreLogo } from "@prisma/client";

Ecmascript file had an error

Import trace:
  Server Component:
    ./src/components/Header.tsx
    ./src/app/layout.tsx @ http://localhost:3000/_next/static/chunks/0mm6_next_dist_0wb--n-._.js:1945
[ 5375801ms] [ERROR] ./src/components/Header.tsx:9:10
the name `useCart` is defined multiple times
   7 | import { useCart } from "@/store";
   8 | import { useTheme } from "next-themes";
>  9 | import { useCart } from "@/store";
     |          ^^^^^^^
  10 | import CartDrawer from "@/components/cart/CartDrawer";
  11 | import TopBannerTicker from "@/components/TopBannerTicker";
  12 | import { NavigationItem, TopBanner, StoreLogo } from "@prisma/client";

Ecmascript file had an error

Import trace:
  Server Component:
    ./src/components/Header.tsx
    ./src/app/layout.tsx @ http://localhost:3000/_next/static/chunks/0mm6_next_dist_0wb--n-._.js:1945
[ 5375801ms] [ERROR] ./src/components/Header.tsx:9:10
the name `useCart` is defined multiple times
   7 | import { useCart } from "@/store";
   8 | import { useTheme } from "next-themes";
>  9 | import { useCart } from "@/store";
     |          ^^^^^^^
  10 | import CartDrawer from "@/components/cart/CartDrawer";
  11 | import TopBannerTicker from "@/components/TopBannerTicker";
  12 | import { NavigationItem, TopBanner, StoreLogo } from "@prisma/client";

Ecmascript file had an error

Import trace:
  Server Component:
    ./src/components/Header.tsx
    ./src/app/layout.tsx @ http://localhost:3000/_next/static/chunks/0mm6_next_dist_0wb--n-._.js:1945
[ 5375801ms] [ERROR] ./src/components/Header.tsx:9:10
the name `useCart` is defined multiple times
   7 | import { useCart } from "@/store";
   8 | import { useTheme } from "next-themes";
>  9 | import { useCart } from "@/store";
     |          ^^^^^^^
  10 | import CartDrawer from "@/components/cart/CartDrawer";
  11 | import TopBannerTicker from "@/components/TopBannerTicker";
  12 | import { NavigationItem, TopBanner, StoreLogo } from "@prisma/client";

Ecmascript file had an error

Import trace:
  Server Component:
    ./src/components/Header.tsx
    ./src/app/layout.tsx @ http://localhost:3000/_next/static/chunks/0mm6_next_dist_0wb--n-._.js:1945
[ 5375801ms] [ERROR] ./src/components/Header.tsx:9:10
the name `useCart` is defined multiple times
   7 | import { useCart } from "@/store";
   8 | import { useTheme } from "next-themes";
>  9 | import { useCart } from "@/store";
     |          ^^^^^^^
  10 | import CartDrawer from "@/components/cart/CartDrawer";
  11 | import TopBannerTicker from "@/components/TopBannerTicker";
  12 | import { NavigationItem, TopBanner, StoreLogo } from "@prisma/client";

Ecmascript file had an error

Import trace:
  Server Component:
    ./src/components/Header.tsx
    ./src/app/layout.tsx @ http://localhost:3000/_next/static/chunks/0mm6_next_dist_0wb--n-._.js:1945
[ 5375801ms] [ERROR] ./src/components/Header.tsx:9:10
the name `useCart` is defined multiple times
   7 | import { useCart } from "@/store";
   8 | import { useTheme } from "next-themes";
>  9 | import { useCart } from "@/store";
     |          ^^^^^^^
  10 | import CartDrawer from "@/components/cart/CartDrawer";
  11 | import TopBannerTicker from "@/components/TopBannerTicker";
  12 | import { NavigationItem, TopBanner, StoreLogo } from "@prisma/client";

Ecmascript file had an error

Import trace:
  Server Component:
    ./src/components/Header.tsx
    ./src/app/layout.tsx @ http://localhost:3000/_next/static/chunks/0mm6_next_dist_0wb--n-._.js:1945
[ 5375801ms] [ERROR] ./src/components/Header.tsx:9:10
the name `useCart` is defined multiple times
   7 | import { useCart } from "@/store";
   8 | import { useTheme } from "next-themes";
>  9 | import { useCart } from "@/store";
     |          ^^^^^^^
  10 | import CartDrawer from "@/components/cart/CartDrawer";
  11 | import TopBannerTicker from "@/components/TopBannerTicker";
  12 | import { NavigationItem, TopBanner, StoreLogo } from "@prisma/client";

Ecmascript file had an error

Import trace:
  Server Component:
    ./src/components/Header.tsx
    ./src/app/layout.tsx @ http://localhost:3000/_next/static/chunks/0mm6_next_dist_0wb--n-._.js:1945
[ 5375801ms] [ERROR] ./src/components/Header.tsx:9:10
the name `useCart` is defined multiple times
   7 | import { useCart } from "@/store";
   8 | import { useTheme } from "next-themes";
>  9 | import { useCart } from "@/store";
     |          ^^^^^^^
  10 | import CartDrawer from "@/components/cart/CartDrawer";
  11 | import TopBannerTicker from "@/components/TopBannerTicker";
  12 | import { NavigationItem, TopBanner, StoreLogo } from "@prisma/client";

Ecmascript file had an error

Import trace:
  Server Component:
    ./src/components/Header.tsx
    ./src/app/layout.tsx @ http://localhost:3000/_next/static/chunks/0mm6_next_dist_0wb--n-._.js:1945
[ 5375801ms] [ERROR] ./src/components/Header.tsx:9:10
the name `useCart` is defined multiple times
   7 | import { useCart } from "@/store";
   8 | import { useTheme } from "next-themes";
>  9 | import { useCart } from "@/store";
     |          ^^^^^^^
  10 | import CartDrawer from "@/components/cart/CartDrawer";
  11 | import TopBannerTicker from "@/components/TopBannerTicker";
  12 | import { NavigationItem, TopBanner, StoreLogo } from "@prisma/client";

Ecmascript file had an error

Import trace:
  Server Component:
    ./src/components/Header.tsx
    ./src/app/layout.tsx @ http://localhost:3000/_next/static/chunks/0mm6_next_dist_0wb--n-._.js:1945
[ 5375801ms] [ERROR] ./src/components/Header.tsx:9:10
the name `useCart` is defined multiple times
   7 | import { useCart } from "@/store";
   8 | import { useTheme } from "next-themes";
>  9 | import { useCart } from "@/store";
     |          ^^^^^^^
  10 | import CartDrawer from "@/components/cart/CartDrawer";
  11 | import TopBannerTicker from "@/components/TopBannerTicker";
  12 | import { NavigationItem, TopBanner, StoreLogo } from "@prisma/client";

Ecmascript file had an error

Import trace:
  Server Component:
    ./src/components/Header.tsx
    ./src/app/layout.tsx @ http://localhost:3000/_next/static/chunks/0mm6_next_dist_0wb--n-._.js:1945
[ 5375801ms] [ERROR] ./src/components/Header.tsx:9:10
the name `useCart` is defined multiple times
   7 | import { useCart } from "@/store";
   8 | import { useTheme } from "next-themes";
>  9 | import { useCart } from "@/store";
     |          ^^^^^^^
  10 | import CartDrawer from "@/components/cart/CartDrawer";
  11 | import TopBannerTicker from "@/components/TopBannerTicker";
  12 | import { NavigationItem, TopBanner, StoreLogo } from "@prisma/client";

Ecmascript file had an error

Import trace:
  Server Component:
    ./src/components/Header.tsx
    ./src/app/layout.tsx @ http://localhost:3000/_next/static/chunks/0mm6_next_dist_0wb--n-._.js:1945
[ 5375801ms] [ERROR] ./src/components/Header.tsx:9:10
the name `useCart` is defined multiple times
   7 | import { useCart } from "@/store";
   8 | import { useTheme } from "next-themes";
>  9 | import { useCart } from "@/store";
     |          ^^^^^^^
  10 | import CartDrawer from "@/components/cart/CartDrawer";
  11 | import TopBannerTicker from "@/components/TopBannerTicker";
  12 | import { NavigationItem, TopBanner, StoreLogo } from "@prisma/client";

Ecmascript file had an error

Import trace:
  Server Component:
    ./src/components/Header.tsx
    ./src/app/layout.tsx @ http://localhost:3000/_next/static/chunks/0mm6_next_dist_0wb--n-._.js:1945
[ 5375839ms] [ERROR] ./src/components/Header.tsx:9:10
the name `useCart` is defined multiple times
   7 | import { useCart } from "@/store";
   8 | import { useTheme } from "next-themes";
>  9 | import { useCart } from "@/store";
     |          ^^^^^^^
  10 | import CartDrawer from "@/components/cart/CartDrawer";
  11 | import TopBannerTicker from "@/components/TopBannerTicker";
  12 | import { NavigationItem, TopBanner, StoreLogo } from "@prisma/client";

Ecmascript file had an error

Import trace:
  Server Component:
    ./src/components/Header.tsx
    ./src/app/layout.tsx @ http://localhost:3000/_next/static/chunks/0mm6_next_dist_0wb--n-._.js:1945
[ 5375948ms] [ERROR] ./src/components/Header.tsx:9:10
the name `useCart` is defined multiple times
   7 | import { useCart } from "@/store";
   8 | import { useTheme } from "next-themes";
>  9 | import { useCart } from "@/store";
     |          ^^^^^^^
  10 | import CartDrawer from "@/components/cart/CartDrawer";
  11 | import TopBannerTicker from "@/components/TopBannerTicker";
  12 | import { NavigationItem, TopBanner, StoreLogo } from "@prisma/client";

Ecmascript file had an error

Import trace:
  Server Component:
    ./src/components/Header.tsx
    ./src/app/layout.tsx @ http://localhost:3000/_next/static/chunks/0mm6_next_dist_0wb--n-._.js:1945
[ 5376004ms] [LOG] [Fast Refresh] rebuilding @ http://localhost:3000/_next/static/chunks/0mm6_next_dist_0wb--n-._.js:1226
[ 5421356ms] [LOG] [Fast Refresh] rebuilding @ http://localhost:3000/_next/static/chunks/0mm6_next_dist_0wb--n-._.js:1226
[ 5422256ms] [ERROR] ./src/components/Header.tsx:9:10
the name `useCart` is defined multiple times
   7 | import { useCart } from "@/store";
   8 | import { useTheme } from "next-themes";
>  9 | import { useCart } from "@/store";
     |          ^^^^^^^
  10 | import CartDrawer from "@/components/cart/CartDrawer";
  11 | import TopBannerTicker from "@/components/TopBannerTicker";
  12 | import { NavigationItem, TopBanner, StoreLogo } from "@prisma/client";

Ecmascript file had an error

Import trace:
  Server Component:
    ./src/components/Header.tsx
    ./src/app/layout.tsx @ http://localhost:3000/_next/static/chunks/0mm6_next_dist_0wb--n-._.js:1945
[ 5422709ms] [ERROR] Failed to load resource: the server responded with a status of 500 (Internal Server Error) @ http://localhost:3000/admin/login?callbackUrl=%2Fadmin%2Flanding-builder:0
[ 5422816ms] [INFO] %cDownload the React DevTools for a better development experience: https://react.dev/link/react-devtools font-weight:bold @ http://localhost:3000/_next/static/chunks/0p2h_react-dom_0vsf22y._.js:15305
[ 5422858ms] Error: ./src/components/Header.tsx:9:10
the name `useCart` is defined multiple times
   7 | import { useCart } from "@/store";
   8 | import { useTheme } from "next-themes";
>  9 | import { useCart } from "@/store";
     |          ^^^^^^^
  10 | import CartDrawer from "@/components/cart/CartDrawer";
  11 | import TopBannerTicker from "@/components/TopBannerTicker";
  12 | import { NavigationItem, TopBanner, StoreLogo } from "@prisma/client";

Ecmascript file had an error

Import trace:
  Server Component:
    ./src/components/Header.tsx
    ./src/app/layout.tsx


    at <unknown> (Error: ./src/components/Header.tsx:9:10)
    at Object.getCompilationErrors (file:///Users/andres/Documents/Asygnuz/one-star/node_modules/.pnpm/next@16.2.6_@babel+core@7.29.7_@opentelemetry+api@1.9.1_@playwright+test@1.61.1_react-d_2287c2fed37900450333ac24d06100d9/node_modules/next/dist/server/dev/hot-reloader-turbopack.js:1186:59)
    at DevBundlerService.getCompilationError (file:///Users/andres/Documents/Asygnuz/one-star/node_modules/.pnpm/next@16.2.6_@babel+core@7.29.7_@opentelemetry+api@1.9.1_@playwright+test@1.61.1_react-d_2287c2fed37900450333ac24d06100d9/node_modules/next/dist/server/lib/dev-bundler-service.js:44:55)
    at DevServer.getCompilationError (file:///Users/andres/Documents/Asygnuz/one-star/node_modules/.pnpm/next@16.2.6_@babel+core@7.29.7_@opentelemetry+api@1.9.1_@playwright+test@1.61.1_react-d_2287c2fed37900450333ac24d06100d9/node_modules/next/dist/server/dev/next-dev-server.js:720:42)
    at DevServer.findPageComponents (file:///Users/andres/Documents/Asygnuz/one-star/node_modules/.pnpm/next@16.2.6_@babel+core@7.29.7_@opentelemetry+api@1.9.1_@playwright+test@1.61.1_react-d_2287c2fed37900450333ac24d06100d9/node_modules/next/dist/server/dev/next-dev-server.js:690:43)
    at async DevServer.renderErrorToResponseImpl (file:///Users/andres/Documents/Asygnuz/one-star/node_modules/.pnpm/next@16.2.6_@babel+core@7.29.7_@opentelemetry+api@1.9.1_@playwright+test@1.61.1_react-d_2287c2fed37900450333ac24d06100d9/node_modules/next/dist/server/base-server.js:1753:26)
[ 5423036ms] [LOG] [HMR] connected @ http://localhost:3000/_next/static/chunks/0mm6_next_dist_0wb--n-._.js:1226
[ 5423113ms] [ERROR] ./src/components/Header.tsx:9:10
the name `useCart` is defined multiple times
   7 | import { useCart } from "@/store";
   8 | import { useTheme } from "next-themes";
>  9 | import { useCart } from "@/store";
     |          ^^^^^^^
  10 | import CartDrawer from "@/components/cart/CartDrawer";
  11 | import TopBannerTicker from "@/components/TopBannerTicker";
  12 | import { NavigationItem, TopBanner, StoreLogo } from "@prisma/client";

Ecmascript file had an error

Import trace:
  Server Component:
    ./src/components/Header.tsx
    ./src/app/layout.tsx @ http://localhost:3000/_next/static/chunks/0mm6_next_dist_0wb--n-._.js:1945
[ 5423113ms] [ERROR] ./src/components/Header.tsx:9:10
the name `useCart` is defined multiple times
   7 | import { useCart } from "@/store";
   8 | import { useTheme } from "next-themes";
>  9 | import { useCart } from "@/store";
     |          ^^^^^^^
  10 | import CartDrawer from "@/components/cart/CartDrawer";
  11 | import TopBannerTicker from "@/components/TopBannerTicker";
  12 | import { NavigationItem, TopBanner, StoreLogo } from "@prisma/client";

Ecmascript file had an error

Import trace:
  Server Component:
    ./src/components/Header.tsx
    ./src/app/layout.tsx @ http://localhost:3000/_next/static/chunks/0mm6_next_dist_0wb--n-._.js:1945
[ 5423113ms] [ERROR] ./src/components/Header.tsx:9:10
the name `useCart` is defined multiple times
   7 | import { useCart } from "@/store";
   8 | import { useTheme } from "next-themes";
>  9 | import { useCart } from "@/store";
     |          ^^^^^^^
  10 | import CartDrawer from "@/components/cart/CartDrawer";
  11 | import TopBannerTicker from "@/components/TopBannerTicker";
  12 | import { NavigationItem, TopBanner, StoreLogo } from "@prisma/client";

Ecmascript file had an error

Import trace:
  Server Component:
    ./src/components/Header.tsx
    ./src/app/layout.tsx @ http://localhost:3000/_next/static/chunks/0mm6_next_dist_0wb--n-._.js:1945
[ 5423113ms] [ERROR] ./src/components/Header.tsx:9:10
the name `useCart` is defined multiple times
   7 | import { useCart } from "@/store";
   8 | import { useTheme } from "next-themes";
>  9 | import { useCart } from "@/store";
     |          ^^^^^^^
  10 | import CartDrawer from "@/components/cart/CartDrawer";
  11 | import TopBannerTicker from "@/components/TopBannerTicker";
  12 | import { NavigationItem, TopBanner, StoreLogo } from "@prisma/client";

Ecmascript file had an error

Import trace:
  Server Component:
    ./src/components/Header.tsx
    ./src/app/layout.tsx @ http://localhost:3000/_next/static/chunks/0mm6_next_dist_0wb--n-._.js:1945
[ 5423113ms] [ERROR] ./src/components/Header.tsx:9:10
the name `useCart` is defined multiple times
   7 | import { useCart } from "@/store";
   8 | import { useTheme } from "next-themes";
>  9 | import { useCart } from "@/store";
     |          ^^^^^^^
  10 | import CartDrawer from "@/components/cart/CartDrawer";
  11 | import TopBannerTicker from "@/components/TopBannerTicker";
  12 | import { NavigationItem, TopBanner, StoreLogo } from "@prisma/client";

Ecmascript file had an error

Import trace:
  Server Component:
    ./src/components/Header.tsx
    ./src/app/layout.tsx @ http://localhost:3000/_next/static/chunks/0mm6_next_dist_0wb--n-._.js:1945
[ 5423113ms] [ERROR] ./src/components/Header.tsx:9:10
the name `useCart` is defined multiple times
   7 | import { useCart } from "@/store";
   8 | import { useTheme } from "next-themes";
>  9 | import { useCart } from "@/store";
     |          ^^^^^^^
  10 | import CartDrawer from "@/components/cart/CartDrawer";
  11 | import TopBannerTicker from "@/components/TopBannerTicker";
  12 | import { NavigationItem, TopBanner, StoreLogo } from "@prisma/client";

Ecmascript file had an error

Import trace:
  Server Component:
    ./src/components/Header.tsx
    ./src/app/layout.tsx @ http://localhost:3000/_next/static/chunks/0mm6_next_dist_0wb--n-._.js:1945
[ 5423114ms] [ERROR] ./src/components/Header.tsx:9:10
the name `useCart` is defined multiple times
   7 | import { useCart } from "@/store";
   8 | import { useTheme } from "next-themes";
>  9 | import { useCart } from "@/store";
     |          ^^^^^^^
  10 | import CartDrawer from "@/components/cart/CartDrawer";
  11 | import TopBannerTicker from "@/components/TopBannerTicker";
  12 | import { NavigationItem, TopBanner, StoreLogo } from "@prisma/client";

Ecmascript file had an error

Import trace:
  Server Component:
    ./src/components/Header.tsx
    ./src/app/layout.tsx @ http://localhost:3000/_next/static/chunks/0mm6_next_dist_0wb--n-._.js:1945
[ 5423114ms] [ERROR] ./src/components/Header.tsx:9:10
the name `useCart` is defined multiple times
   7 | import { useCart } from "@/store";
   8 | import { useTheme } from "next-themes";
>  9 | import { useCart } from "@/store";
     |          ^^^^^^^
  10 | import CartDrawer from "@/components/cart/CartDrawer";
  11 | import TopBannerTicker from "@/components/TopBannerTicker";
  12 | import { NavigationItem, TopBanner, StoreLogo } from "@prisma/client";

Ecmascript file had an error

Import trace:
  Server Component:
    ./src/components/Header.tsx
    ./src/app/layout.tsx @ http://localhost:3000/_next/static/chunks/0mm6_next_dist_0wb--n-._.js:1945
[ 5423114ms] [ERROR] ./src/components/Header.tsx:9:10
the name `useCart` is defined multiple times
   7 | import { useCart } from "@/store";
   8 | import { useTheme } from "next-themes";
>  9 | import { useCart } from "@/store";
     |          ^^^^^^^
  10 | import CartDrawer from "@/components/cart/CartDrawer";
  11 | import TopBannerTicker from "@/components/TopBannerTicker";
  12 | import { NavigationItem, TopBanner, StoreLogo } from "@prisma/client";

Ecmascript file had an error

Import trace:
  Server Component:
    ./src/components/Header.tsx
    ./src/app/layout.tsx @ http://localhost:3000/_next/static/chunks/0mm6_next_dist_0wb--n-._.js:1945
[ 5423114ms] [ERROR] ./src/components/Header.tsx:9:10
the name `useCart` is defined multiple times
   7 | import { useCart } from "@/store";
   8 | import { useTheme } from "next-themes";
>  9 | import { useCart } from "@/store";
     |          ^^^^^^^
  10 | import CartDrawer from "@/components/cart/CartDrawer";
  11 | import TopBannerTicker from "@/components/TopBannerTicker";
  12 | import { NavigationItem, TopBanner, StoreLogo } from "@prisma/client";

Ecmascript file had an error

Import trace:
  Server Component:
    ./src/components/Header.tsx
    ./src/app/layout.tsx @ http://localhost:3000/_next/static/chunks/0mm6_next_dist_0wb--n-._.js:1945
[ 5423114ms] [ERROR] ./src/components/Header.tsx:9:10
the name `useCart` is defined multiple times
   7 | import { useCart } from "@/store";
   8 | import { useTheme } from "next-themes";
>  9 | import { useCart } from "@/store";
     |          ^^^^^^^
  10 | import CartDrawer from "@/components/cart/CartDrawer";
  11 | import TopBannerTicker from "@/components/TopBannerTicker";
  12 | import { NavigationItem, TopBanner, StoreLogo } from "@prisma/client";

Ecmascript file had an error

Import trace:
  Server Component:
    ./src/components/Header.tsx
    ./src/app/layout.tsx @ http://localhost:3000/_next/static/chunks/0mm6_next_dist_0wb--n-._.js:1945
[ 5423115ms] [ERROR] ./src/components/Header.tsx:9:10
the name `useCart` is defined multiple times
   7 | import { useCart } from "@/store";
   8 | import { useTheme } from "next-themes";
>  9 | import { useCart } from "@/store";
     |          ^^^^^^^
  10 | import CartDrawer from "@/components/cart/CartDrawer";
  11 | import TopBannerTicker from "@/components/TopBannerTicker";
  12 | import { NavigationItem, TopBanner, StoreLogo } from "@prisma/client";

Ecmascript file had an error

Import trace:
  Server Component:
    ./src/components/Header.tsx
    ./src/app/layout.tsx @ http://localhost:3000/_next/static/chunks/0mm6_next_dist_0wb--n-._.js:1945
[ 5423115ms] [ERROR] ./src/components/Header.tsx:9:10
the name `useCart` is defined multiple times
   7 | import { useCart } from "@/store";
   8 | import { useTheme } from "next-themes";
>  9 | import { useCart } from "@/store";
     |          ^^^^^^^
  10 | import CartDrawer from "@/components/cart/CartDrawer";
  11 | import TopBannerTicker from "@/components/TopBannerTicker";
  12 | import { NavigationItem, TopBanner, StoreLogo } from "@prisma/client";

Ecmascript file had an error

Import trace:
  Server Component:
    ./src/components/Header.tsx
    ./src/app/layout.tsx @ http://localhost:3000/_next/static/chunks/0mm6_next_dist_0wb--n-._.js:1945
[ 5423115ms] [ERROR] ./src/components/Header.tsx:9:10
the name `useCart` is defined multiple times
   7 | import { useCart } from "@/store";
   8 | import { useTheme } from "next-themes";
>  9 | import { useCart } from "@/store";
     |          ^^^^^^^
  10 | import CartDrawer from "@/components/cart/CartDrawer";
  11 | import TopBannerTicker from "@/components/TopBannerTicker";
  12 | import { NavigationItem, TopBanner, StoreLogo } from "@prisma/client";

Ecmascript file had an error

Import trace:
  Server Component:
    ./src/components/Header.tsx
    ./src/app/layout.tsx @ http://localhost:3000/_next/static/chunks/0mm6_next_dist_0wb--n-._.js:1945
[ 5423115ms] [ERROR] ./src/components/Header.tsx:9:10
the name `useCart` is defined multiple times
   7 | import { useCart } from "@/store";
   8 | import { useTheme } from "next-themes";
>  9 | import { useCart } from "@/store";
     |          ^^^^^^^
  10 | import CartDrawer from "@/components/cart/CartDrawer";
  11 | import TopBannerTicker from "@/components/TopBannerTicker";
  12 | import { NavigationItem, TopBanner, StoreLogo } from "@prisma/client";

Ecmascript file had an error

Import trace:
  Server Component:
    ./src/components/Header.tsx
    ./src/app/layout.tsx @ http://localhost:3000/_next/static/chunks/0mm6_next_dist_0wb--n-._.js:1945
[ 5423132ms] [ERROR] ./src/components/Header.tsx:9:10
the name `useCart` is defined multiple times
   7 | import { useCart } from "@/store";
   8 | import { useTheme } from "next-themes";
>  9 | import { useCart } from "@/store";
     |          ^^^^^^^
  10 | import CartDrawer from "@/components/cart/CartDrawer";
  11 | import TopBannerTicker from "@/components/TopBannerTicker";
  12 | import { NavigationItem, TopBanner, StoreLogo } from "@prisma/client";

Ecmascript file had an error

Import trace:
  Server Component:
    ./src/components/Header.tsx
    ./src/app/layout.tsx @ http://localhost:3000/_next/static/chunks/0mm6_next_dist_0wb--n-._.js:1945
[ 5423172ms] [LOG] [Fast Refresh] rebuilding @ http://localhost:3000/_next/static/chunks/0mm6_next_dist_0wb--n-._.js:1226
[ 5423375ms] [ERROR] ./src/components/Header.tsx:9:10
the name `useCart` is defined multiple times
   7 | import { useCart } from "@/store";
   8 | import { useTheme } from "next-themes";
>  9 | import { useCart } from "@/store";
     |          ^^^^^^^
  10 | import CartDrawer from "@/components/cart/CartDrawer";
  11 | import TopBannerTicker from "@/components/TopBannerTicker";
  12 | import { NavigationItem, TopBanner, StoreLogo } from "@prisma/client";

Ecmascript file had an error

Import trace:
  Server Component:
    ./src/components/Header.tsx
    ./src/app/layout.tsx @ http://localhost:3000/_next/static/chunks/0mm6_next_dist_0wb--n-._.js:1945
[ 5423427ms] [ERROR] ./src/components/Header.tsx:9:10
the name `useCart` is defined multiple times
   7 | import { useCart } from "@/store";
   8 | import { useTheme } from "next-themes";
>  9 | import { useCart } from "@/store";
     |          ^^^^^^^
  10 | import CartDrawer from "@/components/cart/CartDrawer";
  11 | import TopBannerTicker from "@/components/TopBannerTicker";
  12 | import { NavigationItem, TopBanner, StoreLogo } from "@prisma/client";

Ecmascript file had an error

Import trace:
  Server Component:
    ./src/components/Header.tsx
    ./src/app/layout.tsx @ http://localhost:3000/_next/static/chunks/0mm6_next_dist_0wb--n-._.js:1945
[ 5423487ms] [LOG] [Fast Refresh] rebuilding @ http://localhost:3000/_next/static/chunks/0mm6_next_dist_0wb--n-._.js:1226
[ 5457346ms] [LOG] [Fast Refresh] rebuilding @ http://localhost:3000/_next/static/chunks/0mm6_next_dist_0wb--n-._.js:1226
[ 5457733ms] [ERROR] ./src/components/Header.tsx:9:10
the name `useCart` is defined multiple times
   7 | import { useCart } from "@/store";
   8 | import { useTheme } from "next-themes";
>  9 | import { useCart } from "@/store";
     |          ^^^^^^^
  10 | import CartDrawer from "@/components/cart/CartDrawer";
  11 | import TopBannerTicker from "@/components/TopBannerTicker";
  12 | import { NavigationItem, TopBanner, StoreLogo } from "@prisma/client";

Ecmascript file had an error

Import trace:
  Server Component:
    ./src/components/Header.tsx
    ./src/app/layout.tsx @ http://localhost:3000/_next/static/chunks/0mm6_next_dist_0wb--n-._.js:1945
[ 5458248ms] [ERROR] Failed to load resource: the server responded with a status of 500 (Internal Server Error) @ http://localhost:3000/admin/login?callbackUrl=%2Fadmin%2Flanding-builder:0
[ 5458354ms] [INFO] %cDownload the React DevTools for a better development experience: https://react.dev/link/react-devtools font-weight:bold @ http://localhost:3000/_next/static/chunks/0p2h_react-dom_0vsf22y._.js:15305
[ 5458369ms] Error: ./src/components/Header.tsx:9:10
the name `useCart` is defined multiple times
   7 | import { useCart } from "@/store";
   8 | import { useTheme } from "next-themes";
>  9 | import { useCart } from "@/store";
     |          ^^^^^^^
  10 | import CartDrawer from "@/components/cart/CartDrawer";
  11 | import TopBannerTicker from "@/components/TopBannerTicker";
  12 | import { NavigationItem, TopBanner, StoreLogo } from "@prisma/client";

Ecmascript file had an error

Import trace:
  Server Component:
    ./src/components/Header.tsx
    ./src/app/layout.tsx


    at <unknown> (Error: ./src/components/Header.tsx:9:10)
    at Object.getCompilationErrors (file:///Users/andres/Documents/Asygnuz/one-star/node_modules/.pnpm/next@16.2.6_@babel+core@7.29.7_@opentelemetry+api@1.9.1_@playwright+test@1.61.1_react-d_2287c2fed37900450333ac24d06100d9/node_modules/next/dist/server/dev/hot-reloader-turbopack.js:1186:59)
    at DevBundlerService.getCompilationError (file:///Users/andres/Documents/Asygnuz/one-star/node_modules/.pnpm/next@16.2.6_@babel+core@7.29.7_@opentelemetry+api@1.9.1_@playwright+test@1.61.1_react-d_2287c2fed37900450333ac24d06100d9/node_modules/next/dist/server/lib/dev-bundler-service.js:44:55)
    at DevServer.getCompilationError (file:///Users/andres/Documents/Asygnuz/one-star/node_modules/.pnpm/next@16.2.6_@babel+core@7.29.7_@opentelemetry+api@1.9.1_@playwright+test@1.61.1_react-d_2287c2fed37900450333ac24d06100d9/node_modules/next/dist/server/dev/next-dev-server.js:720:42)
    at DevServer.findPageComponents (file:///Users/andres/Documents/Asygnuz/one-star/node_modules/.pnpm/next@16.2.6_@babel+core@7.29.7_@opentelemetry+api@1.9.1_@playwright+test@1.61.1_react-d_2287c2fed37900450333ac24d06100d9/node_modules/next/dist/server/dev/next-dev-server.js:690:43)
    at async DevServer.renderErrorToResponseImpl (file:///Users/andres/Documents/Asygnuz/one-star/node_modules/.pnpm/next@16.2.6_@babel+core@7.29.7_@opentelemetry+api@1.9.1_@playwright+test@1.61.1_react-d_2287c2fed37900450333ac24d06100d9/node_modules/next/dist/server/base-server.js:1753:26)
[ 5458381ms] [LOG] [HMR] connected @ http://localhost:3000/_next/static/chunks/0mm6_next_dist_0wb--n-._.js:1226
[ 5458399ms] [ERROR] ./src/components/Header.tsx:9:10
the name `useCart` is defined multiple times
   7 | import { useCart } from "@/store";
   8 | import { useTheme } from "next-themes";
>  9 | import { useCart } from "@/store";
     |          ^^^^^^^
  10 | import CartDrawer from "@/components/cart/CartDrawer";
  11 | import TopBannerTicker from "@/components/TopBannerTicker";
  12 | import { NavigationItem, TopBanner, StoreLogo } from "@prisma/client";

Ecmascript file had an error

Import trace:
  Server Component:
    ./src/components/Header.tsx
    ./src/app/layout.tsx @ http://localhost:3000/_next/static/chunks/0mm6_next_dist_0wb--n-._.js:1945
[ 5458399ms] [ERROR] ./src/components/Header.tsx:9:10
the name `useCart` is defined multiple times
   7 | import { useCart } from "@/store";
   8 | import { useTheme } from "next-themes";
>  9 | import { useCart } from "@/store";
     |          ^^^^^^^
  10 | import CartDrawer from "@/components/cart/CartDrawer";
  11 | import TopBannerTicker from "@/components/TopBannerTicker";
  12 | import { NavigationItem, TopBanner, StoreLogo } from "@prisma/client";

Ecmascript file had an error

Import trace:
  Server Component:
    ./src/components/Header.tsx
    ./src/app/layout.tsx @ http://localhost:3000/_next/static/chunks/0mm6_next_dist_0wb--n-._.js:1945
[ 5458399ms] [ERROR] ./src/components/Header.tsx:9:10
the name `useCart` is defined multiple times
   7 | import { useCart } from "@/store";
   8 | import { useTheme } from "next-themes";
>  9 | import { useCart } from "@/store";
     |          ^^^^^^^
  10 | import CartDrawer from "@/components/cart/CartDrawer";
  11 | import TopBannerTicker from "@/components/TopBannerTicker";
  12 | import { NavigationItem, TopBanner, StoreLogo } from "@prisma/client";

Ecmascript file had an error

Import trace:
  Server Component:
    ./src/components/Header.tsx
    ./src/app/layout.tsx @ http://localhost:3000/_next/static/chunks/0mm6_next_dist_0wb--n-._.js:1945
[ 5458399ms] [ERROR] ./src/components/Header.tsx:9:10
the name `useCart` is defined multiple times
   7 | import { useCart } from "@/store";
   8 | import { useTheme } from "next-themes";
>  9 | import { useCart } from "@/store";
     |          ^^^^^^^
  10 | import CartDrawer from "@/components/cart/CartDrawer";
  11 | import TopBannerTicker from "@/components/TopBannerTicker";
  12 | import { NavigationItem, TopBanner, StoreLogo } from "@prisma/client";

Ecmascript file had an error

Import trace:
  Server Component:
    ./src/components/Header.tsx
    ./src/app/layout.tsx @ http://localhost:3000/_next/static/chunks/0mm6_next_dist_0wb--n-._.js:1945
[ 5458399ms] [ERROR] ./src/components/Header.tsx:9:10
the name `useCart` is defined multiple times
   7 | import { useCart } from "@/store";
   8 | import { useTheme } from "next-themes";
>  9 | import { useCart } from "@/store";
     |          ^^^^^^^
  10 | import CartDrawer from "@/components/cart/CartDrawer";
  11 | import TopBannerTicker from "@/components/TopBannerTicker";
  12 | import { NavigationItem, TopBanner, StoreLogo } from "@prisma/client";

Ecmascript file had an error

Import trace:
  Server Component:
    ./src/components/Header.tsx
    ./src/app/layout.tsx @ http://localhost:3000/_next/static/chunks/0mm6_next_dist_0wb--n-._.js:1945
[ 5458399ms] [ERROR] ./src/components/Header.tsx:9:10
the name `useCart` is defined multiple times
   7 | import { useCart } from "@/store";
   8 | import { useTheme } from "next-themes";
>  9 | import { useCart } from "@/store";
     |          ^^^^^^^
  10 | import CartDrawer from "@/components/cart/CartDrawer";
  11 | import TopBannerTicker from "@/components/TopBannerTicker";
  12 | import { NavigationItem, TopBanner, StoreLogo } from "@prisma/client";

Ecmascript file had an error

Import trace:
  Server Component:
    ./src/components/Header.tsx
    ./src/app/layout.tsx @ http://localhost:3000/_next/static/chunks/0mm6_next_dist_0wb--n-._.js:1945
[ 5458399ms] [ERROR] ./src/components/Header.tsx:9:10
the name `useCart` is defined multiple times
   7 | import { useCart } from "@/store";
   8 | import { useTheme } from "next-themes";
>  9 | import { useCart } from "@/store";
     |          ^^^^^^^
  10 | import CartDrawer from "@/components/cart/CartDrawer";
  11 | import TopBannerTicker from "@/components/TopBannerTicker";
  12 | import { NavigationItem, TopBanner, StoreLogo } from "@prisma/client";

Ecmascript file had an error

Import trace:
  Server Component:
    ./src/components/Header.tsx
    ./src/app/layout.tsx @ http://localhost:3000/_next/static/chunks/0mm6_next_dist_0wb--n-._.js:1945
[ 5458399ms] [ERROR] ./src/components/Header.tsx:9:10
the name `useCart` is defined multiple times
   7 | import { useCart } from "@/store";
   8 | import { useTheme } from "next-themes";
>  9 | import { useCart } from "@/store";
     |          ^^^^^^^
  10 | import CartDrawer from "@/components/cart/CartDrawer";
  11 | import TopBannerTicker from "@/components/TopBannerTicker";
  12 | import { NavigationItem, TopBanner, StoreLogo } from "@prisma/client";

Ecmascript file had an error

Import trace:
  Server Component:
    ./src/components/Header.tsx
    ./src/app/layout.tsx @ http://localhost:3000/_next/static/chunks/0mm6_next_dist_0wb--n-._.js:1945
[ 5458399ms] [ERROR] ./src/components/Header.tsx:9:10
the name `useCart` is defined multiple times
   7 | import { useCart } from "@/store";
   8 | import { useTheme } from "next-themes";
>  9 | import { useCart } from "@/store";
     |          ^^^^^^^
  10 | import CartDrawer from "@/components/cart/CartDrawer";
  11 | import TopBannerTicker from "@/components/TopBannerTicker";
  12 | import { NavigationItem, TopBanner, StoreLogo } from "@prisma/client";

Ecmascript file had an error

Import trace:
  Server Component:
    ./src/components/Header.tsx
    ./src/app/layout.tsx @ http://localhost:3000/_next/static/chunks/0mm6_next_dist_0wb--n-._.js:1945
[ 5458399ms] [ERROR] ./src/components/Header.tsx:9:10
the name `useCart` is defined multiple times
   7 | import { useCart } from "@/store";
   8 | import { useTheme } from "next-themes";
>  9 | import { useCart } from "@/store";
     |          ^^^^^^^
  10 | import CartDrawer from "@/components/cart/CartDrawer";
  11 | import TopBannerTicker from "@/components/TopBannerTicker";
  12 | import { NavigationItem, TopBanner, StoreLogo } from "@prisma/client";

Ecmascript file had an error

Import trace:
  Server Component:
    ./src/components/Header.tsx
    ./src/app/layout.tsx @ http://localhost:3000/_next/static/chunks/0mm6_next_dist_0wb--n-._.js:1945
[ 5458399ms] [ERROR] ./src/components/Header.tsx:9:10
the name `useCart` is defined multiple times
   7 | import { useCart } from "@/store";
   8 | import { useTheme } from "next-themes";
>  9 | import { useCart } from "@/store";
     |          ^^^^^^^
  10 | import CartDrawer from "@/components/cart/CartDrawer";
  11 | import TopBannerTicker from "@/components/TopBannerTicker";
  12 | import { NavigationItem, TopBanner, StoreLogo } from "@prisma/client";

Ecmascript file had an error

Import trace:
  Server Component:
    ./src/components/Header.tsx
    ./src/app/layout.tsx @ http://localhost:3000/_next/static/chunks/0mm6_next_dist_0wb--n-._.js:1945
[ 5458399ms] [ERROR] ./src/components/Header.tsx:9:10
the name `useCart` is defined multiple times
   7 | import { useCart } from "@/store";
   8 | import { useTheme } from "next-themes";
>  9 | import { useCart } from "@/store";
     |          ^^^^^^^
  10 | import CartDrawer from "@/components/cart/CartDrawer";
  11 | import TopBannerTicker from "@/components/TopBannerTicker";
  12 | import { NavigationItem, TopBanner, StoreLogo } from "@prisma/client";

Ecmascript file had an error

Import trace:
  Server Component:
    ./src/components/Header.tsx
    ./src/app/layout.tsx @ http://localhost:3000/_next/static/chunks/0mm6_next_dist_0wb--n-._.js:1945
[ 5458399ms] [ERROR] ./src/components/Header.tsx:9:10
the name `useCart` is defined multiple times
   7 | import { useCart } from "@/store";
   8 | import { useTheme } from "next-themes";
>  9 | import { useCart } from "@/store";
     |          ^^^^^^^
  10 | import CartDrawer from "@/components/cart/CartDrawer";
  11 | import TopBannerTicker from "@/components/TopBannerTicker";
  12 | import { NavigationItem, TopBanner, StoreLogo } from "@prisma/client";

Ecmascript file had an error

Import trace:
  Server Component:
    ./src/components/Header.tsx
    ./src/app/layout.tsx @ http://localhost:3000/_next/static/chunks/0mm6_next_dist_0wb--n-._.js:1945
[ 5458400ms] [ERROR] ./src/components/Header.tsx:9:10
the name `useCart` is defined multiple times
   7 | import { useCart } from "@/store";
   8 | import { useTheme } from "next-themes";
>  9 | import { useCart } from "@/store";
     |          ^^^^^^^
  10 | import CartDrawer from "@/components/cart/CartDrawer";
  11 | import TopBannerTicker from "@/components/TopBannerTicker";
  12 | import { NavigationItem, TopBanner, StoreLogo } from "@prisma/client";

Ecmascript file had an error

Import trace:
  Server Component:
    ./src/components/Header.tsx
    ./src/app/layout.tsx @ http://localhost:3000/_next/static/chunks/0mm6_next_dist_0wb--n-._.js:1945
[ 5458400ms] [ERROR] ./src/components/Header.tsx:9:10
the name `useCart` is defined multiple times
   7 | import { useCart } from "@/store";
   8 | import { useTheme } from "next-themes";
>  9 | import { useCart } from "@/store";
     |          ^^^^^^^
  10 | import CartDrawer from "@/components/cart/CartDrawer";
  11 | import TopBannerTicker from "@/components/TopBannerTicker";
  12 | import { NavigationItem, TopBanner, StoreLogo } from "@prisma/client";

Ecmascript file had an error

Import trace:
  Server Component:
    ./src/components/Header.tsx
    ./src/app/layout.tsx @ http://localhost:3000/_next/static/chunks/0mm6_next_dist_0wb--n-._.js:1945
[ 5458433ms] [ERROR] ./src/components/Header.tsx:9:10
the name `useCart` is defined multiple times
   7 | import { useCart } from "@/store";
   8 | import { useTheme } from "next-themes";
>  9 | import { useCart } from "@/store";
     |          ^^^^^^^
  10 | import CartDrawer from "@/components/cart/CartDrawer";
  11 | import TopBannerTicker from "@/components/TopBannerTicker";
  12 | import { NavigationItem, TopBanner, StoreLogo } from "@prisma/client";

Ecmascript file had an error

Import trace:
  Server Component:
    ./src/components/Header.tsx
    ./src/app/layout.tsx @ http://localhost:3000/_next/static/chunks/0mm6_next_dist_0wb--n-._.js:1945
[ 5458502ms] [ERROR] ./src/components/Header.tsx:9:10
the name `useCart` is defined multiple times
   7 | import { useCart } from "@/store";
   8 | import { useTheme } from "next-themes";
>  9 | import { useCart } from "@/store";
     |          ^^^^^^^
  10 | import CartDrawer from "@/components/cart/CartDrawer";
  11 | import TopBannerTicker from "@/components/TopBannerTicker";
  12 | import { NavigationItem, TopBanner, StoreLogo } from "@prisma/client";

Ecmascript file had an error

Import trace:
  Server Component:
    ./src/components/Header.tsx
    ./src/app/layout.tsx @ http://localhost:3000/_next/static/chunks/0mm6_next_dist_0wb--n-._.js:1945
[ 5458566ms] [LOG] [Fast Refresh] rebuilding @ http://localhost:3000/_next/static/chunks/0mm6_next_dist_0wb--n-._.js:1226
[ 5593095ms] [LOG] [Fast Refresh] rebuilding @ http://localhost:3000/_next/static/chunks/0mm6_next_dist_0wb--n-._.js:1226
[ 5594335ms] [LOG] [Fast Refresh] done in 1244ms @ http://localhost:3000/_next/static/chunks/0mm6_next_dist_0wb--n-._.js:1226
[ 5595559ms] [LOG] [Fast Refresh] rebuilding @ http://localhost:3000/_next/static/chunks/0mm6_next_dist_0wb--n-._.js:1226
[ 5596041ms] [LOG] [Fast Refresh] done in 582ms @ http://localhost:3000/_next/static/chunks/0mm6_next_dist_0wb--n-._.js:1226
[ 5597187ms] [LOG] [Fast Refresh] rebuilding @ http://localhost:3000/_next/static/chunks/0mm6_next_dist_0wb--n-._.js:1226
[ 5597769ms] [LOG] [Fast Refresh] done in 683ms @ http://localhost:3000/_next/static/chunks/0mm6_next_dist_0wb--n-._.js:1226
[ 5598172ms] [INFO] %cDownload the React DevTools for a better development experience: https://react.dev/link/react-devtools font-weight:bold @ http://localhost:3000/_next/static/chunks/0mm6_next_dist_0.5x6h2._.js:2477
[ 5598270ms] [LOG] [HMR] connected @ http://localhost:3000/_next/static/chunks/0mm6_next_dist_0.5x6h2._.js:2477
[ 5598339ms] [ERROR] Encountered a script tag while rendering React component. Scripts inside React components are never executed when rendering on the client. Consider using template tag instead (https://developer.mozilla.org/en-US/docs/Web/HTML/Element/template). @ http://localhost:3000/_next/static/chunks/0mm6_next_dist_0.5x6h2._.js:3318
[ 5598463ms] [LOG] [Fast Refresh] rebuilding @ http://localhost:3000/_next/static/chunks/0mm6_next_dist_0.5x6h2._.js:2477
[ 5598849ms] [LOG] [Fast Refresh] done in 486ms @ http://localhost:3000/_next/static/chunks/0mm6_next_dist_0.5x6h2._.js:2477
[ 5599158ms] [LOG] [Fast Refresh] rebuilding @ http://localhost:3000/_next/static/chunks/0mm6_next_dist_0.5x6h2._.js:2477
[ 5599259ms] [LOG] [Fast Refresh] done in 203ms @ http://localhost:3000/_next/static/chunks/0mm6_next_dist_0.5x6h2._.js:2477
[ 5599420ms] [LOG] [Fast Refresh] rebuilding @ http://localhost:3000/_next/static/chunks/0mm6_next_dist_0.5x6h2._.js:2477
[ 5599428ms] [LOG] [Fast Refresh] done in 109ms @ http://localhost:3000/_next/static/chunks/0mm6_next_dist_0.5x6h2._.js:2477
[ 5689089ms] [LOG] [Fast Refresh] rebuilding @ http://localhost:3000/_next/static/chunks/0mm6_next_dist_0.5x6h2._.js:2477
[ 5689112ms] [LOG] [Fast Refresh] done in 129ms @ http://localhost:3000/_next/static/chunks/0mm6_next_dist_0.5x6h2._.js:2477
[ 5761459ms] [LOG] [Fast Refresh] rebuilding @ http://localhost:3000/_next/static/chunks/0mm6_next_dist_0.5x6h2._.js:2477
[ 5762782ms] [LOG] [Fast Refresh] done in 1325ms @ http://localhost:3000/_next/static/chunks/0mm6_next_dist_0.5x6h2._.js:2477
[ 5887322ms] [LOG] [Fast Refresh] rebuilding @ http://localhost:3000/_next/static/chunks/0mm6_next_dist_0.5x6h2._.js:2477
[ 5887707ms] [LOG] [Fast Refresh] done in 486ms @ http://localhost:3000/_next/static/chunks/0mm6_next_dist_0.5x6h2._.js:2477
[ 5911241ms] [LOG] [Fast Refresh] rebuilding @ http://localhost:3000/_next/static/chunks/0mm6_next_dist_0.5x6h2._.js:2477
[ 5911260ms] [LOG] [Fast Refresh] done in 120ms @ http://localhost:3000/_next/static/chunks/0mm6_next_dist_0.5x6h2._.js:2477
[ 5912060ms] [LOG] [Fast Refresh] rebuilding @ http://localhost:3000/_next/static/chunks/0mm6_next_dist_0.5x6h2._.js:2477
[ 5912501ms] [LOG] [Fast Refresh] done in 544ms @ http://localhost:3000/_next/static/chunks/0mm6_next_dist_0.5x6h2._.js:2477
[ 6526907ms] [LOG] [Fast Refresh] rebuilding @ http://localhost:3000/_next/static/chunks/0mm6_next_dist_0.5x6h2._.js:2477
[ 6526929ms] [LOG] [Fast Refresh] done in 125ms @ http://localhost:3000/_next/static/chunks/0mm6_next_dist_0.5x6h2._.js:2477
[ 6579839ms] [LOG] [Fast Refresh] rebuilding @ http://localhost:3000/_next/static/chunks/0mm6_next_dist_0.5x6h2._.js:2477
[ 6582094ms] [LOG] [Fast Refresh] done in 2310ms @ http://localhost:3000/_next/static/chunks/0mm6_next_dist_0.5x6h2._.js:2477
[ 6582553ms] [LOG] [Fast Refresh] rebuilding @ http://localhost:3000/_next/static/chunks/0mm6_next_dist_0.5x6h2._.js:2477
[ 6584027ms] [LOG] [Fast Refresh] done in 1575ms @ http://localhost:3000/_next/static/chunks/0mm6_next_dist_0.5x6h2._.js:2477
[ 6584200ms] [LOG] [Fast Refresh] rebuilding @ http://localhost:3000/_next/static/chunks/0mm6_next_dist_0.5x6h2._.js:2477
[ 6584895ms] [LOG] [Fast Refresh] done in 795ms @ http://localhost:3000/_next/static/chunks/0mm6_next_dist_0.5x6h2._.js:2477
[ 6608852ms] [LOG] [Fast Refresh] rebuilding @ http://localhost:3000/_next/static/chunks/0mm6_next_dist_0.5x6h2._.js:2477
[ 6609507ms] [LOG] [Fast Refresh] done in 757ms @ http://localhost:3000/_next/static/chunks/0mm6_next_dist_0.5x6h2._.js:2477
[ 6621581ms] [LOG] [Fast Refresh] rebuilding @ http://localhost:3000/_next/static/chunks/0mm6_next_dist_0.5x6h2._.js:2477
[ 6621609ms] [LOG] [Fast Refresh] done in 131ms @ http://localhost:3000/_next/static/chunks/0mm6_next_dist_0.5x6h2._.js:2477
[ 6621986ms] [LOG] [Fast Refresh] rebuilding @ http://localhost:3000/_next/static/chunks/0mm6_next_dist_0.5x6h2._.js:2477
[ 6622354ms] [LOG] [Fast Refresh] done in 469ms @ http://localhost:3000/_next/static/chunks/0mm6_next_dist_0.5x6h2._.js:2477
[ 6636527ms] [LOG] [Fast Refresh] rebuilding @ http://localhost:3000/_next/static/chunks/0mm6_next_dist_0.5x6h2._.js:2477
[ 6636555ms] [LOG] [Fast Refresh] done in 130ms @ http://localhost:3000/_next/static/chunks/0mm6_next_dist_0.5x6h2._.js:2477
[ 6636745ms] [LOG] [Fast Refresh] rebuilding @ http://localhost:3000/_next/static/chunks/0mm6_next_dist_0.5x6h2._.js:2477
[ 6636832ms] [LOG] [Fast Refresh] done in 189ms @ http://localhost:3000/_next/static/chunks/0mm6_next_dist_0.5x6h2._.js:2477
[ 6771378ms] [LOG] [Fast Refresh] rebuilding @ http://localhost:3000/_next/static/chunks/0mm6_next_dist_0.5x6h2._.js:2477
[ 6771544ms] [LOG] [Fast Refresh] done in 269ms @ http://localhost:3000/_next/static/chunks/0mm6_next_dist_0.5x6h2._.js:2477
[ 6794172ms] [LOG] [Fast Refresh] rebuilding @ http://localhost:3000/_next/static/chunks/0mm6_next_dist_0.5x6h2._.js:2477
[ 6795389ms] [LOG] [Fast Refresh] done in 1315ms @ http://localhost:3000/_next/static/chunks/0mm6_next_dist_0.5x6h2._.js:2477
[ 6795791ms] [LOG] [Fast Refresh] rebuilding @ http://localhost:3000/_next/static/chunks/0mm6_next_dist_0.5x6h2._.js:2477
[ 6796337ms] [LOG] [Fast Refresh] done in 647ms @ http://localhost:3000/_next/static/chunks/0mm6_next_dist_0.5x6h2._.js:2477
[ 6797048ms] [LOG] [Fast Refresh] rebuilding @ http://localhost:3000/_next/static/chunks/0mm6_next_dist_0.5x6h2._.js:2477
[ 6797172ms] [LOG] [Fast Refresh] done in 224ms @ http://localhost:3000/_next/static/chunks/0mm6_next_dist_0.5x6h2._.js:2477
[ 6814852ms] [LOG] [Fast Refresh] rebuilding @ http://localhost:3000/_next/static/chunks/0mm6_next_dist_0.5x6h2._.js:2477
[ 6815197ms] [LOG] [Fast Refresh] done in 447ms @ http://localhost:3000/_next/static/chunks/0mm6_next_dist_0.5x6h2._.js:2477
[ 6815560ms] [LOG] [Fast Refresh] rebuilding @ http://localhost:3000/_next/static/chunks/0mm6_next_dist_0.5x6h2._.js:2477
[ 6815682ms] [LOG] [Fast Refresh] done in 224ms @ http://localhost:3000/_next/static/chunks/0mm6_next_dist_0.5x6h2._.js:2477
[ 6850295ms] [LOG] [Fast Refresh] rebuilding @ http://localhost:3000/_next/static/chunks/0mm6_next_dist_0.5x6h2._.js:2477
[ 6850303ms] [LOG] [Fast Refresh] done in 112ms @ http://localhost:3000/_next/static/chunks/0mm6_next_dist_0.5x6h2._.js:2477
[ 6850518ms] [LOG] [Fast Refresh] rebuilding @ http://localhost:3000/_next/static/chunks/0mm6_next_dist_0.5x6h2._.js:2477
[ 6850621ms] [LOG] [Fast Refresh] done in 204ms @ http://localhost:3000/_next/static/chunks/0mm6_next_dist_0.5x6h2._.js:2477
[ 6922030ms] [LOG] [Fast Refresh] rebuilding @ http://localhost:3000/_next/static/chunks/0mm6_next_dist_0.5x6h2._.js:2477
[ 6922202ms] [LOG] [Fast Refresh] done in 294ms @ http://localhost:3000/_next/static/chunks/0mm6_next_dist_0.5x6h2._.js:2477
[ 6922904ms] [LOG] [Fast Refresh] rebuilding @ http://localhost:3000/_next/static/chunks/0mm6_next_dist_0.5x6h2._.js:2477
[ 6923034ms] [LOG] [Fast Refresh] done in 231ms @ http://localhost:3000/_next/static/chunks/0mm6_next_dist_0.5x6h2._.js:2477
[ 6923856ms] [LOG] [Fast Refresh] rebuilding @ http://localhost:3000/_next/static/chunks/0mm6_next_dist_0.5x6h2._.js:2477
[ 6923953ms] [LOG] [Fast Refresh] done in 197ms @ http://localhost:3000/_next/static/chunks/0mm6_next_dist_0.5x6h2._.js:2477
[ 6925016ms] [LOG] [Fast Refresh] rebuilding @ http://localhost:3000/_next/static/chunks/0mm6_next_dist_0.5x6h2._.js:2477
[ 6925083ms] [LOG] [Fast Refresh] done in 167ms @ http://localhost:3000/_next/static/chunks/0mm6_next_dist_0.5x6h2._.js:2477
[ 6936430ms] [LOG] [Fast Refresh] rebuilding @ http://localhost:3000/_next/static/chunks/0mm6_next_dist_0.5x6h2._.js:2477
[ 6936439ms] [LOG] [Fast Refresh] done in 110ms @ http://localhost:3000/_next/static/chunks/0mm6_next_dist_0.5x6h2._.js:2477
[ 6961373ms] [LOG] [Fast Refresh] rebuilding @ http://localhost:3000/_next/static/chunks/0mm6_next_dist_0.5x6h2._.js:2477
[ 6962069ms] [LOG] [Fast Refresh] done in 773ms @ http://localhost:3000/_next/static/chunks/0mm6_next_dist_0.5x6h2._.js:2477
[ 6962258ms] [LOG] [Fast Refresh] rebuilding @ http://localhost:3000/_next/static/chunks/0mm6_next_dist_0.5x6h2._.js:2477
[ 6962507ms] [LOG] [Fast Refresh] done in 350ms @ http://localhost:3000/_next/static/chunks/0mm6_next_dist_0.5x6h2._.js:2477
[ 6962976ms] [LOG] [Fast Refresh] rebuilding @ http://localhost:3000/_next/static/chunks/0mm6_next_dist_0.5x6h2._.js:2477
[ 6964071ms] [LOG] [Fast Refresh] done in 1196ms @ http://localhost:3000/_next/static/chunks/0mm6_next_dist_0.5x6h2._.js:2477
[ 6975311ms] [LOG] [Fast Refresh] rebuilding @ http://localhost:3000/_next/static/chunks/0mm6_next_dist_0.5x6h2._.js:2477
[ 6975463ms] [LOG] [Fast Refresh] done in 255ms @ http://localhost:3000/_next/static/chunks/0mm6_next_dist_0.5x6h2._.js:2477
[ 7049423ms] [LOG] [Fast Refresh] rebuilding @ http://localhost:3000/_next/static/chunks/0mm6_next_dist_0.5x6h2._.js:2477
[ 7062173ms] [LOG] [Fast Refresh] done in 12851ms @ http://localhost:3000/_next/static/chunks/0mm6_next_dist_0.5x6h2._.js:2477
[ 7111331ms] [LOG] [Fast Refresh] rebuilding @ http://localhost:3000/_next/static/chunks/0mm6_next_dist_0.5x6h2._.js:2477
[ 7112185ms] [LOG] [Fast Refresh] done in 927ms @ http://localhost:3000/_next/static/chunks/0mm6_next_dist_0.5x6h2._.js:2477
[ 7178133ms] [LOG] [Fast Refresh] rebuilding @ http://localhost:3000/_next/static/chunks/0mm6_next_dist_0.5x6h2._.js:2477
[ 7178892ms] [LOG] [Fast Refresh] done in 854ms @ http://localhost:3000/_next/static/chunks/0mm6_next_dist_0.5x6h2._.js:2477
[ 7202273ms] [LOG] [Fast Refresh] rebuilding @ http://localhost:3000/_next/static/chunks/0mm6_next_dist_0.5x6h2._.js:2477
[ 7202279ms] [LOG] [Fast Refresh] done in 108ms @ http://localhost:3000/_next/static/chunks/0mm6_next_dist_0.5x6h2._.js:2477
[ 7258128ms] [LOG] [Fast Refresh] rebuilding @ http://localhost:3000/_next/static/chunks/0mm6_next_dist_0.5x6h2._.js:2477
[ 7258317ms] [LOG] [Fast Refresh] done in 284ms @ http://localhost:3000/_next/static/chunks/0mm6_next_dist_0.5x6h2._.js:2477
[ 7325124ms] [LOG] [Fast Refresh] rebuilding @ http://localhost:3000/_next/static/chunks/0mm6_next_dist_0.5x6h2._.js:2477
[ 7325395ms] [LOG] [Fast Refresh] done in 366ms @ http://localhost:3000/_next/static/chunks/0mm6_next_dist_0.5x6h2._.js:2477
[ 7342745ms] [LOG] [Fast Refresh] rebuilding @ http://localhost:3000/_next/static/chunks/0mm6_next_dist_0.5x6h2._.js:2477
[ 7342794ms] [LOG] [Fast Refresh] done in 151ms @ http://localhost:3000/_next/static/chunks/0mm6_next_dist_0.5x6h2._.js:2477
[ 7454433ms] [LOG] [Fast Refresh] rebuilding @ http://localhost:3000/_next/static/chunks/0mm6_next_dist_0.5x6h2._.js:2477
[ 7454895ms] [LOG] [Fast Refresh] done in 538ms @ http://localhost:3000/_next/static/chunks/0mm6_next_dist_0.5x6h2._.js:2477
[ 7471329ms] [LOG] [Fast Refresh] rebuilding @ http://localhost:3000/_next/static/chunks/0mm6_next_dist_0.5x6h2._.js:2477
[ 7471345ms] [LOG] [Fast Refresh] done in 117ms @ http://localhost:3000/_next/static/chunks/0mm6_next_dist_0.5x6h2._.js:2477
[ 7471513ms] [LOG] [Fast Refresh] rebuilding @ http://localhost:3000/_next/static/chunks/0mm6_next_dist_0.5x6h2._.js:2477
[ 7472568ms] [LOG] [Fast Refresh] done in 1157ms @ http://localhost:3000/_next/static/chunks/0mm6_next_dist_0.5x6h2._.js:2477
[ 7473611ms] [LOG] [Fast Refresh] rebuilding @ http://localhost:3000/_next/static/chunks/0mm6_next_dist_0.5x6h2._.js:2477
[ 7473747ms] [LOG] [Fast Refresh] done in 238ms @ http://localhost:3000/_next/static/chunks/0mm6_next_dist_0.5x6h2._.js:2477
[ 7476336ms] [LOG] [Fast Refresh] rebuilding @ http://localhost:3000/_next/static/chunks/0mm6_next_dist_0.5x6h2._.js:2477
[ 7476338ms] [LOG] [Fast Refresh] done in 105ms @ http://localhost:3000/_next/static/chunks/0mm6_next_dist_0.5x6h2._.js:2477
[ 7476727ms] [LOG] [Fast Refresh] rebuilding @ http://localhost:3000/_next/static/chunks/0mm6_next_dist_0.5x6h2._.js:2477
[ 7477397ms] [LOG] [Fast Refresh] done in 771ms @ http://localhost:3000/_next/static/chunks/0mm6_next_dist_0.5x6h2._.js:2477
[ 7540722ms] [LOG] [Fast Refresh] rebuilding @ http://localhost:3000/_next/static/chunks/0mm6_next_dist_0.5x6h2._.js:2477
[ 7540904ms] [LOG] [Fast Refresh] done in 292ms @ http://localhost:3000/_next/static/chunks/0mm6_next_dist_0.5x6h2._.js:2477
[ 7542652ms] [LOG] [Fast Refresh] rebuilding @ http://localhost:3000/_next/static/chunks/0mm6_next_dist_0.5x6h2._.js:2477
[ 7542766ms] [LOG] [Fast Refresh] done in 215ms @ http://localhost:3000/_next/static/chunks/0mm6_next_dist_0.5x6h2._.js:2477
[ 7542968ms] [LOG] [Fast Refresh] rebuilding @ http://localhost:3000/_next/static/chunks/0mm6_next_dist_0.5x6h2._.js:2477
[ 7543245ms] [LOG] [Fast Refresh] done in 378ms @ http://localhost:3000/_next/static/chunks/0mm6_next_dist_0.5x6h2._.js:2477
[ 7551686ms] [LOG] [Fast Refresh] rebuilding @ http://localhost:3000/_next/static/chunks/0mm6_next_dist_0.5x6h2._.js:2477
[ 7551709ms] [LOG] [Fast Refresh] done in 125ms @ http://localhost:3000/_next/static/chunks/0mm6_next_dist_0.5x6h2._.js:2477
[ 7565695ms] [LOG] [Fast Refresh] rebuilding @ http://localhost:3000/_next/static/chunks/0mm6_next_dist_0.5x6h2._.js:2477
[ 7565858ms] [LOG] [Fast Refresh] done in 265ms @ http://localhost:3000/_next/static/chunks/0mm6_next_dist_0.5x6h2._.js:2477
[ 8279622ms] [LOG] [Fast Refresh] rebuilding @ http://localhost:3000/_next/static/chunks/0mm6_next_dist_0.5x6h2._.js:2477
[ 8279631ms] [LOG] [Fast Refresh] done in 120ms @ http://localhost:3000/_next/static/chunks/0mm6_next_dist_0.5x6h2._.js:2477
[ 8315476ms] [LOG] [Fast Refresh] rebuilding @ http://localhost:3000/_next/static/chunks/0mm6_next_dist_0.5x6h2._.js:2477
[ 8315892ms] [LOG] [Fast Refresh] done in 517ms @ http://localhost:3000/_next/static/chunks/0mm6_next_dist_0.5x6h2._.js:2477
[ 8431871ms] [LOG] [Fast Refresh] rebuilding @ http://localhost:3000/_next/static/chunks/0mm6_next_dist_0.5x6h2._.js:2477
[ 8432493ms] [LOG] [Fast Refresh] done in 727ms @ http://localhost:3000/_next/static/chunks/0mm6_next_dist_0.5x6h2._.js:2477
[ 8443822ms] [LOG] [Fast Refresh] rebuilding @ http://localhost:3000/_next/static/chunks/0mm6_next_dist_0.5x6h2._.js:2477
[ 8444107ms] [LOG] [Fast Refresh] done in 388ms @ http://localhost:3000/_next/static/chunks/0mm6_next_dist_0.5x6h2._.js:2477
[ 8458205ms] [LOG] [Fast Refresh] rebuilding @ http://localhost:3000/_next/static/chunks/0mm6_next_dist_0.5x6h2._.js:2477
[ 8458414ms] [LOG] [Fast Refresh] done in 313ms @ http://localhost:3000/_next/static/chunks/0mm6_next_dist_0.5x6h2._.js:2477
[ 8513076ms] [LOG] [Fast Refresh] rebuilding @ http://localhost:3000/_next/static/chunks/0mm6_next_dist_0.5x6h2._.js:2477
[ 8513854ms] [LOG] [Fast Refresh] done in 842ms @ http://localhost:3000/_next/static/chunks/0mm6_next_dist_0.5x6h2._.js:2477
[ 8579860ms] [LOG] [Fast Refresh] rebuilding @ http://localhost:3000/_next/static/chunks/0mm6_next_dist_0.5x6h2._.js:2477
[ 8580198ms] [LOG] [Fast Refresh] done in 403ms @ http://localhost:3000/_next/static/chunks/0mm6_next_dist_0.5x6h2._.js:2477
[ 8626924ms] [LOG] [Fast Refresh] rebuilding @ http://localhost:3000/_next/static/chunks/0mm6_next_dist_0.5x6h2._.js:2477
[ 8639591ms] [LOG] [Fast Refresh] done in 12768ms @ http://localhost:3000/_next/static/chunks/0mm6_next_dist_0.5x6h2._.js:2477
[ 8639776ms] [LOG] [Fast Refresh] rebuilding @ http://localhost:3000/_next/static/chunks/0mm6_next_dist_0.5x6h2._.js:2477
[ 8640284ms] [LOG] [Fast Refresh] done in 611ms @ http://localhost:3000/_next/static/chunks/0mm6_next_dist_0.5x6h2._.js:2477
[ 8640434ms] [LOG] [Fast Refresh] rebuilding @ http://localhost:3000/_next/static/chunks/0mm6_next_dist_0.5x6h2._.js:2477
[ 8640656ms] [LOG] [Fast Refresh] done in 322ms @ http://localhost:3000/_next/static/chunks/0mm6_next_dist_0.5x6h2._.js:2477
[ 8641573ms] [LOG] [Fast Refresh] rebuilding @ http://localhost:3000/_next/static/chunks/0mm6_next_dist_0.5x6h2._.js:2477
[ 8641830ms] [LOG] [Fast Refresh] done in 360ms @ http://localhost:3000/_next/static/chunks/0mm6_next_dist_0.5x6h2._.js:2477
[ 8654806ms] [LOG] [Fast Refresh] rebuilding @ http://localhost:3000/_next/static/chunks/0mm6_next_dist_0.5x6h2._.js:2477
[ 8655026ms] [LOG] [Fast Refresh] done in 310ms @ http://localhost:3000/_next/static/chunks/0mm6_next_dist_0.5x6h2._.js:2477
[ 8657356ms] [LOG] [Fast Refresh] rebuilding @ http://localhost:3000/_next/static/chunks/0mm6_next_dist_0.5x6h2._.js:2477
[ 8657689ms] [LOG] [Fast Refresh] done in 435ms @ http://localhost:3000/_next/static/chunks/0mm6_next_dist_0.5x6h2._.js:2477
[ 8672765ms] [LOG] [Fast Refresh] rebuilding @ http://localhost:3000/_next/static/chunks/0mm6_next_dist_0.5x6h2._.js:2477
[ 8672915ms] [LOG] [Fast Refresh] done in 212ms @ http://localhost:3000/_next/static/chunks/0mm6_next_dist_0.5x6h2._.js:2477
[ 8674005ms] [LOG] [Fast Refresh] rebuilding @ http://localhost:3000/_next/static/chunks/0mm6_next_dist_0.5x6h2._.js:2477
[ 8674035ms] [LOG] [Fast Refresh] done in 131ms @ http://localhost:3000/_next/static/chunks/0mm6_next_dist_0.5x6h2._.js:2477
[ 8686726ms] [LOG] [Fast Refresh] rebuilding @ http://localhost:3000/_next/static/chunks/0mm6_next_dist_0.5x6h2._.js:2477
[ 8686885ms] [LOG] [Fast Refresh] done in 260ms @ http://localhost:3000/_next/static/chunks/0mm6_next_dist_0.5x6h2._.js:2477
[ 8909144ms] [LOG] [HMR] connected @ http://localhost:3000/_next/static/chunks/0mm6_next_dist_0.5x6h2._.js:2477
[ 8909384ms] [LOG] [Fast Refresh] rebuilding @ http://localhost:3000/_next/static/chunks/0mm6_next_dist_0.5x6h2._.js:2477
[ 8909479ms] [LOG] [Fast Refresh] done in 200ms @ http://localhost:3000/_next/static/chunks/0mm6_next_dist_0.5x6h2._.js:2477
[ 9748412ms] [LOG] [HMR] connected @ http://localhost:3000/_next/static/chunks/0mm6_next_dist_0.5x6h2._.js:2477
[ 9748671ms] [LOG] [Fast Refresh] rebuilding @ http://localhost:3000/_next/static/chunks/0mm6_next_dist_0.5x6h2._.js:2477
[ 9748727ms] [LOG] [Fast Refresh] done in 168ms @ http://localhost:3000/_next/static/chunks/0mm6_next_dist_0.5x6h2._.js:2477
[ 9811956ms] [LOG] [HMR] connected @ http://localhost:3000/_next/static/chunks/0mm6_next_dist_0.5x6h2._.js:2477
[ 9812114ms] [LOG] [Fast Refresh] rebuilding @ http://localhost:3000/_next/static/chunks/0mm6_next_dist_0.5x6h2._.js:2477
[ 9812120ms] [LOG] [Fast Refresh] done in 111ms @ http://localhost:3000/_next/static/chunks/0mm6_next_dist_0.5x6h2._.js:2477
[ 9866115ms] [LOG] [HMR] connected @ http://localhost:3000/_next/static/chunks/0mm6_next_dist_0.5x6h2._.js:2477
[41426126ms] [LOG] [HMR] connected @ http://localhost:3000/_next/static/chunks/0mm6_next_dist_0.5x6h2._.js:2477
[41426328ms] [LOG] [Fast Refresh] rebuilding @ http://localhost:3000/_next/static/chunks/0mm6_next_dist_0.5x6h2._.js:2477
[41426347ms] [LOG] [Fast Refresh] done in 131ms @ http://localhost:3000/_next/static/chunks/0mm6_next_dist_0.5x6h2._.js:2477
[46266022ms] [LOG] [Fast Refresh] rebuilding @ http://localhost:3000/_next/static/chunks/0mm6_next_dist_0.5x6h2._.js:2477
[46266657ms] [LOG] [Fast Refresh] done in 738ms @ http://localhost:3000/_next/static/chunks/0mm6_next_dist_0.5x6h2._.js:2477
[46284668ms] [LOG] [HMR] connected @ http://localhost:3000/_next/static/chunks/0mm6_next_dist_0.5x6h2._.js:2477
[46284817ms] [LOG] [Fast Refresh] rebuilding @ http://localhost:3000/_next/static/chunks/0mm6_next_dist_0.5x6h2._.js:2477
[46284915ms] [LOG] [Fast Refresh] done in 207ms @ http://localhost:3000/_next/static/chunks/0mm6_next_dist_0.5x6h2._.js:2477
[51243913ms] [LOG] [Fast Refresh] rebuilding @ http://localhost:3000/_next/static/chunks/0mm6_next_dist_0.5x6h2._.js:2477
[51244047ms] [LOG] [Fast Refresh] done in 235ms @ http://localhost:3000/_next/static/chunks/0mm6_next_dist_0.5x6h2._.js:2477
[51338893ms] [LOG] [Fast Refresh] rebuilding @ http://localhost:3000/_next/static/chunks/0mm6_next_dist_0.5x6h2._.js:2477
[51339256ms] [LOG] [Fast Refresh] done in 471ms @ http://localhost:3000/_next/static/chunks/0mm6_next_dist_0.5x6h2._.js:2477
[51611194ms] [LOG] [Fast Refresh] rebuilding @ http://localhost:3000/_next/static/chunks/0mm6_next_dist_0.5x6h2._.js:2477
[51611207ms] [LOG] [Fast Refresh] done in 119ms @ http://localhost:3000/_next/static/chunks/0mm6_next_dist_0.5x6h2._.js:2477
[51611941ms] [LOG] [Fast Refresh] rebuilding @ http://localhost:3000/_next/static/chunks/0mm6_next_dist_0.5x6h2._.js:2477
[51613098ms] [LOG] [Fast Refresh] done in 1259ms @ http://localhost:3000/_next/static/chunks/0mm6_next_dist_0.5x6h2._.js:2477
[51623985ms] [ERROR] WebSocket connection to 'ws://localhost:3000/_next/webpack-hmr?id=aLRQK_j_VBgFh4tjbDFPQ' failed: Error in connection establishment: net::ERR_CONNECTION_REFUSED @ http://localhost:3000/_next/static/chunks/0mm6_next_dist_client_0e2djiu._.js:13322
[51628600ms] [LOG] [HMR] connected @ http://localhost:3000/_next/static/chunks/0mm6_next_dist_0.5x6h2._.js:2477
[51633009ms] [INFO] %cDownload the React DevTools for a better development experience: https://react.dev/link/react-devtools font-weight:bold @ http://localhost:3000/_next/static/chunks/0mm6_next_dist_0.5x6h2._.js:2477
[51633425ms] [LOG] [HMR] connected @ http://localhost:3000/_next/static/chunks/0mm6_next_dist_0.5x6h2._.js:2477
[51633648ms] [ERROR] Encountered a script tag while rendering React component. Scripts inside React components are never executed when rendering on the client. Consider using template tag instead (https://developer.mozilla.org/en-US/docs/Web/HTML/Element/template). @ http://localhost:3000/_next/static/chunks/0mm6_next_dist_0.5x6h2._.js:3318
[51678188ms] [LOG] [Fast Refresh] rebuilding @ http://localhost:3000/_next/static/chunks/0mm6_next_dist_0.5x6h2._.js:2477
[51678248ms] [LOG] [Fast Refresh] done in 162ms @ http://localhost:3000/_next/static/chunks/0mm6_next_dist_0.5x6h2._.js:2477
[51697936ms] [LOG] [Fast Refresh] rebuilding @ http://localhost:3000/_next/static/chunks/0mm6_next_dist_0.5x6h2._.js:2477
[51697998ms] [LOG] [Fast Refresh] done in 164ms @ http://localhost:3000/_next/static/chunks/0mm6_next_dist_0.5x6h2._.js:2477
[51699314ms] [LOG] [Fast Refresh] rebuilding @ http://localhost:3000/_next/static/chunks/0mm6_next_dist_0.5x6h2._.js:2477
[51699322ms] [LOG] [Fast Refresh] done in 109ms @ http://localhost:3000/_next/static/chunks/0mm6_next_dist_0.5x6h2._.js:2477
[51699726ms] [LOG] [Fast Refresh] rebuilding @ http://localhost:3000/_next/static/chunks/0mm6_next_dist_0.5x6h2._.js:2477
[51699790ms] [LOG] [Fast Refresh] done in 165ms @ http://localhost:3000/_next/static/chunks/0mm6_next_dist_0.5x6h2._.js:2477
[51708083ms] [LOG] [Fast Refresh] rebuilding @ http://localhost:3000/_next/static/chunks/0mm6_next_dist_0.5x6h2._.js:2477
[51708119ms] [LOG] [Fast Refresh] done in 136ms @ http://localhost:3000/_next/static/chunks/0mm6_next_dist_0.5x6h2._.js:2477
[51802985ms] [LOG] [Fast Refresh] rebuilding @ http://localhost:3000/_next/static/chunks/0mm6_next_dist_0.5x6h2._.js:2477
[51802994ms] [LOG] [Fast Refresh] done in 113ms @ http://localhost:3000/_next/static/chunks/0mm6_next_dist_0.5x6h2._.js:2477
[51808770ms] [LOG] [Fast Refresh] rebuilding @ http://localhost:3000/_next/static/chunks/0mm6_next_dist_0.5x6h2._.js:2477
[51808802ms] [LOG] [Fast Refresh] done in 134ms @ http://localhost:3000/_next/static/chunks/0mm6_next_dist_0.5x6h2._.js:2477
[51809073ms] [LOG] [Fast Refresh] rebuilding @ http://localhost:3000/_next/static/chunks/0mm6_next_dist_0.5x6h2._.js:2477
[51809325ms] [LOG] [Fast Refresh] done in 353ms @ http://localhost:3000/_next/static/chunks/0mm6_next_dist_0.5x6h2._.js:2477
[51846585ms] [LOG] [Fast Refresh] rebuilding @ http://localhost:3000/_next/static/chunks/0mm6_next_dist_0.5x6h2._.js:2477
[51846625ms] [LOG] [Fast Refresh] done in 142ms @ http://localhost:3000/_next/static/chunks/0mm6_next_dist_0.5x6h2._.js:2477
[51855882ms] [LOG] [Fast Refresh] rebuilding @ http://localhost:3000/_next/static/chunks/0mm6_next_dist_0.5x6h2._.js:2477
[51856020ms] [LOG] [Fast Refresh] done in 240ms @ http://localhost:3000/_next/static/chunks/0mm6_next_dist_0.5x6h2._.js:2477
[51856186ms] [LOG] [Fast Refresh] rebuilding @ http://localhost:3000/_next/static/chunks/0mm6_next_dist_0.5x6h2._.js:2477
[51856231ms] [LOG] [Fast Refresh] done in 145ms @ http://localhost:3000/_next/static/chunks/0mm6_next_dist_0.5x6h2._.js:2477
[51859921ms] [LOG] [Fast Refresh] rebuilding @ http://localhost:3000/_next/static/chunks/0mm6_next_dist_0.5x6h2._.js:2477
[51860138ms] [LOG] [Fast Refresh] done in 318ms @ http://localhost:3000/_next/static/chunks/0mm6_next_dist_0.5x6h2._.js:2477
[51870113ms] [LOG] [Fast Refresh] rebuilding @ http://localhost:3000/_next/static/chunks/0mm6_next_dist_0.5x6h2._.js:2477
[51870147ms] [LOG] [Fast Refresh] done in 137ms @ http://localhost:3000/_next/static/chunks/0mm6_next_dist_0.5x6h2._.js:2477
[52324464ms] [LOG] [Fast Refresh] rebuilding @ http://localhost:3000/_next/static/chunks/0mm6_next_dist_0.5x6h2._.js:2477
[52326336ms] [LOG] [Fast Refresh] done in 1839ms @ http://localhost:3000/_next/static/chunks/0mm6_next_dist_0.5x6h2._.js:2477
[52366221ms] [LOG] [Fast Refresh] rebuilding @ http://localhost:3000/_next/static/chunks/0mm6_next_dist_0.5x6h2._.js:2477
[52367685ms] [LOG] [Fast Refresh] done in 1431ms @ http://localhost:3000/_next/static/chunks/0mm6_next_dist_0.5x6h2._.js:2477
[52379106ms] [LOG] [Fast Refresh] rebuilding @ http://localhost:3000/_next/static/chunks/0mm6_next_dist_0.5x6h2._.js:2477
[52379193ms] [LOG] [Fast Refresh] done in 194ms @ http://localhost:3000/_next/static/chunks/0mm6_next_dist_0.5x6h2._.js:2477
[52379294ms] [LOG] [Fast Refresh] rebuilding @ http://localhost:3000/_next/static/chunks/0mm6_next_dist_0.5x6h2._.js:2477
[52379382ms] [LOG] [Fast Refresh] done in 188ms @ http://localhost:3000/_next/static/chunks/0mm6_next_dist_0.5x6h2._.js:2477
[52382961ms] [LOG] [Fast Refresh] rebuilding @ http://localhost:3000/_next/static/chunks/0mm6_next_dist_0.5x6h2._.js:2477
[52383088ms] [LOG] [Fast Refresh] done in 228ms @ http://localhost:3000/_next/static/chunks/0mm6_next_dist_0.5x6h2._.js:2477
[52484855ms] [LOG] [Fast Refresh] rebuilding @ http://localhost:3000/_next/static/chunks/0mm6_next_dist_0.5x6h2._.js:2477
[52486403ms] [LOG] [Fast Refresh] done in 1651ms @ http://localhost:3000/_next/static/chunks/0mm6_next_dist_0.5x6h2._.js:2477
[52570353ms] [LOG] [Fast Refresh] rebuilding @ http://localhost:3000/_next/static/chunks/0mm6_next_dist_0.5x6h2._.js:2477
[52570372ms] [LOG] [Fast Refresh] done in 128ms @ http://localhost:3000/_next/static/chunks/0mm6_next_dist_0.5x6h2._.js:2477
[52590445ms] [LOG] [Fast Refresh] rebuilding @ http://localhost:3000/_next/static/chunks/0mm6_next_dist_0.5x6h2._.js:2477
[52591150ms] [LOG] [Fast Refresh] done in 778ms @ http://localhost:3000/_next/static/chunks/0mm6_next_dist_0.5x6h2._.js:2477
[52633123ms] [LOG] [Fast Refresh] rebuilding @ http://localhost:3000/_next/static/chunks/0mm6_next_dist_0.5x6h2._.js:2477
[52633252ms] [LOG] [Fast Refresh] done in 221ms @ http://localhost:3000/_next/static/chunks/0mm6_next_dist_0.5x6h2._.js:2477
[52658963ms] [LOG] [Fast Refresh] rebuilding @ http://localhost:3000/_next/static/chunks/0mm6_next_dist_0.5x6h2._.js:2477
[52659407ms] [LOG] [Fast Refresh] done in 510ms @ http://localhost:3000/_next/static/chunks/0mm6_next_dist_0.5x6h2._.js:2477
[52659515ms] [LOG] [Fast Refresh] rebuilding @ http://localhost:3000/_next/static/chunks/0mm6_next_dist_0.5x6h2._.js:2477
[52659594ms] [LOG] [Fast Refresh] done in 180ms @ http://localhost:3000/_next/static/chunks/0mm6_next_dist_0.5x6h2._.js:2477
[52659794ms] [LOG] [Fast Refresh] rebuilding @ http://localhost:3000/_next/static/chunks/0mm6_next_dist_0.5x6h2._.js:2477
[52659810ms] [LOG] [Fast Refresh] done in 116ms @ http://localhost:3000/_next/static/chunks/0mm6_next_dist_0.5x6h2._.js:2477
[52659949ms] [LOG] [Fast Refresh] rebuilding @ http://localhost:3000/_next/static/chunks/0mm6_next_dist_0.5x6h2._.js:2477
[52659953ms] [LOG] [Fast Refresh] done in 104ms @ http://localhost:3000/_next/static/chunks/0mm6_next_dist_0.5x6h2._.js:2477
[52680079ms] [LOG] [Fast Refresh] rebuilding @ http://localhost:3000/_next/static/chunks/0mm6_next_dist_0.5x6h2._.js:2477
[52680212ms] [LOG] [Fast Refresh] done in 214ms @ http://localhost:3000/_next/static/chunks/0mm6_next_dist_0.5x6h2._.js:2477
[53632958ms] [LOG] [HMR] connected @ http://localhost:3000/_next/static/chunks/0mm6_next_dist_0.5x6h2._.js:2477
[53633304ms] [LOG] [Fast Refresh] rebuilding @ http://localhost:3000/_next/static/chunks/0mm6_next_dist_0.5x6h2._.js:2477
[53633338ms] [LOG] [Fast Refresh] done in 137ms @ http://localhost:3000/_next/static/chunks/0mm6_next_dist_0.5x6h2._.js:2477
[54852319ms] [LOG] [HMR] connected @ http://localhost:3000/_next/static/chunks/0mm6_next_dist_0.5x6h2._.js:2477
[54852590ms] [LOG] [Fast Refresh] rebuilding @ http://localhost:3000/_next/static/chunks/0mm6_next_dist_0.5x6h2._.js:2477
[54852671ms] [LOG] [Fast Refresh] done in 182ms @ http://localhost:3000/_next/static/chunks/0mm6_next_dist_0.5x6h2._.js:2477
[55069287ms] [LOG] [HMR] connected @ http://localhost:3000/_next/static/chunks/0mm6_next_dist_0.5x6h2._.js:2477
[55069463ms] [LOG] [Fast Refresh] rebuilding @ http://localhost:3000/_next/static/chunks/0mm6_next_dist_0.5x6h2._.js:2477
[55069496ms] [LOG] [Fast Refresh] done in 136ms @ http://localhost:3000/_next/static/chunks/0mm6_next_dist_0.5x6h2._.js:2477
[55523210ms] [ERROR] WebSocket connection to 'ws://localhost:3000/_next/webpack-hmr?id=hYGD8BOl_rdoNjWj2xXIj' failed: Error in connection establishment: net::ERR_CONNECTION_REFUSED @ http://localhost:3000/_next/static/chunks/0mm6_next_dist_client_0e2djiu._.js:13322
[55524214ms] [ERROR] WebSocket connection to 'ws://localhost:3000/_next/webpack-hmr?id=hYGD8BOl_rdoNjWj2xXIj' failed: Error in connection establishment: net::ERR_CONNECTION_REFUSED @ http://localhost:3000/_next/static/chunks/0mm6_next_dist_client_0e2djiu._.js:13322
[55525218ms] [ERROR] WebSocket connection to 'ws://localhost:3000/_next/webpack-hmr?id=hYGD8BOl_rdoNjWj2xXIj' failed: Error in connection establishment: net::ERR_CONNECTION_REFUSED @ http://localhost:3000/_next/static/chunks/0mm6_next_dist_client_0e2djiu._.js:13322
[55526226ms] [ERROR] WebSocket connection to 'ws://localhost:3000/_next/webpack-hmr?id=hYGD8BOl_rdoNjWj2xXIj' failed: Error in connection establishment: net::ERR_CONNECTION_REFUSED @ http://localhost:3000/_next/static/chunks/0mm6_next_dist_client_0e2djiu._.js:13322
[55527236ms] [ERROR] WebSocket connection to 'ws://localhost:3000/_next/webpack-hmr?id=hYGD8BOl_rdoNjWj2xXIj' failed: Error in connection establishment: net::ERR_CONNECTION_REFUSED @ http://localhost:3000/_next/static/chunks/0mm6_next_dist_client_0e2djiu._.js:13322
[55532251ms] [ERROR] WebSocket connection to 'ws://localhost:3000/_next/webpack-hmr?id=hYGD8BOl_rdoNjWj2xXIj' failed: Error in connection establishment: net::ERR_CONNECTION_REFUSED @ http://localhost:3000/_next/static/chunks/0mm6_next_dist_client_0e2djiu._.js:13322
[55537264ms] [ERROR] WebSocket connection to 'ws://localhost:3000/_next/webpack-hmr?id=hYGD8BOl_rdoNjWj2xXIj' failed: Error in connection establishment: net::ERR_CONNECTION_REFUSED @ http://localhost:3000/_next/static/chunks/0mm6_next_dist_client_0e2djiu._.js:13322
[55542283ms] [ERROR] WebSocket connection to 'ws://localhost:3000/_next/webpack-hmr?id=hYGD8BOl_rdoNjWj2xXIj' failed: Error in connection establishment: net::ERR_CONNECTION_REFUSED @ http://localhost:3000/_next/static/chunks/0mm6_next_dist_client_0e2djiu._.js:13322
[55547335ms] [ERROR] WebSocket connection to 'ws://localhost:3000/_next/webpack-hmr?id=hYGD8BOl_rdoNjWj2xXIj' failed: Error in connection establishment: net::ERR_CONNECTION_REFUSED @ http://localhost:3000/_next/static/chunks/0mm6_next_dist_client_0e2djiu._.js:13322
[55552399ms] [ERROR] WebSocket connection to 'ws://localhost:3000/_next/webpack-hmr?id=hYGD8BOl_rdoNjWj2xXIj' failed: Error in connection establishment: net::ERR_CONNECTION_REFUSED @ http://localhost:3000/_next/static/chunks/0mm6_next_dist_client_0e2djiu._.js:13322
[55557478ms] [ERROR] WebSocket connection to 'ws://localhost:3000/_next/webpack-hmr?id=hYGD8BOl_rdoNjWj2xXIj' failed: Error in connection establishment: net::ERR_CONNECTION_REFUSED @ http://localhost:3000/_next/static/chunks/0mm6_next_dist_client_0e2djiu._.js:13322
[55562653ms] [ERROR] WebSocket connection to 'ws://localhost:3000/_next/webpack-hmr?id=hYGD8BOl_rdoNjWj2xXIj' failed: Error in connection establishment: net::ERR_CONNECTION_REFUSED @ http://localhost:3000/_next/static/chunks/0mm6_next_dist_client_0e2djiu._.js:13322
